language,prompt_name,prompt_type,is_reasoning,combined_prompt_type,is_preamble,input_text,bleu_1gram,bleu_2gram,bleu_3gram,bleu_4gram,avg_bleu
Spanish,preamble4,Zero-Shot,False,Zero-Shot,True,large stone birdbath with birds on it,0.7272727272727273,0.38138503569823695,0.11989469854294778,0.06704226838163331,0.32389868247388637
Spanish,preamble1,Zero-Shot,False,Zero-Shot,True,large stone birdbath with birds on it,0.6363636363636364,0.35675303400633784,0.24528028241536293,0.11530568323789493,0.338425659005808
French,preamble5,Zero-Shot,False,Zero-Shot,True,large stone birdbath with birds on it,0.7,0.6236095644623235,0.5825088500130399,0.537284965911771,0.6108508450967836
Spanish,preamble3,Zero-Shot,False,Zero-Shot,True,large stone birdbath with birds on it,0.21428571428571425,0.17708440083028656,0.13569667903614568,0.08812300886896203,0.15379745075527715
French,preamble4,Zero-Shot,False,Zero-Shot,True,large stone birdbath with birds on it,0.7,0.6236095644623235,0.5825088500130399,0.537284965911771,0.6108508450967836
French,preamble1,Zero-Shot,False,Zero-Shot,True,large stone birdbath with birds on it,0.7,0.557773351022717,0.43050908928275344,0.32466791547509893,0.5032375889451424
French,preamble3,Zero-Shot,False,Zero-Shot,True,large stone birdbath with birds on it,0.5,0.4767312946227961,0.45325271466910305,0.4172261448611506,0.4618025385382625
Spanish,preamble2,Zero-Shot,False,Zero-Shot,True,large stone birdbath with birds on it,0.13559322033898305,0.0683785659951358,0.020970485741385398,0.011001306734513518,0.05898589470250444
Spanish,preamble5,Zero-Shot,False,Zero-Shot,True,large stone birdbath with birds on it,0.1076923076923077,0.05801193511153214,0.018202836630990957,0.009634420923548383,0.04838537508959479
French,karthik_2_generate_knowledge,Zero-Shot,True,Zero-Shot Reasoning,False,large stone birdbath with birds on it,0.46153846153846156,0.3922322702763681,0.3071983684320824,0.22997519112894443,0.34773607284396413
French,preamble2,Zero-Shot,False,Zero-Shot,True,large stone birdbath with birds on it,0.6363636363636364,0.504524979109513,0.38756311218730594,0.28997844147152074,0.454607542282994
Spanish,karthik_2_generate_knowledge,Zero-Shot,True,Zero-Shot Reasoning,False,large stone birdbath with birds on it,0.391304347826087,0.3772167680771589,0.36567901563048016,0.3453786557868503,0.3698946968301441
Hindi,preamble4,Zero-Shot,False,Zero-Shot,True,large stone birdbath with birds on it,0.3333333333333333,0.30151134457776363,0.26648962915429364,0.21200626759025185,0.2783351436639106
Spanish,karthik_3_self_consistency,Zero-Shot,True,Zero-Shot Reasoning,False,large stone birdbath with birds on it,0.11428571428571427,0.09968895725584537,0.08571541084929643,0.06463237196781131,0.09108061358966683
French,karthik_5_chain_of_thought,Zero-Shot,True,Zero-Shot Reasoning,False,large stone birdbath with birds on it,0.5,0.30151134457776363,0.21200222253455905,0.10025157431478134,0.27844128535677604
Hindi,preamble1,Zero-Shot,False,Zero-Shot,True,large stone birdbath with birds on it,0.3333333333333333,0.30151134457776363,0.26648962915429364,0.21200626759025185,0.2783351436639106
Hindi,preamble5,Zero-Shot,False,Zero-Shot,True,large stone birdbath with birds on it,0.14814814814814814,0.13074409009212268,0.11346404441771861,0.08688218206838484,0.11980961618159357
French,karthik_3_self_consistency,Zero-Shot,True,Zero-Shot Reasoning,False,large stone birdbath with birds on it,0.5454545454545454,0.40451991747794525,0.2664896291542936,0.12278260149096115,0.33481167339443635
Spanish,karthik_5_chain_of_thought,Zero-Shot,True,Zero-Shot Reasoning,False,large stone birdbath with birds on it,0.8181818181818182,0.7567874686642695,0.6853033716639876,0.587728372510532,0.7120002577551519
Hindi,preamble2,Zero-Shot,False,Zero-Shot,True,large stone birdbath with birds on it,0.3333333333333333,0.30151134457776363,0.26648962915429364,0.21200626759025185,0.2783351436639106
Hindi,karthik_2_generate_knowledge,Zero-Shot,True,Zero-Shot Reasoning,False,large stone birdbath with birds on it,0.19047619047619047,0.1690308509457033,0.14716643028401583,0.11369306152454814,0.15509163330761444
Hindi,preamble3,Zero-Shot,False,Zero-Shot,True,large stone birdbath with birds on it,0.14814814814814814,0.13074409009212268,0.11346404441771861,0.08688218206838484,0.11980961618159357
French,karthik_4_meta_prompt,Zero-Shot,True,Zero-Shot Reasoning,False,large stone birdbath with birds on it,0.3333333333333333,0.28867513459481287,0.2633669641490074,0.23253775401768095,0.2794782965237086
Spanish,karthik_4_meta_prompt,Zero-Shot,True,Zero-Shot Reasoning,False,large stone birdbath with birds on it,0.3043478260869566,0.2037203384166269,0.12812395299555493,0.056066684111954215,0.17306470040277316
Spanish,karthik_1_tree_of_thoughts,Zero-Shot,True,Zero-Shot Reasoning,False,large stone birdbath with birds on it,0.5454545454545454,0.33028912953790823,0.10903607180699514,0.06238986072117501,0.26179240188015596
French,karthik_1_tree_of_thoughts,Zero-Shot,True,Zero-Shot Reasoning,False,large stone birdbath with birds on it,0.5833333333333334,0.46056618647183833,0.40292365707340405,0.3448444257953326,0.4479169006684771
Chinese,karthik_2_generate_knowledge,Zero-Shot,True,Zero-Shot Reasoning,False,large stone birdbath with birds on it,0.4,0.21081851067789192,0.08428689847931439,0.05307712171072445,0.18704563271698268
Chinese,preamble4,Zero-Shot,False,Zero-Shot,True,large stone birdbath with birds on it,0.05263157894736841,0.043163233677515025,0.038052508273113385,0.03079353511079755,0.04116021400219859
Chinese,karthik_5_chain_of_thought,Zero-Shot,True,Zero-Shot Reasoning,False,large stone birdbath with birds on it,0.75,0.5669467095138409,0.3806693978654565,0.18092176081223305,0.4696344670478826
Chinese,preamble2,Zero-Shot,False,Zero-Shot,True,large stone birdbath with birds on it,0.17647058823529413,0.14625448482542613,0.1287426926641105,0.10665089166351972,0.13952966434708763
Hindi,karthik_5_chain_of_thought,Zero-Shot,True,Zero-Shot Reasoning,False,large stone birdbath with birds on it,0.2727272727272727,0.2335496832484569,0.18545147779376364,0.09329460218997072,0.19625575898986602
Spanish,preamble5,Zero-Shot,False,Zero-Shot,True,an old brass kettle on a stove,0.5555555555555556,0.5270462766947299,0.49543631365378615,0.44632361378533286,0.5060904399223511
Hindi,karthik_1_tree_of_thoughts,Zero-Shot,True,Zero-Shot Reasoning,False,large stone birdbath with birds on it,0.4,0.36514837167011077,0.3254992452916931,0.2626909894424158,0.33833465160105497
Chinese,karthik_4_meta_prompt,Zero-Shot,True,Zero-Shot Reasoning,False,large stone birdbath with birds on it,0.7777777777777778,0.6972166887783963,0.6552698332604686,0.6104735835807844,0.6851844708493567
Spanish,preamble4,Zero-Shot,False,Zero-Shot,True,an old brass kettle on a stove,0.7777777777777778,0.7637626158259734,0.7490836021568807,0.7259795291154771,0.7541508812190274
Spanish,preamble1,Zero-Shot,False,Zero-Shot,True,an old brass kettle on a stove,0.7777777777777778,0.7637626158259734,0.7490836021568807,0.7259795291154771,0.7541508812190274
Chinese,preamble3,Zero-Shot,False,Zero-Shot,True,large stone birdbath with birds on it,0.06666666666666667,0.050636968354183326,0.04346727448233666,0.034786626297783826,0.048889383950242615
Spanish,preamble3,Zero-Shot,False,Zero-Shot,True,an old brass kettle on a stove,0.7777777777777778,0.7637626158259734,0.7490836021568807,0.7259795291154771,0.7541508812190274
Chinese,karthik_3_self_consistency,Zero-Shot,True,Zero-Shot Reasoning,False,large stone birdbath with birds on it,0.12727272727272726,0.10855649121315493,0.09844679603557177,0.0846356642331394,0.10472791968864834
Chinese,preamble5,Zero-Shot,False,Zero-Shot,True,large stone birdbath with birds on it,0.060150375939849614,0.04773283284129394,0.042461920012900056,0.035595922644522424,0.04648526285964151
Spanish,preamble2,Zero-Shot,False,Zero-Shot,True,an old brass kettle on a stove,0.5555555555555556,0.5270462766947299,0.49543631365378615,0.44632361378533286,0.5060904399223511
Chinese,preamble1,Zero-Shot,False,Zero-Shot,True,large stone birdbath with birds on it,0.05594405594405595,0.04438311756502357,0.03950037704048756,0.033080146696561494,0.04322692431153215
French,preamble5,Zero-Shot,False,Zero-Shot,True,an old brass kettle on a stove,0.7777777777777778,0.7637626158259734,0.7490836021568807,0.7259795291154771,0.7541508812190274
Spanish,karthik_2_generate_knowledge,Zero-Shot,True,Zero-Shot Reasoning,False,an old brass kettle on a stove,0.47058823529411764,0.45374260648651504,0.43870653902859363,0.4141238765665521,0.44429031434394456
French,preamble4,Zero-Shot,False,Zero-Shot,True,an old brass kettle on a stove,0.7777777777777778,0.7637626158259734,0.7490836021568807,0.7259795291154771,0.7541508812190274
French,preamble1,Zero-Shot,False,Zero-Shot,True,an old brass kettle on a stove,0.7777777777777778,0.7637626158259734,0.7490836021568807,0.7259795291154771,0.7541508812190274
Chinese,karthik_1_tree_of_thoughts,Zero-Shot,True,Zero-Shot Reasoning,False,large stone birdbath with birds on it,0.4,0.2981423969999719,0.22651656746142707,0.1122444464861146,0.25922585273687837
Spanish,karthik_5_chain_of_thought,Zero-Shot,True,Zero-Shot Reasoning,False,an old brass kettle on a stove,0.5555555555555556,0.5270462766947299,0.49543631365378615,0.44632361378533286,0.5060904399223511
French,preamble3,Zero-Shot,False,Zero-Shot,True,an old brass kettle on a stove,0.7777777777777778,0.7637626158259734,0.7490836021568807,0.7259795291154771,0.7541508812190274
French,preamble2,Zero-Shot,False,Zero-Shot,True,an old brass kettle on a stove,0.7777777777777778,0.7637626158259734,0.7490836021568807,0.7259795291154771,0.7541508812190274
Hindi,karthik_3_self_consistency,Zero-Shot,True,Zero-Shot Reasoning,False,large stone birdbath with birds on it,0.06976744186046512,0.0572989854588205,0.04412703117806066,0.017518286331838672,0.04717793620729623
Spanish,karthik_4_meta_prompt,Zero-Shot,True,Zero-Shot Reasoning,False,an old brass kettle on a stove,0.5555555555555556,0.5270462766947299,0.49543631365378615,0.44632361378533286,0.5060904399223511
Hindi,karthik_4_meta_prompt,Zero-Shot,True,Zero-Shot Reasoning,False,large stone birdbath with birds on it,0.19047619047619047,0.1690308509457033,0.14716643028401583,0.11369306152454814,0.15509163330761444
French,karthik_2_generate_knowledge,Zero-Shot,True,Zero-Shot Reasoning,False,an old brass kettle on a stove,0.7777777777777778,0.7637626158259734,0.7490836021568807,0.7259795291154771,0.7541508812190274
Hindi,preamble5,Zero-Shot,False,Zero-Shot,True,an old brass kettle on a stove,0.25,0.059761430466719695,0.04033183084278514,0.03303164318013808,0.09578122612241072
Hindi,preamble4,Zero-Shot,False,Zero-Shot,True,an old brass kettle on a stove,0.25,0.059761430466719695,0.04033183084278514,0.03303164318013808,0.09578122612241072
Spanish,karthik_1_tree_of_thoughts,Zero-Shot,True,Zero-Shot Reasoning,False,an old brass kettle on a stove,0.5555555555555556,0.45643546458763845,0.3135508904498039,0.14923729480049117,0.3686948013483723
Spanish,karthik_3_self_consistency,Zero-Shot,True,Zero-Shot Reasoning,False,an old brass kettle on a stove,0.12000000000000001,0.08571428571428572,0.05508146853279432,0.02388866231285941,0.07117110413998487
Hindi,preamble3,Zero-Shot,False,Zero-Shot,True,an old brass kettle on a stove,0.25,0.059761430466719695,0.04033183084278514,0.03303164318013808,0.09578122612241072
Hindi,preamble1,Zero-Shot,False,Zero-Shot,True,an old brass kettle on a stove,0.25,0.059761430466719695,0.04033183084278514,0.03303164318013808,0.09578122612241072
French,karthik_3_self_consistency,Zero-Shot,True,Zero-Shot Reasoning,False,an old brass kettle on a stove,0.375,0.32732683535398854,0.2649097550589377,0.1374708101760565,0.2761768501472457
French,karthik_5_chain_of_thought,Zero-Shot,True,Zero-Shot Reasoning,False,an old brass kettle on a stove,0.5555555555555556,0.5270462766947299,0.49543631365378615,0.44632361378533286,0.5060904399223511
Hindi,preamble2,Zero-Shot,False,Zero-Shot,True,an old brass kettle on a stove,0.25,0.059761430466719695,0.04033183084278514,0.03303164318013808,0.09578122612241072
Hindi,karthik_2_generate_knowledge,Zero-Shot,True,Zero-Shot Reasoning,False,an old brass kettle on a stove,0.25,0.059761430466719695,0.04033183084278514,0.03303164318013808,0.09578122612241072
Chinese,preamble1,Zero-Shot,False,Zero-Shot,True,an old brass kettle on a stove,0.6666666666666666,0.408248290463863,0.13624724651304662,0.07936880926086218,0.3226327532261096
Chinese,preamble4,Zero-Shot,False,Zero-Shot,True,an old brass kettle on a stove,0.05208333333333335,0.0331133089266261,0.011017156322011072,0.0059511183870866145,0.025541229242264287
Chinese,preamble2,Zero-Shot,False,Zero-Shot,True,an old brass kettle on a stove,0.6666666666666666,0.408248290463863,0.13624724651304662,0.07936880926086218,0.3226327532261096
Chinese,karthik_2_generate_knowledge,Zero-Shot,True,Zero-Shot Reasoning,False,an old brass kettle on a stove,0.7777777777777778,0.5400617248673217,0.16388163579287182,0.09128709291752769,0.3932520578388748
Chinese,preamble5,Zero-Shot,False,Zero-Shot,True,an old brass kettle on a stove,0.051094890510948905,0.047478272357693,0.045095852023976646,0.03973244683255728,0.045850365431293956
French,karthik_1_tree_of_thoughts,Zero-Shot,True,Zero-Shot Reasoning,False,an old brass kettle on a stove,0.875,0.8660254037844386,0.8563285146644029,0.8408964152537145,0.859562583425639
Chinese,preamble3,Zero-Shot,False,Zero-Shot,True,an old brass kettle on a stove,0.0546875,0.0508297296601392,0.04825869453655249,0.0425594747383652,0.049083849733764215
French,karthik_4_meta_prompt,Zero-Shot,True,Zero-Shot Reasoning,False,an old brass kettle on a stove,0.875,0.8660254037844386,0.8563285146644029,0.8408964152537145,0.859562583425639
Chinese,karthik_4_meta_prompt,Zero-Shot,True,Zero-Shot Reasoning,False,an old brass kettle on a stove,0.6666666666666666,0.408248290463863,0.13624724651304662,0.07936880926086218,0.3226327532261096
Chinese,karthik_5_chain_of_thought,Zero-Shot,True,Zero-Shot Reasoning,False,an old brass kettle on a stove,0.7777777777777778,0.5400617248673217,0.16388163579287182,0.09128709291752769,0.3932520578388748
Spanish,preamble5,Zero-Shot,False,Zero-Shot,True,led switch light with touch button on off,0.5841005873035536,0.44153854132913556,0.37266125589818955,0.2979714705451885,0.4240679637690168
Spanish,preamble4,Zero-Shot,False,Zero-Shot,True,led switch light with touch button on off,0.5841005873035536,0.44153854132913556,0.37266125589818955,0.2979714705451885,0.4240679637690168
Spanish,preamble1,Zero-Shot,False,Zero-Shot,True,led switch light with touch button on off,0.48675048941962806,0.3291033976993491,0.24419367901504355,0.12164634345707652,0.2954234773977743
Hindi,karthik_5_chain_of_thought,Zero-Shot,True,Zero-Shot Reasoning,False,an old brass kettle on a stove,0.375,0.23145502494313785,0.098573017775554,0.06500593260343691,0.1925084938305322
Spanish,preamble3,Zero-Shot,False,Zero-Shot,True,led switch light with touch button on off,0.48675048941962806,0.4030676984898244,0.3509008595494185,0.2846946938149361,0.3813534353184518
Spanish,preamble2,Zero-Shot,False,Zero-Shot,True,led switch light with touch button on off,0.5841005873035536,0.44153854132913556,0.37266125589818955,0.2979714705451885,0.4240679637690168
Chinese,karthik_3_self_consistency,Zero-Shot,True,Zero-Shot Reasoning,False,an old brass kettle on a stove,0.875,0.7071067811865475,0.5536178537956702,0.24028114141347542,0.5940014440989233
Chinese,karthik_1_tree_of_thoughts,Zero-Shot,True,Zero-Shot Reasoning,False,an old brass kettle on a stove,0.17647058823529413,0.10341753799900383,0.03333747289278396,0.018120458368871713,0.0828365143739884
French,preamble4,Zero-Shot,False,Zero-Shot,True,led switch light with touch button on off,0.5367694950537757,0.36668337256566885,0.27515885593148404,0.1395873430390535,0.3295497666474955
French,preamble5,Zero-Shot,False,Zero-Shot,True,led switch light with touch button on off,0.5367694950537757,0.36668337256566885,0.27515885593148404,0.1395873430390535,0.3295497666474955
Spanish,karthik_2_generate_knowledge,Zero-Shot,True,Zero-Shot Reasoning,False,led switch light with touch button on off,0.2777777777777778,0.22140372138502384,0.18612398784440445,0.14216645907653844,0.20686798652093613
French,preamble1,Zero-Shot,False,Zero-Shot,True,led switch light with touch button on off,0.5367694950537757,0.36668337256566885,0.27515885593148404,0.1395873430390535,0.3295497666474955
Hindi,karthik_3_self_consistency,Zero-Shot,True,Zero-Shot Reasoning,False,an old brass kettle on a stove,0.10810810810810814,0.07749842582921286,0.05719931750488941,0.026653834710917628,0.06736492153828201
Spanish,karthik_4_meta_prompt,Zero-Shot,True,Zero-Shot Reasoning,False,led switch light with touch button on off,0.5,0.3692744729379982,0.30464245599568107,0.23462350320528,0.3521351080347398
French,preamble2,Zero-Shot,False,Zero-Shot,True,led switch light with touch button on off,0.6,0.5163977794943222,0.4091569047284194,0.17567205239427922,0.42530668415425515
French,karthik_2_generate_knowledge,Zero-Shot,True,Zero-Shot Reasoning,False,led switch light with touch button on off,0.5515605641153721,0.37292300600205397,0.27670768962459374,0.13784336590962212,0.33475865641291047
Spanish,karthik_5_chain_of_thought,Zero-Shot,True,Zero-Shot Reasoning,False,led switch light with touch button on off,0.45454545454545453,0.3692744729379982,0.3154208515212155,0.24808415001701817,0.3468312322554216
French,preamble3,Zero-Shot,False,Zero-Shot,True,led switch light with touch button on off,0.17647058823529413,0.10341753799900383,0.07127425320458042,0.03222323801783205,0.0958464043641776
Hindi,karthik_2_generate_knowledge,Zero-Shot,True,Zero-Shot Reasoning,False,led switch light with touch button on off,0.35294117647058826,0.2572478777137633,0.07811277612061639,0.04213287322556837,0.18260867588263408
Hindi,karthik_1_tree_of_thoughts,Zero-Shot,True,Zero-Shot Reasoning,False,an old brass kettle on a stove,0.08163265306122448,0.058321184351980436,0.04301828454099887,0.019915868267432465,0.050721997555409064
French,karthik_5_chain_of_thought,Zero-Shot,True,Zero-Shot Reasoning,False,led switch light with touch button on off,0.4294155960430205,0.3279715789102868,0.11956475843702466,0.07423667937500511,0.23779715319133424
French,karthik_1_tree_of_thoughts,Zero-Shot,True,Zero-Shot Reasoning,False,led switch light with touch button on off,0.6618726769384466,0.09134710780499013,0.05114593717701001,0.03836398229803295,0.21068242605461993
French,karthik_3_self_consistency,Zero-Shot,True,Zero-Shot Reasoning,False,led switch light with touch button on off,0.1475409836065574,0.11088319064318593,0.07666022791353476,0.029115238680368492,0.09104991021091165
Spanish,karthik_1_tree_of_thoughts,Zero-Shot,True,Zero-Shot Reasoning,False,led switch light with touch button on off,0.49713295378576094,0.4084363993014518,0.35268987699007587,0.2824099048856541,0.38516728374073567
Hindi,preamble2,Zero-Shot,False,Zero-Shot,True,led switch light with touch button on off,0.75,0.5669467095138409,0.17805245459431193,0.10173978273092252,0.3991847367097688
Hindi,preamble4,Zero-Shot,False,Zero-Shot,True,led switch light with touch button on off,0.175,0.13397282541141672,0.07989184412662093,0.03361336783650557,0.1056195093436358
Spanish,karthik_3_self_consistency,Zero-Shot,True,Zero-Shot Reasoning,False,led switch light with touch button on off,0.18181818181818182,0.11605177063713189,0.06511171460495416,0.026439673158567743,0.09735533505470892
French,karthik_4_meta_prompt,Zero-Shot,True,Zero-Shot Reasoning,False,led switch light with touch button on off,0.3333333333333333,0.26726124191242434,0.17954629261351382,0.08225964699966554,0.21560012871473427
Hindi,karthik_5_chain_of_thought,Zero-Shot,True,Zero-Shot Reasoning,False,led switch light with touch button on off,0.75,0.5669467095138409,0.17805245459431193,0.10173978273092252,0.3991847367097688
Hindi,karthik_4_meta_prompt,Zero-Shot,True,Zero-Shot Reasoning,False,an old brass kettle on a stove,0.2857142857142857,0.06900655593423542,0.047098549390932394,0.039281465090051315,0.11027521403237621
Hindi,preamble5,Zero-Shot,False,Zero-Shot,True,led switch light with touch button on off,0.11111111111111109,0.08466675133346034,0.05048143199433135,0.021037114792227918,0.06682410230778267
Chinese,preamble1,Zero-Shot,False,Zero-Shot,True,led switch light with touch button on off,0.25,0.2008048322256247,0.1418145626114353,0.055177848898164926,0.16194931093380624
Chinese,karthik_2_generate_knowledge,Zero-Shot,True,Zero-Shot Reasoning,False,led switch light with touch button on off,0.4166666666666667,0.27524094128159016,0.09337069741532533,0.053863663688318665,0.20978549226297522
Hindi,karthik_3_self_consistency,Zero-Shot,True,Zero-Shot Reasoning,False,led switch light with touch button on off,0.6666666666666666,0.5,0.3329951051503863,0.1561969968460128,0.4139646921657664
Chinese,preamble2,Zero-Shot,False,Zero-Shot,True,led switch light with touch button on off,0.17777777777777776,0.12712834523274566,0.07408928262566798,0.030756843336383892,0.10243806224314383
Chinese,karthik_5_chain_of_thought,Zero-Shot,True,Zero-Shot Reasoning,False,led switch light with touch button on off,0.5,0.3779644730092272,0.29129144784395894,0.1477219991186121,0.32924447999294953
Chinese,preamble3,Zero-Shot,False,Zero-Shot,True,led switch light with touch button on off,0.1346153846153846,0.07265696587939381,0.022792023752680208,0.012115660853829877,0.06054500877532213
Chinese,preamble4,Zero-Shot,False,Zero-Shot,True,led switch light with touch button on off,0.05384615384615384,0.03538694866694593,0.02222578795350833,0.009368458458375457,0.030206837231245887
Hindi,karthik_1_tree_of_thoughts,Zero-Shot,True,Zero-Shot Reasoning,False,led switch light with touch button on off,0.5,0.2357022603955158,0.09072779948417338,0.056122223243057295,0.22063807078068662
Spanish,preamble5,Zero-Shot,False,Zero-Shot,True,the giants team on fire trucks,0.10000000000000002,0.03333333333333335,0.024950558772614845,0.021105340631872645,0.04484730818445521
Hindi,preamble3,Zero-Shot,False,Zero-Shot,True,led switch light with touch button on off,0.09459459459459461,0.0719948988278896,0.04294369554439907,0.01784444937840728,0.05684440958632264
Spanish,preamble4,Zero-Shot,False,Zero-Shot,True,the giants team on fire trucks,0.11111111111111109,0.03726779962499649,0.028067124621919234,0.023980296761827107,0.050106583029963486
Spanish,preamble1,Zero-Shot,False,Zero-Shot,True,the giants team on fire trucks,0.10000000000000002,0.03333333333333335,0.024950558772614845,0.021105340631872645,0.04484730818445521
Spanish,preamble3,Zero-Shot,False,Zero-Shot,True,the giants team on fire trucks,0.10000000000000002,0.03333333333333335,0.024950558772614845,0.021105340631872645,0.04484730818445521
Chinese,karthik_4_meta_prompt,Zero-Shot,True,Zero-Shot Reasoning,False,led switch light with touch button on off,0.32928698165641584,0.21255383267970096,0.09551760232306326,0.06900940978236146,0.1765919566103854
Chinese,karthik_3_self_consistency,Zero-Shot,True,Zero-Shot Reasoning,False,led switch light with touch button on off,0.10714285714285714,0.08827348295047495,0.05402042947134718,0.02284271514102002,0.06806987117642482
Hindi,preamble1,Zero-Shot,False,Zero-Shot,True,led switch light with touch button on off,0.0576923076923077,0.04733368746076422,0.03648499285433739,0.025681020762106106,0.04179800219237886
Chinese,preamble5,Zero-Shot,False,Zero-Shot,True,led switch light with touch button on off,0.023255813953488372,0.015249857033260468,0.009637933324451444,0.004019398101151681,0.013040750603087993
French,preamble5,Zero-Shot,False,Zero-Shot,True,the giants team on fire trucks,0.75,0.6546536707079771,0.5261597794341889,0.23119742295813953,0.5405027182750763
Chinese,karthik_1_tree_of_thoughts,Zero-Shot,True,Zero-Shot Reasoning,False,led switch light with touch button on off,0.5,0.08451542547285168,0.0506976507883329,0.039281465090051315,0.168623635337809
French,preamble4,Zero-Shot,False,Zero-Shot,True,the giants team on fire trucks,0.875,0.7905694150420949,0.6812405754951913,0.5,0.7117024976343216
French,preamble3,Zero-Shot,False,Zero-Shot,True,the giants team on fire trucks,0.875,0.8660254037844386,0.8563285146644029,0.8408964152537145,0.859562583425639
Spanish,karthik_5_chain_of_thought,Zero-Shot,True,Zero-Shot Reasoning,False,the giants team on fire trucks,0.11111111111111109,0.03726779962499649,0.028067124621919234,0.023980296761827107,0.050106583029963486
French,preamble2,Zero-Shot,False,Zero-Shot,True,the giants team on fire trucks,0.75,0.6546536707079771,0.5261597794341889,0.23119742295813953,0.5405027182750763
Spanish,preamble2,Zero-Shot,False,Zero-Shot,True,the giants team on fire trucks,0.012820512820512822,0.004080443192842739,0.0029675521269414604,0.002324796558859722,0.005548326174789186
Spanish,karthik_1_tree_of_thoughts,Zero-Shot,True,Zero-Shot Reasoning,False,the giants team on fire trucks,0.025641025641025644,0.00821440096816907,0.005971913710144566,0.004744188024111083,0.011142882085862591
Spanish,karthik_4_meta_prompt,Zero-Shot,True,Zero-Shot Reasoning,False,the giants team on fire trucks,0.11111111111111109,0.03726779962499649,0.028067124621919234,0.023980296761827107,0.050106583029963486
Spanish,karthik_3_self_consistency,Zero-Shot,True,Zero-Shot Reasoning,False,the giants team on fire trucks,0.011904761904761908,0.0037872267732792643,0.0027550754307639163,0.0021556881658758484,0.005150688068670234
French,preamble1,Zero-Shot,False,Zero-Shot,True,the giants team on fire trucks,0.12500000000000003,0.11677484162422844,0.11051486310868758,0.09880177230676102,0.11277286925991926
Spanish,karthik_2_generate_knowledge,Zero-Shot,True,Zero-Shot Reasoning,False,the giants team on fire trucks,0.05263157894736841,0.017099639201419235,0.012523428510015045,0.010182425646195498,0.023109268076249547
French,karthik_5_chain_of_thought,Zero-Shot,True,Zero-Shot Reasoning,False,the giants team on fire trucks,0.75,0.6546536707079771,0.5261597794341889,0.23119742295813953,0.5405027182750763
French,karthik_2_generate_knowledge,Zero-Shot,True,Zero-Shot Reasoning,False,the giants team on fire trucks,0.625,0.5976143046671968,0.566367013455331,0.5169731539571706,0.5764886180199247
Hindi,karthik_4_meta_prompt,Zero-Shot,True,Zero-Shot Reasoning,False,led switch light with touch button on off,0.35294117647058826,0.21004201260420147,0.06833008443475308,0.03807134866446317,0.1673461555435015
Hindi,preamble4,Zero-Shot,False,Zero-Shot,True,the giants team on fire trucks,0.2,0.04714045207910317,0.03136318607896979,0.025098621243978974,0.075900564850513
French,karthik_4_meta_prompt,Zero-Shot,True,Zero-Shot Reasoning,False,the giants team on fire trucks,0.875,0.8660254037844386,0.8563285146644029,0.8408964152537145,0.859562583425639
French,karthik_1_tree_of_thoughts,Zero-Shot,True,Zero-Shot Reasoning,False,the giants team on fire trucks,0.625,0.5976143046671968,0.566367013455331,0.5169731539571706,0.5764886180199247
Hindi,preamble1,Zero-Shot,False,Zero-Shot,True,the giants team on fire trucks,0.06818181818181818,0.03981989049014241,0.016232812588182325,0.009795841373797659,0.033507590658485145
French,karthik_3_self_consistency,Zero-Shot,True,Zero-Shot Reasoning,False,the giants team on fire trucks,0.15217391304347827,0.14244246232238394,0.11389710426193057,0.04235159460939835,0.11271626855929778
Chinese,karthik_5_chain_of_thought,Zero-Shot,True,Zero-Shot Reasoning,False,the giants team on fire trucks,0.5,0.12909944487358058,0.09635409769034631,0.09554427922043669,0.2052494554460909
Hindi,preamble2,Zero-Shot,False,Zero-Shot,True,the giants team on fire trucks,0.05128205128205127,0.011616917255955381,0.007506775405141993,0.005641822153183602,0.019011891524083065
Chinese,preamble4,Zero-Shot,False,Zero-Shot,True,the giants team on fire trucks,0.04109589041095891,0.00755497356519374,0.004557414096573953,0.00327361330660438,0.014120472844832746
Hindi,preamble3,Zero-Shot,False,Zero-Shot,True,the giants team on fire trucks,0.04838709677419353,0.008906352197498763,0.0053704663326301335,0.0038690034505641548,0.016633229688721645
Chinese,karthik_2_generate_knowledge,Zero-Shot,True,Zero-Shot Reasoning,False,the giants team on fire trucks,0.5,0.12909944487358058,0.09635409769034631,0.09554427922043669,0.2052494554460909
Chinese,karthik_4_meta_prompt,Zero-Shot,True,Zero-Shot Reasoning,False,the giants team on fire trucks,0.7165313105737893,0.16022127184500068,0.12470827561623474,0.10714642219733597,0.27715182005809014
Chinese,preamble5,Zero-Shot,False,Zero-Shot,True,the giants team on fire trucks,0.03448275862068965,0.0173161795717912,0.006739066973218541,0.003905981812403642,0.015610996744525757
Chinese,karthik_3_self_consistency,Zero-Shot,True,Zero-Shot Reasoning,False,the giants team on fire trucks,0.12121212121212123,0.1066003581778052,0.09236581312023687,0.07030983742621925,0.09762203248409564
Chinese,karthik_1_tree_of_thoughts,Zero-Shot,True,Zero-Shot Reasoning,False,the giants team on fire trucks,1.0,1.0,1.0,1.0,1.0
Chinese,preamble1,Zero-Shot,False,Zero-Shot,True,the giants team on fire trucks,0.028368794326241134,0.024655683636076894,0.02141954625976997,0.015866917063381232,0.02257773532136731
Chinese,preamble2,Zero-Shot,False,Zero-Shot,True,the giants team on fire trucks,0.07017543859649124,0.03539961627023943,0.013741032231742412,0.008059538325581596,0.03184390635601367
Hindi,karthik_5_chain_of_thought,Zero-Shot,True,Zero-Shot Reasoning,False,the giants team on fire trucks,0.0,0.0,0.0,0.0,0.0
Spanish,preamble4,Zero-Shot,False,Zero-Shot,True,lawn lawn die set and die set hedgehogs from lawn fawn,0.5714285714285714,0.36313651960128146,0.22569209116099667,0.09997501561329078,0.3150580494510351
Spanish,preamble1,Zero-Shot,False,Zero-Shot,True,lawn lawn die set and die set hedgehogs from lawn fawn,0.6923076923076923,0.48038446141526137,0.3511793901098903,0.2545093860020286,0.4445952324587181
Hindi,karthik_2_generate_knowledge,Zero-Shot,True,Zero-Shot Reasoning,False,the giants team on fire trucks,0.008264462809917354,0.0026243194054073895,0.0019125840045741455,0.0014881650601031944,0.003572382820000521
Hindi,karthik_1_tree_of_thoughts,Zero-Shot,True,Zero-Shot Reasoning,False,the giants team on fire trucks,0.3333333333333333,0.25819888974716115,0.12111838948674812,0.08633400213704504,0.1997461536760719
Chinese,preamble3,Zero-Shot,False,Zero-Shot,True,the giants team on fire trucks,0.021978021978021976,0.011019325559678168,0.004301128153710525,0.0024776851796670216,0.009944040217769423
Spanish,preamble3,Zero-Shot,False,Zero-Shot,True,lawn lawn die set and die set hedgehogs from lawn fawn,0.2040816326530612,0.14580296087995107,0.09899958911948813,0.06659271909516515,0.1288692254369164
Spanish,karthik_2_generate_knowledge,Zero-Shot,True,Zero-Shot Reasoning,False,lawn lawn die set and die set hedgehogs from lawn fawn,0.6063657586001313,0.44969288215569075,0.3376891789310134,0.24997758323995953,0.4109313507316988
Hindi,karthik_3_self_consistency,Zero-Shot,True,Zero-Shot Reasoning,False,the giants team on fire trucks,0.07692307692307693,0.044992127066584765,0.018346935658154574,0.011103047724581823,0.03784129684309952
French,preamble5,Zero-Shot,False,Zero-Shot,True,lawn lawn die set and die set hedgehogs from lawn fawn,0.3888888888888889,0.2138963159732493,0.1447353403637567,0.06607677554655543,0.20339933019311257
French,preamble4,Zero-Shot,False,Zero-Shot,True,lawn lawn die set and die set hedgehogs from lawn fawn,0.375,0.05000000000000001,0.0271080295938622,0.019251614434393566,0.11783991100706394
Spanish,preamble5,Zero-Shot,False,Zero-Shot,True,lawn lawn die set and die set hedgehogs from lawn fawn,0.07920792079207921,0.04874666782214325,0.037568507393002805,0.02645541924746324,0.04799462881367213
Spanish,karthik_5_chain_of_thought,Zero-Shot,True,Zero-Shot Reasoning,False,lawn lawn die set and die set hedgehogs from lawn fawn,0.5384615384615384,0.29957234475763905,0.095682287205018,0.05344445934790546,0.24679015744302524
French,preamble1,Zero-Shot,False,Zero-Shot,True,lawn lawn die set and die set hedgehogs from lawn fawn,0.2413793103448276,0.029361010975735173,0.01535956164782967,0.01052691762848815,0.07415670014922014
French,preamble2,Zero-Shot,False,Zero-Shot,True,lawn lawn die set and die set hedgehogs from lawn fawn,0.3499999999999999,0.1919429739874786,0.1296145445713074,0.05890548730960053,0.1826157514670966
Spanish,karthik_4_meta_prompt,Zero-Shot,True,Zero-Shot Reasoning,False,lawn lawn die set and die set hedgehogs from lawn fawn,0.42857142857142855,0.35856858280031806,0.30388466430098304,0.23418123261847468,0.3313014770728011
French,karthik_2_generate_knowledge,Zero-Shot,True,Zero-Shot Reasoning,False,lawn lawn die set and die set hedgehogs from lawn fawn,0.3561388764008908,0.2344393091820821,0.07928700783889951,0.04549497296421332,0.17884004159652145
Spanish,preamble2,Zero-Shot,False,Zero-Shot,True,lawn lawn die set and die set hedgehogs from lawn fawn,0.08130081300813007,0.057723483376526094,0.03931093711607406,0.026028078649585118,0.051090828037578834
Spanish,karthik_1_tree_of_thoughts,Zero-Shot,True,Zero-Shot Reasoning,False,lawn lawn die set and die set hedgehogs from lawn fawn,0.5185727544772025,0.357849197878016,0.29004420809005627,0.22382899458813588,0.34757378875835265
French,karthik_1_tree_of_thoughts,Zero-Shot,True,Zero-Shot Reasoning,False,lawn lawn die set and die set hedgehogs from lawn fawn,0.3460456303167608,0.2295407032205458,0.07816213905649122,0.04538107245336854,0.1747823862617916
French,preamble3,Zero-Shot,False,Zero-Shot,True,lawn lawn die set and die set hedgehogs from lawn fawn,0.14925373134328357,0.09510878344018356,0.05337823456736916,0.02159419310021986,0.07983373561276404
French,karthik_4_meta_prompt,Zero-Shot,True,Zero-Shot Reasoning,False,lawn lawn die set and die set hedgehogs from lawn fawn,0.3561388764008908,0.2344393091820821,0.07928700783889951,0.04549497296421332,0.17884004159652145
Spanish,karthik_3_self_consistency,Zero-Shot,True,Zero-Shot Reasoning,False,lawn lawn die set and die set hedgehogs from lawn fawn,0.16417910447761194,0.1221694443563052,0.09048652736945692,0.05727805740094205,0.10852828340107903
Hindi,preamble4,Zero-Shot,False,Zero-Shot,True,lawn lawn die set and die set hedgehogs from lawn fawn,0.6333861926251716,0.5046941987886602,0.38954073278761897,0.29377167835760565,0.4553482006397641
French,karthik_5_chain_of_thought,Zero-Shot,True,Zero-Shot Reasoning,False,lawn lawn die set and die set hedgehogs from lawn fawn,0.2849111011207126,0.14827243801836115,0.05859786943308251,0.0361808203044872,0.13199055721916086
Hindi,karthik_4_meta_prompt,Zero-Shot,True,Zero-Shot Reasoning,False,the giants team on fire trucks,0.049180327868852444,0.009053574604251853,0.0054590879608525985,0.003934051501215765,0.016906760483793165
Hindi,preamble3,Zero-Shot,False,Zero-Shot,True,lawn lawn die set and die set hedgehogs from lawn fawn,0.28,0.21602468994692872,0.16245831721943918,0.11653907453915101,0.19375552042637972
Hindi,preamble2,Zero-Shot,False,Zero-Shot,True,lawn lawn die set and die set hedgehogs from lawn fawn,0.2692307692307693,0.20754980866510833,0.15601664388927639,0.11177222547202245,0.1861423618142941
French,karthik_3_self_consistency,Zero-Shot,True,Zero-Shot Reasoning,False,lawn lawn die set and die set hedgehogs from lawn fawn,0.11688311688311687,0.05546053999849019,0.016682428993275683,0.00862817214077539,0.04941356450391453
Chinese,karthik_2_generate_knowledge,Zero-Shot,True,Zero-Shot Reasoning,False,lawn lawn die set and die set hedgehogs from lawn fawn,0.7272727272727273,0.5393598899705937,0.4050230849093875,0.2998221389342337,0.4928694602717355
Chinese,preamble1,Zero-Shot,False,Zero-Shot,True,lawn lawn die set and die set hedgehogs from lawn fawn,0.10526315789473682,0.06488856845230502,0.018585940388380098,0.009396052864221148,0.049533429899910775
Chinese,preamble4,Zero-Shot,False,Zero-Shot,True,lawn lawn die set and die set hedgehogs from lawn fawn,0.06194690265486725,0.03325950526188696,0.010459425597495993,0.005486292730321452,0.02778803156114291
Hindi,preamble5,Zero-Shot,False,Zero-Shot,True,lawn lawn die set and die set hedgehogs from lawn fawn,0.11111111111111109,0.09128709291752765,0.070000841808336,0.0533718279782816,0.08144271845381408
Chinese,preamble5,Zero-Shot,False,Zero-Shot,True,lawn lawn die set and die set hedgehogs from lawn fawn,0.05806451612903226,0.03883515482272131,0.010421742893038417,0.005046366234245152,0.028091945019759285
Chinese,karthik_5_chain_of_thought,Zero-Shot,True,Zero-Shot Reasoning,False,lawn lawn die set and die set hedgehogs from lawn fawn,0.7,0.4830458915396479,0.3114674328948206,0.14287202148494,0.4093463364798521
Hindi,karthik_5_chain_of_thought,Zero-Shot,True,Zero-Shot Reasoning,False,lawn lawn die set and die set hedgehogs from lawn fawn,0.5833333333333334,0.39886201760873286,0.2550016379036405,0.11530568323789493,0.3381256680209004
Chinese,karthik_4_meta_prompt,Zero-Shot,True,Zero-Shot Reasoning,False,lawn lawn die set and die set hedgehogs from lawn fawn,0.3684210526315789,0.14306584587982532,0.05088685306542423,0.029452743654800276,0.14795662380790722
Chinese,preamble3,Zero-Shot,False,Zero-Shot,True,lawn lawn die set and die set hedgehogs from lawn fawn,0.09459459459459461,0.05090808117204016,0.015979364985272974,0.008438119133455312,0.04248003997134077
Hindi,preamble5,Zero-Shot,False,Zero-Shot,True,the giants team on fire trucks,0.01415094339622642,0.002589712000330745,0.0015718590592798216,0.0011118196347379393,0.004856083522643732
Hindi,karthik_2_generate_knowledge,Zero-Shot,True,Zero-Shot Reasoning,False,lawn lawn die set and die set hedgehogs from lawn fawn,0.3125,0.20412414523193154,0.06859746052812911,0.03889818545474848,0.15602994780370227
Hindi,preamble1,Zero-Shot,False,Zero-Shot,True,lawn lawn die set and die set hedgehogs from lawn fawn,0.10000000000000002,0.07784989441615231,0.058691567356387364,0.03718860393009979,0.06843251642565987
Spanish,preamble4,Zero-Shot,False,Zero-Shot,True,"logitech usb gamepad, blue",0.4,0.316227766016838,0.1522474354853864,0.11362193664674995,0.2455242845372436
Chinese,karthik_1_tree_of_thoughts,Zero-Shot,True,Zero-Shot Reasoning,False,lawn lawn die set and die set hedgehogs from lawn fawn,0.5,0.18257418583505536,0.0637276250977716,0.036787632499277766,0.19577236085802618
Spanish,preamble1,Zero-Shot,False,Zero-Shot,True,"logitech usb gamepad, blue",0.4,0.316227766016838,0.1522474354853864,0.11362193664674995,0.2455242845372436
Chinese,preamble2,Zero-Shot,False,Zero-Shot,True,lawn lawn die set and die set hedgehogs from lawn fawn,0.10000000000000002,0.050315460542662754,0.015443002421899664,0.008057575695866986,0.04345400966510735
Chinese,karthik_3_self_consistency,Zero-Shot,True,Zero-Shot Reasoning,False,lawn lawn die set and die set hedgehogs from lawn fawn,0.045801526717557245,0.02654503480083995,0.00857697951788929,0.004545082068979517,0.0213671557763165
Spanish,preamble2,Zero-Shot,False,Zero-Shot,True,"logitech usb gamepad, blue",0.3333333333333333,0.25819888974716115,0.12111838948674812,0.08633400213704504,0.1997461536760719
Spanish,preamble3,Zero-Shot,False,Zero-Shot,True,"logitech usb gamepad, blue",0.05128205128205127,0.03673591791853224,0.016049201230601346,0.010032736170107857,0.02852497665032318
Spanish,karthik_2_generate_knowledge,Zero-Shot,True,Zero-Shot Reasoning,False,"logitech usb gamepad, blue",0.12500000000000003,0.09128709291752769,0.04033183084278514,0.026012784404037925,0.0706579270410877
French,preamble5,Zero-Shot,False,Zero-Shot,True,"logitech usb gamepad, blue",1.0,0.7071067811865476,0.46773514128719823,0.223606797749979,0.5996121800559312
Spanish,preamble5,Zero-Shot,False,Zero-Shot,True,"logitech usb gamepad, blue",0.03571428571428572,0.02548235957188128,0.011128284533491205,0.0069016417535906855,0.019806642893312226
French,preamble1,Zero-Shot,False,Zero-Shot,True,"logitech usb gamepad, blue",0.875,0.6123724356957945,0.40053493879481106,0.1880301546543197,0.5189843822862312
French,preamble4,Zero-Shot,False,Zero-Shot,True,"logitech usb gamepad, blue",1.0,0.7071067811865476,0.46773514128719823,0.223606797749979,0.5996121800559312
Spanish,karthik_4_meta_prompt,Zero-Shot,True,Zero-Shot Reasoning,False,"logitech usb gamepad, blue",0.2857142857142857,0.2182178902359924,0.1006949130683619,0.06985342056580097,0.16862012739611024
French,preamble3,Zero-Shot,False,Zero-Shot,True,"logitech usb gamepad, blue",0.875,0.6123724356957945,0.40053493879481106,0.1880301546543197,0.5189843822862312
French,preamble2,Zero-Shot,False,Zero-Shot,True,"logitech usb gamepad, blue",0.875,0.6123724356957945,0.40053493879481106,0.1880301546543197,0.5189843822862312
Spanish,karthik_5_chain_of_thought,Zero-Shot,True,Zero-Shot Reasoning,False,"logitech usb gamepad, blue",0.4,0.316227766016838,0.1522474354853864,0.11362193664674995,0.2455242845372436
French,karthik_2_generate_knowledge,Zero-Shot,True,Zero-Shot Reasoning,False,"logitech usb gamepad, blue",1.0,0.7071067811865476,0.46773514128719823,0.223606797749979,0.5996121800559312
Spanish,karthik_3_self_consistency,Zero-Shot,True,Zero-Shot Reasoning,False,"logitech usb gamepad, blue",0.13333333333333336,0.09759000729485329,0.043192289467872375,0.027952555963587523,0.07551704651491163
Hindi,karthik_3_self_consistency,Zero-Shot,True,Zero-Shot Reasoning,False,lawn lawn die set and die set hedgehogs from lawn fawn,0.10638297872340424,0.07562747506779043,0.051430228311418316,0.01922604677383367,0.06316668221911166
Hindi,preamble4,Zero-Shot,False,Zero-Shot,True,"logitech usb gamepad, blue",1.0,1.0,1.0,1.0,1.0
French,karthik_5_chain_of_thought,Zero-Shot,True,Zero-Shot Reasoning,False,"logitech usb gamepad, blue",1.0,0.7071067811865476,0.46773514128719823,0.223606797749979,0.5996121800559312
French,karthik_3_self_consistency,Zero-Shot,True,Zero-Shot Reasoning,False,"logitech usb gamepad, blue",0.7054014374088451,0.10928032077900922,0.06488553301529469,0.051675473202961675,0.23281069110152763
French,karthik_1_tree_of_thoughts,Zero-Shot,True,Zero-Shot Reasoning,False,"logitech usb gamepad, blue",1.0,0.7071067811865476,0.46773514128719823,0.223606797749979,0.5996121800559312
French,karthik_4_meta_prompt,Zero-Shot,True,Zero-Shot Reasoning,False,"logitech usb gamepad, blue",0.4375,0.2958039891549808,0.18734426618765018,0.08326915667169545,0.25097935300358165
Spanish,karthik_1_tree_of_thoughts,Zero-Shot,True,Zero-Shot Reasoning,False,"logitech usb gamepad, blue",0.03278688524590164,0.023376229110609225,0.010209629368442259,0.0063214575553372345,0.01817355032007259
Hindi,karthik_3_self_consistency,Zero-Shot,True,Zero-Shot Reasoning,False,"logitech usb gamepad, blue",1.0,1.0,1.0,1.0,1.0
Hindi,karthik_5_chain_of_thought,Zero-Shot,True,Zero-Shot Reasoning,False,"logitech usb gamepad, blue",1.0,1.0,1.0,1.0,1.0
Hindi,karthik_1_tree_of_thoughts,Zero-Shot,True,Zero-Shot Reasoning,False,lawn lawn die set and die set hedgehogs from lawn fawn,0.08695652173913045,0.053541558801294076,0.032812252065072794,0.01375426465035573,0.04676614931396326
Chinese,karthik_2_generate_knowledge,Zero-Shot,True,Zero-Shot Reasoning,False,"logitech usb gamepad, blue",0.4444444444444444,0.23570226039551587,0.0948151464331332,0.06030725360407769,0.2088172762192928
Chinese,preamble5,Zero-Shot,False,Zero-Shot,True,"logitech usb gamepad, blue",0.07246376811594202,0.03264419778098174,0.012204142652397568,0.007006454655254524,0.031079640801143962
Chinese,preamble1,Zero-Shot,False,Zero-Shot,True,"logitech usb gamepad, blue",0.21428571428571425,0.0890870806374748,0.03235463577999653,0.018693000799960027,0.08860510787578639
Hindi,karthik_1_tree_of_thoughts,Zero-Shot,True,Zero-Shot Reasoning,False,"logitech usb gamepad, blue",1.0,1.0,1.0,1.0,1.0
Hindi,karthik_2_generate_knowledge,Zero-Shot,True,Zero-Shot Reasoning,False,"logitech usb gamepad, blue",1.0,1.0,1.0,1.0,1.0
Chinese,preamble4,Zero-Shot,False,Zero-Shot,True,"logitech usb gamepad, blue",0.13953488372093023,0.057639041770423505,0.020885957201647213,0.011930191477839875,0.05749751854271021
Chinese,preamble2,Zero-Shot,False,Zero-Shot,True,"logitech usb gamepad, blue",0.625,0.2988071523335984,0.11667240223363196,0.07386099955930606,0.2785851385316341
Chinese,karthik_3_self_consistency,Zero-Shot,True,Zero-Shot Reasoning,False,"logitech usb gamepad, blue",0.7142857142857143,0.5976143046671969,0.5261597794341889,0.4347208719449914,0.5681951675830229
Chinese,preamble3,Zero-Shot,False,Zero-Shot,True,"logitech usb gamepad, blue",0.12500000000000003,0.05157106231293969,0.018684347105125305,0.01064658810471376,0.0514754993806947
Chinese,karthik_5_chain_of_thought,Zero-Shot,True,Zero-Shot Reasoning,False,"logitech usb gamepad, blue",0.4444444444444444,0.23570226039551587,0.0948151464331332,0.06030725360407769,0.2088172762192928
Chinese,karthik_4_meta_prompt,Zero-Shot,True,Zero-Shot Reasoning,False,"logitech usb gamepad, blue",0.16129032258064513,0.1270001270001905,0.10598863565964343,0.07939087147543496,0.1184174891789785
Hindi,karthik_4_meta_prompt,Zero-Shot,True,Zero-Shot Reasoning,False,lawn lawn die set and die set hedgehogs from lawn fawn,0.25,0.18057877962865382,0.11652001888986878,0.05154337627145953,0.14966054369749554
Spanish,preamble4,Zero-Shot,False,Zero-Shot,True,the pink flaming party bar set up,0.4,0.21081851067789192,0.08428689847931439,0.05307712171072445,0.18704563271698268
Hindi,preamble1,Zero-Shot,False,Zero-Shot,True,"logitech usb gamepad, blue",0.06578947368421054,0.059234887775909226,0.05376563046037122,0.04443119077043701,0.05580529567273199
Spanish,preamble1,Zero-Shot,False,Zero-Shot,True,the pink flaming party bar set up,0.45454545454545453,0.30151134457776363,0.10266924911941884,0.059609942732681,0.22958399774382948
Spanish,karthik_2_generate_knowledge,Zero-Shot,True,Zero-Shot Reasoning,False,the pink flaming party bar set up,0.16666666666666669,0.0990147542976674,0.04071949179024411,0.025281168697394947,0.08292052036299329
Hindi,preamble3,Zero-Shot,False,Zero-Shot,True,"logitech usb gamepad, blue",0.058139534883720936,0.052306578096594135,0.04749905986323015,0.039172079087296724,0.04927931298271048
Spanish,karthik_5_chain_of_thought,Zero-Shot,True,Zero-Shot Reasoning,False,the pink flaming party bar set up,0.16666666666666669,0.0990147542976674,0.04071949179024411,0.025281168697394947,0.08292052036299329
Chinese,karthik_1_tree_of_thoughts,Zero-Shot,True,Zero-Shot Reasoning,False,"logitech usb gamepad, blue",0.8333333333333334,0.7071067811865476,0.63287829698514,0.537284965911771,0.677650844354198
French,preamble4,Zero-Shot,False,Zero-Shot,True,the pink flaming party bar set up,0.2727272727272727,0.05222329678670937,0.03227679469808881,0.024808415001701823,0.09550894480344317
French,karthik_2_generate_knowledge,Zero-Shot,True,Zero-Shot Reasoning,False,the pink flaming party bar set up,0.30769230769230765,0.22645540682891918,0.17007050142090102,0.08263103182212594,0.19671231194106342
French,karthik_5_chain_of_thought,Zero-Shot,True,Zero-Shot Reasoning,False,the pink flaming party bar set up,0.5,0.08451542547285168,0.0506976507883329,0.039281465090051315,0.168623635337809
Spanish,karthik_1_tree_of_thoughts,Zero-Shot,True,Zero-Shot Reasoning,False,the pink flaming party bar set up,0.6666666666666666,0.408248290463863,0.13624724651304662,0.07936880926086218,0.3226327532261096
Hindi,preamble2,Zero-Shot,False,Zero-Shot,True,"logitech usb gamepad, blue",0.044642857142857144,0.04010924592599079,0.03646966684890657,0.029954030341925588,0.03779395006492002
French,preamble1,Zero-Shot,False,Zero-Shot,True,the pink flaming party bar set up,0.1875,0.03535533905932738,0.021565426544625413,0.01618861356572822,0.06515234479242026
Spanish,karthik_3_self_consistency,Zero-Shot,True,Zero-Shot Reasoning,False,the pink flaming party bar set up,0.14634146341463414,0.10476454436543674,0.08465059890092828,0.06203726059862019,0.09944846681990484
Spanish,karthik_4_meta_prompt,Zero-Shot,True,Zero-Shot Reasoning,False,the pink flaming party bar set up,0.13636363636363635,0.02548235957188128,0.015444656849369123,0.011433361115787456,0.047181003475168556
French,karthik_3_self_consistency,Zero-Shot,True,Zero-Shot Reasoning,False,the pink flaming party bar set up,0.0909090909090909,0.06502560887623553,0.0479693083167829,0.022260449359505,0.05654111436540358
French,karthik_4_meta_prompt,Zero-Shot,True,Zero-Shot Reasoning,False,the pink flaming party bar set up,0.16666666666666669,0.140028008402801,0.10943147363956583,0.053463162573637084,0.11739732782066765
Hindi,karthik_4_meta_prompt,Zero-Shot,True,Zero-Shot Reasoning,False,"logitech usb gamepad, blue",0.38461538461538464,0.35805743701971643,0.3306733605794187,0.2891784933232572,0.3406311688844442
Hindi,karthik_2_generate_knowledge,Zero-Shot,True,Zero-Shot Reasoning,False,the pink flaming party bar set up,0.21428571428571425,0.12838814775327384,0.053149189341188084,0.03342866121562732,0.10731292814895087
French,karthik_1_tree_of_thoughts,Zero-Shot,True,Zero-Shot Reasoning,False,the pink flaming party bar set up,0.5714285714285714,0.5345224838248488,0.4888069165703076,0.41113361690051975,0.5014728971810618
Spanish,preamble5,Zero-Shot,False,Zero-Shot,True,the pink flaming party bar set up,0.020771513353115723,0.01361836776757108,0.008615049003504795,0.0035881014241061714,0.011648257887074442
Hindi,preamble1,Zero-Shot,False,Zero-Shot,True,the pink flaming party bar set up,0.07407407407407407,0.05337605126836239,0.02337375291084609,0.014761667142304912,0.04139638634889687
Hindi,preamble5,Zero-Shot,False,Zero-Shot,True,"logitech usb gamepad, blue",0.025510204081632657,0.022875450543583885,0.020876582999066872,0.017016995385802446,0.021569808252521465
Spanish,preamble2,Zero-Shot,False,Zero-Shot,True,the pink flaming party bar set up,0.02025316455696203,0.012418208923603648,0.003596908361092172,0.0017787291677319168,0.009511752752347441
Hindi,karthik_5_chain_of_thought,Zero-Shot,True,Zero-Shot Reasoning,False,the pink flaming party bar set up,0.49123845184678916,0.3170930571698881,0.142495518205023,0.10294994188297393,0.2634442422761686
French,preamble5,Zero-Shot,False,Zero-Shot,True,the pink flaming party bar set up,0.016501650165016493,0.0023375462714559274,0.001304532187885454,0.0008819788496714594,0.0052564268685073336
Chinese,karthik_2_generate_knowledge,Zero-Shot,True,Zero-Shot Reasoning,False,the pink flaming party bar set up,0.3333333333333333,0.08164965809277261,0.05665132701906204,0.048549177170732344,0.1300458739039751
Hindi,karthik_3_self_consistency,Zero-Shot,True,Zero-Shot Reasoning,False,the pink flaming party bar set up,0.075,0.04385290096535146,0.017880938510411924,0.010814410080481555,0.03688706238906123
Spanish,preamble3,Zero-Shot,False,Zero-Shot,True,the pink flaming party bar set up,0.010893246187363835,0.00689701099343115,0.0023213672869618835,0.001229165036903331,0.00533519737616505
French,preamble2,Zero-Shot,False,Zero-Shot,True,the pink flaming party bar set up,0.016339869281045756,0.01035116823407561,0.003471720066686657,0.001846781989566191,0.008002384892843554
Chinese,karthik_5_chain_of_thought,Zero-Shot,True,Zero-Shot Reasoning,False,the pink flaming party bar set up,0.4,0.316227766016838,0.1522474354853864,0.11362193664674995,0.2455242845372436
Chinese,karthik_4_meta_prompt,Zero-Shot,True,Zero-Shot Reasoning,False,the pink flaming party bar set up,0.2,0.07071067811865477,0.05665132701906204,0.05372849659117709,0.09527262543222348
Chinese,karthik_3_self_consistency,Zero-Shot,True,Zero-Shot Reasoning,False,the pink flaming party bar set up,0.04301075268817205,0.021621937503220525,0.008405175416582379,0.004887945201591423,0.019481452702391596
Hindi,karthik_4_meta_prompt,Zero-Shot,True,Zero-Shot Reasoning,False,the pink flaming party bar set up,0.21052631578947367,0.15294382258037448,0.11369541118456825,0.05415315253510895,0.13282967552238134
Chinese,karthik_1_tree_of_thoughts,Zero-Shot,True,Zero-Shot Reasoning,False,the pink flaming party bar set up,0.6,0.5477225575051662,0.4677351412871982,0.26591479484724945,0.4703431234099035
Spanish,karthik_4_meta_prompt,Zero-Shot,True,Zero-Shot Reasoning,False,we r onyx heavyweight hoodie navy size large,0.3125,0.25,0.16765563463645106,0.07655122720591222,0.20167671546059082
Spanish,preamble5,Zero-Shot,False,Zero-Shot,True,we r onyx heavyweight hoodie navy size large,0.08888888888888888,0.06356417261637283,0.04688949901298348,0.021748372491049325,0.05527273325232363
Spanish,karthik_2_generate_knowledge,Zero-Shot,True,Zero-Shot Reasoning,False,we r onyx heavyweight hoodie navy size large,0.3333333333333333,0.26726124191242434,0.17954629261351382,0.08225964699966554,0.21560012871473427
Spanish,preamble4,Zero-Shot,False,Zero-Shot,True,we r onyx heavyweight hoodie navy size large,0.26666666666666666,0.1951800145897066,0.14591032411921354,0.07029695662739609,0.16951349050074574
French,preamble3,Zero-Shot,False,Zero-Shot,True,the pink flaming party bar set up,0.006944444444444444,0.0010989674556596456,0.0006406326434403393,0.00043774962953270995,0.0022804485432692846
Spanish,preamble1,Zero-Shot,False,Zero-Shot,True,we r onyx heavyweight hoodie navy size large,0.25,0.1825741858350554,0.13624724651304662,0.06541868941754436,0.1585600304414116
Spanish,preamble3,Zero-Shot,False,Zero-Shot,True,we r onyx heavyweight hoodie navy size large,0.2222222222222222,0.16169041669088866,0.12032947744440442,0.05744990696182412,0.14042300582983486
Spanish,preamble2,Zero-Shot,False,Zero-Shot,True,we r onyx heavyweight hoodie navy size large,0.23529411764705885,0.17149858514250885,0.1277914629322513,0.061175206929160446,0.14893984316274486
Chinese,preamble1,Zero-Shot,False,Zero-Shot,True,the pink flaming party bar set up,0.005882352941176469,0.0041655820208935926,0.001838414532628221,0.0011109670918464645,0.0032493291466361863
Spanish,karthik_3_self_consistency,Zero-Shot,True,Zero-Shot Reasoning,False,we r onyx heavyweight hoodie navy size large,0.05797101449275362,0.041292006950766694,0.030469608192282054,0.01401290931050905,0.035936384736577856
Spanish,karthik_5_chain_of_thought,Zero-Shot,True,Zero-Shot Reasoning,False,we r onyx heavyweight hoodie navy size large,0.3333333333333333,0.26726124191242434,0.17954629261351382,0.08225964699966554,0.21560012871473427
French,preamble5,Zero-Shot,False,Zero-Shot,True,we r onyx heavyweight hoodie navy size large,0.3571428571428572,0.165748386032949,0.06290812371521422,0.03798229226827674,0.1559454147898243
Hindi,karthik_1_tree_of_thoughts,Zero-Shot,True,Zero-Shot Reasoning,False,the pink flaming party bar set up,0.05454545454545455,0.03178208630818641,0.012954759318744777,0.007780748864767423,0.02676576225928829
French,preamble1,Zero-Shot,False,Zero-Shot,True,we r onyx heavyweight hoodie navy size large,0.4,0.3380617018914066,0.30129092468604046,0.2574866101628968,0.32420980918508596
French,preamble4,Zero-Shot,False,Zero-Shot,True,we r onyx heavyweight hoodie navy size large,0.4,0.2390457218668787,0.07801823798083979,0.043748114312246456,0.19020301853999122
Chinese,preamble4,Zero-Shot,False,Zero-Shot,True,the pink flaming party bar set up,0.0023640661938534287,0.0007484686093664673,0.0005507334794404645,0.0004218945826607074,0.001021290716330267
Chinese,preamble2,Zero-Shot,False,Zero-Shot,True,the pink flaming party bar set up,0.004282655246252676,0.0009586577757236991,0.0006275357917576827,0.00045429616035954685,0.001580786243523401
French,preamble3,Zero-Shot,False,Zero-Shot,True,we r onyx heavyweight hoodie navy size large,0.4444444444444444,0.28005601680560194,0.08087644342980282,0.042517688262127665,0.2119736482354942
Chinese,preamble5,Zero-Shot,False,Zero-Shot,True,the pink flaming party bar set up,0.0021231422505307855,0.0006721104029324008,0.000495021166729005,0.00037876133165899386,0.0009172587879627961
French,preamble2,Zero-Shot,False,Zero-Shot,True,we r onyx heavyweight hoodie navy size large,0.3333333333333333,0.15430334996209186,0.05844218274062023,0.03514847831369806,0.14530683608743586
French,karthik_2_generate_knowledge,Zero-Shot,True,Zero-Shot Reasoning,False,we r onyx heavyweight hoodie navy size large,0.4,0.2513123449750173,0.15484642967621126,0.06740258529346294,0.2183903399861729
Spanish,karthik_1_tree_of_thoughts,Zero-Shot,True,Zero-Shot Reasoning,False,we r onyx heavyweight hoodie navy size large,0.2857142857142857,0.20965696734438366,0.07346260534120841,0.04271802513581977,0.1528879708839244
Hindi,preamble5,Zero-Shot,False,Zero-Shot,True,we r onyx heavyweight hoodie navy size large,0.3032653298563167,0.051261196767942635,0.030749679578528265,0.023825412935547602,0.1022754047845838
French,karthik_3_self_consistency,Zero-Shot,True,Zero-Shot Reasoning,False,we r onyx heavyweight hoodie navy size large,0.1475409836065574,0.13119876048994655,0.12309555532661558,0.11083455409783212,0.1281674633802379
French,karthik_5_chain_of_thought,Zero-Shot,True,Zero-Shot Reasoning,False,we r onyx heavyweight hoodie navy size large,0.2273871594750492,0.13768976278037112,0.05753442363040514,0.03678208851801446,0.11484835860095997
Chinese,preamble3,Zero-Shot,False,Zero-Shot,True,the pink flaming party bar set up,0.0036563071297989035,0.0008183234815621449,0.0005364381585635893,0.00038767130496584015,0.0013496850187226196
Hindi,preamble4,Zero-Shot,False,Zero-Shot,True,we r onyx heavyweight hoodie navy size large,0.3032653298563167,0.051261196767942635,0.030749679578528265,0.023825412935547602,0.1022754047845838
Hindi,preamble1,Zero-Shot,False,Zero-Shot,True,we r onyx heavyweight hoodie navy size large,0.3032653298563167,0.051261196767942635,0.030749679578528265,0.023825412935547602,0.1022754047845838
Hindi,karthik_2_generate_knowledge,Zero-Shot,True,Zero-Shot Reasoning,False,we r onyx heavyweight hoodie navy size large,0.3333333333333333,0.15430334996209186,0.05844218274062023,0.03514847831369806,0.14530683608743586
French,karthik_4_meta_prompt,Zero-Shot,True,Zero-Shot Reasoning,False,we r onyx heavyweight hoodie navy size large,0.38461538461538464,0.3281650616569468,0.30334800867970607,0.27659333772326383,0.32318044816882535
Hindi,preamble3,Zero-Shot,False,Zero-Shot,True,we r onyx heavyweight hoodie navy size large,0.23076923076923078,0.1386750490563073,0.057551852907951895,0.036362270465000714,0.11583960079962267
French,karthik_1_tree_of_thoughts,Zero-Shot,True,Zero-Shot Reasoning,False,we r onyx heavyweight hoodie navy size large,0.3499999999999999,0.1919429739874786,0.060625277317936314,0.03312498979466406,0.1589233102750197
Hindi,preamble2,Zero-Shot,False,Zero-Shot,True,we r onyx heavyweight hoodie navy size large,0.22744899739223753,0.04439349862943108,0.027964741655073903,0.022172045047934612,0.08049482068116928
Chinese,preamble1,Zero-Shot,False,Zero-Shot,True,we r onyx heavyweight hoodie navy size large,0.13636363636363635,0.05631382918337083,0.020404862529451485,0.011649284259158212,0.056182903083904216
Chinese,preamble5,Zero-Shot,False,Zero-Shot,True,we r onyx heavyweight hoodie navy size large,0.05063291139240507,0.04015610914504731,0.032523327303256654,0.025150669568204984,0.03711575435222851
Hindi,karthik_5_chain_of_thought,Zero-Shot,True,Zero-Shot Reasoning,False,we r onyx heavyweight hoodie navy size large,0.07961459006375435,0.026703545307500107,0.02011097358938166,0.017182633466700372,0.03590293560683412
Chinese,karthik_2_generate_knowledge,Zero-Shot,True,Zero-Shot Reasoning,False,we r onyx heavyweight hoodie navy size large,0.10447761194029852,0.08896612052651147,0.07339675803619607,0.05812685242012996,0.081241835730784
Hindi,preamble5,Zero-Shot,False,Zero-Shot,True,the pink flaming party bar set up,0.01219512195121951,0.006106877346169692,0.002394853008001622,0.0013697280781269337,0.0055166450958794395
Chinese,preamble4,Zero-Shot,False,Zero-Shot,True,we r onyx heavyweight hoodie navy size large,0.03508771929824561,0.014366570530687177,0.005231791640729352,0.0029199644099198964,0.014401511469895508
Chinese,preamble2,Zero-Shot,False,Zero-Shot,True,we r onyx heavyweight hoodie navy size large,0.4844638824434651,0.4294313338852201,0.36306877915548214,0.30720591871309694,0.39604247854931607
Chinese,karthik_3_self_consistency,Zero-Shot,True,Zero-Shot Reasoning,False,we r onyx heavyweight hoodie navy size large,0.3187519004096849,0.30239460414052877,0.28425827971640344,0.2560797001652275,0.29037112110796115
Chinese,karthik_5_chain_of_thought,Zero-Shot,True,Zero-Shot Reasoning,False,we r onyx heavyweight hoodie navy size large,0.42736665168106897,0.18159590803171508,0.06698721791485852,0.040040659670902264,0.1789976093246362
Chinese,karthik_4_meta_prompt,Zero-Shot,True,Zero-Shot Reasoning,False,we r onyx heavyweight hoodie navy size large,0.5333333333333333,0.3380617018914066,0.0980699685985425,0.05202556880807583,0.25537264315783953
Chinese,karthik_1_tree_of_thoughts,Zero-Shot,True,Zero-Shot Reasoning,False,we r onyx heavyweight hoodie navy size large,0.26666666666666666,0.04364357804719848,0.025394877581751057,0.018693000799960027,0.08859953077389406
Chinese,preamble3,Zero-Shot,False,Zero-Shot,True,we r onyx heavyweight hoodie navy size large,0.028901734104046235,0.018332121416476728,0.006121131112824016,0.003279027844255217,0.01415850361940055
Hindi,karthik_3_self_consistency,Zero-Shot,True,Zero-Shot Reasoning,False,we r onyx heavyweight hoodie navy size large,0.0625,0.03149703941743561,0.012228375517280198,0.007156562786973337,0.02834549443042229
Spanish,karthik_5_chain_of_thought,Zero-Shot,True,Zero-Shot Reasoning,False,"the movie rogue one, with star wars characters",0.36363636363636365,0.26967994498529685,0.20392012162530065,0.10025157431478134,0.2343720011404356
Hindi,karthik_4_meta_prompt,Zero-Shot,True,Zero-Shot Reasoning,False,we r onyx heavyweight hoodie navy size large,0.16666666666666669,0.0990147542976674,0.04071949179024411,0.025281168697394947,0.08292052036299329
Spanish,karthik_2_generate_knowledge,Zero-Shot,True,Zero-Shot Reasoning,False,"the movie rogue one, with star wars characters",0.2727272727272727,0.2279211529192759,0.17625354381675143,0.12858902882463452,0.20137274957198364
Hindi,karthik_1_tree_of_thoughts,Zero-Shot,True,Zero-Shot Reasoning,False,we r onyx heavyweight hoodie navy size large,0.15384615384615385,0.11322770341445958,0.05034417113155098,0.03285702044797773,0.08756876221003554
Hindi,preamble4,Zero-Shot,False,Zero-Shot,True,the pink flaming party bar set up,0.009732360097323598,0.004872110800465109,0.0019143644975386455,0.0010921007627045078,0.004402734039507965
Hindi,preamble2,Zero-Shot,False,Zero-Shot,True,the pink flaming party bar set up,0.00797872340425532,0.004612656040144424,0.0019017791343173592,0.0011112977294364047,0.0039011140770383768
Spanish,karthik_4_meta_prompt,Zero-Shot,True,Zero-Shot Reasoning,False,"the movie rogue one, with star wars characters",0.38461538461538464,0.31008683647302115,0.2630627225467731,0.2044800736021839,0.29056125430934066
Spanish,karthik_3_self_consistency,Zero-Shot,True,Zero-Shot Reasoning,False,"the movie rogue one, with star wars characters",0.07058823529411766,0.0502096445253434,0.040603516243475676,0.029337836644475014,0.04768480817685294
Spanish,karthik_1_tree_of_thoughts,Zero-Shot,True,Zero-Shot Reasoning,False,"the movie rogue one, with star wars characters",0.3125,0.14433756729740646,0.05457178254306466,0.032709344708772174,0.1360296736373108
French,karthik_2_generate_knowledge,Zero-Shot,True,Zero-Shot Reasoning,False,"the movie rogue one, with star wars characters",0.7857142857142857,0.6953534953651154,0.5893672699909538,0.5202556880807584,0.6476726847877783
French,karthik_5_chain_of_thought,Zero-Shot,True,Zero-Shot Reasoning,False,"the movie rogue one, with star wars characters",1.0,1.0,1.0,1.0,1.0
Spanish,preamble4,Zero-Shot,False,Zero-Shot,True,"the movie rogue one, with star wars characters",0.026431718061674013,0.010814550600818908,0.003946620467633713,0.002194808353174834,0.010846924370825368
Spanish,preamble5,Zero-Shot,False,Zero-Shot,True,"the movie rogue one, with star wars characters",0.021097046413502105,0.009454854016006379,0.003560244233750205,0.0020079665968936334,0.00903002781503808
French,karthik_3_self_consistency,Zero-Shot,True,Zero-Shot Reasoning,False,"the movie rogue one, with star wars characters",0.75,0.5838742081211423,0.4712167789711148,0.3264971028628052,0.5328970224887656
Spanish,preamble1,Zero-Shot,False,Zero-Shot,True,"the movie rogue one, with star wars characters",0.02334630350194553,0.009549685756844287,0.0034884663157168073,0.0019370956513815806,0.009580387806472052
French,karthik_1_tree_of_thoughts,Zero-Shot,True,Zero-Shot Reasoning,False,"the movie rogue one, with star wars characters",0.9166666666666666,0.9128709291752768,0.9094319693204537,0.9036020036098448,0.9106428921930605
French,karthik_4_meta_prompt,Zero-Shot,True,Zero-Shot Reasoning,False,"the movie rogue one, with star wars characters",0.44,0.35823642100341124,0.25931751719652274,0.19750816408512,0.31376552557126347
Spanish,preamble3,Zero-Shot,False,Zero-Shot,True,"the movie rogue one, with star wars characters",0.019354838709677424,0.007914355215551078,0.0028955596697178877,0.0016042996778290104,0.00794226331819385
Hindi,preamble3,Zero-Shot,False,Zero-Shot,True,the pink flaming party bar set up,0.00610997963340122,0.0035311961416232217,0.001459340017618589,0.0008502149756845904,0.0029876826920819054
Hindi,karthik_5_chain_of_thought,Zero-Shot,True,Zero-Shot Reasoning,False,"the movie rogue one, with star wars characters",0.2727272727272727,0.05222329678670937,0.03227679469808881,0.024808415001701823,0.09550894480344317
French,preamble1,Zero-Shot,False,Zero-Shot,True,"the movie rogue one, with star wars characters",0.03459119496855346,0.02089215056999064,0.005448690503985222,0.002573310336401699,0.015876336594732754
French,preamble4,Zero-Shot,False,Zero-Shot,True,"the movie rogue one, with star wars characters",0.03215434083601286,0.020368964638996314,0.011540728164617008,0.004569378965370367,0.017158353151249136
Spanish,preamble2,Zero-Shot,False,Zero-Shot,True,"the movie rogue one, with star wars characters",0.014018691588785043,0.008103167215171235,0.0026424513540985956,0.0013799958113778464,0.0065360764923581794
Hindi,karthik_2_generate_knowledge,Zero-Shot,True,Zero-Shot Reasoning,False,"the movie rogue one, with star wars characters",0.16666666666666669,0.03892494720807617,0.025677367760996977,0.020255986027125642,0.06288124191571637
Hindi,karthik_1_tree_of_thoughts,Zero-Shot,True,Zero-Shot Reasoning,False,"the movie rogue one, with star wars characters",0.18181818181818182,0.042640143271122095,0.028234511901075607,0.022416933501922302,0.06877744262307546
French,preamble3,Zero-Shot,False,Zero-Shot,True,"the movie rogue one, with star wars characters",0.028169014084507043,0.01784079438976042,0.004733340109405773,0.0022497162839165193,0.013248216216897438
French,preamble5,Zero-Shot,False,Zero-Shot,True,"the movie rogue one, with star wars characters",0.02469135802469135,0.013540741061706451,0.003776881340601108,0.0018341651685968602,0.01096078639889894
Chinese,karthik_2_generate_knowledge,Zero-Shot,True,Zero-Shot Reasoning,False,"the movie rogue one, with star wars characters",0.4090909090909091,0.24174688920761406,0.14577340279953283,0.06262309791219224,0.21480857475256204
Hindi,karthik_3_self_consistency,Zero-Shot,True,Zero-Shot Reasoning,False,"the movie rogue one, with star wars characters",0.06097560975609755,0.03880168309830989,0.027581741048616326,0.012423558593884993,0.034945648124227194
Chinese,karthik_5_chain_of_thought,Zero-Shot,True,Zero-Shot Reasoning,False,"the movie rogue one, with star wars characters",0.7,0.557773351022717,0.4921442785738848,0.42728700639623407,0.544301158998209
French,preamble2,Zero-Shot,False,Zero-Shot,True,"the movie rogue one, with star wars characters",0.02941176470588235,0.019855970903176864,0.010674043642421577,0.004111178670578801,0.016013239480514897
Chinese,karthik_4_meta_prompt,Zero-Shot,True,Zero-Shot Reasoning,False,"the movie rogue one, with star wars characters",0.4117647058823529,0.22687130324325758,0.07189594524903527,0.039567167294524315,0.18752478041729254
Chinese,karthik_3_self_consistency,Zero-Shot,True,Zero-Shot Reasoning,False,"the movie rogue one, with star wars characters",0.09523809523809525,0.039193090083481014,0.014202324397667849,0.008048862002869047,0.0391705929305283
Hindi,karthik_4_meta_prompt,Zero-Shot,True,Zero-Shot Reasoning,False,"the movie rogue one, with star wars characters",0.46153846153846156,0.2773500981126146,0.1944191802499099,0.09144626892372869,0.25618850220617867
Hindi,preamble1,Zero-Shot,False,Zero-Shot,True,"the movie rogue one, with star wars characters",0.02941176470588235,0.004667600280093367,0.002689411331021749,0.001869854090646045,0.009659657601910877
Chinese,karthik_1_tree_of_thoughts,Zero-Shot,True,Zero-Shot Reasoning,False,"the movie rogue one, with star wars characters",0.3333333333333333,0.22360679774997894,0.06586753533850769,0.03477250470582592,0.16439504278191144
Spanish,karthik_2_generate_knowledge,Zero-Shot,True,Zero-Shot Reasoning,False,a girl and her cat are looking at a clear air shelters ad,0.7333333333333333,0.6866065623255951,0.6647305464149239,0.6413865258981679,0.681514241993005
Spanish,preamble5,Zero-Shot,False,Zero-Shot,True,a girl and her cat are looking at a clear air shelters ad,0.7333333333333333,0.7237468644557459,0.7155268590282667,0.7012055133086459,0.718453142531498
Spanish,preamble4,Zero-Shot,False,Zero-Shot,True,a girl and her cat are looking at a clear air shelters ad,0.7333333333333333,0.7237468644557459,0.7155268590282667,0.7012055133086459,0.718453142531498
Spanish,karthik_5_chain_of_thought,Zero-Shot,True,Zero-Shot Reasoning,False,a girl and her cat are looking at a clear air shelters ad,0.7142857142857143,0.6629935441317959,0.6065355199364347,0.5316967153331754,0.6288778734217801
Spanish,preamble1,Zero-Shot,False,Zero-Shot,True,a girl and her cat are looking at a clear air shelters ad,0.8,0.7928249671720919,0.7867843699874804,0.7760114635728617,0.7889052001831085
Spanish,preamble3,Zero-Shot,False,Zero-Shot,True,a girl and her cat are looking at a clear air shelters ad,0.7333333333333333,0.7237468644557459,0.7155268590282667,0.7012055133086459,0.718453142531498
Spanish,preamble2,Zero-Shot,False,Zero-Shot,True,a girl and her cat are looking at a clear air shelters ad,0.7333333333333333,0.7237468644557459,0.7155268590282667,0.7012055133086459,0.718453142531498
Spanish,karthik_4_meta_prompt,Zero-Shot,True,Zero-Shot Reasoning,False,a girl and her cat are looking at a clear air shelters ad,0.8,0.7928249671720919,0.7867843699874804,0.7760114635728617,0.7889052001831085
Spanish,karthik_3_self_consistency,Zero-Shot,True,Zero-Shot Reasoning,False,a girl and her cat are looking at a clear air shelters ad,0.1791044776119403,0.1647332451644634,0.15234700316626681,0.13302326513305301,0.1573019977689309
Hindi,preamble2,Zero-Shot,False,Zero-Shot,True,"the movie rogue one, with star wars characters",0.028368794326241134,0.01423496558434325,0.005546517072420029,0.0032059351937979872,0.0128390530442006
Chinese,preamble3,Zero-Shot,False,Zero-Shot,True,"the movie rogue one, with star wars characters",0.03345724907063196,0.027368647932278542,0.02114893508216424,0.01586047755020118,0.02445882740881898
French,preamble5,Zero-Shot,False,Zero-Shot,True,a girl and her cat are looking at a clear air shelters ad,0.5714285714285714,0.5135525910130955,0.48252113480269265,0.44710186192584195,0.5036510397925503
Chinese,preamble5,Zero-Shot,False,Zero-Shot,True,"the movie rogue one, with star wars characters",0.02702702702702703,0.020175072231931657,0.01610959940353147,0.01222812524617002,0.018884955977165045
French,preamble4,Zero-Shot,False,Zero-Shot,True,a girl and her cat are looking at a clear air shelters ad,0.8,0.7559289460184545,0.7363701338146165,0.7166258375282707,0.7522312293403354
French,preamble3,Zero-Shot,False,Zero-Shot,True,a girl and her cat are looking at a clear air shelters ad,0.5714285714285714,0.5135525910130955,0.48252113480269265,0.44710186192584195,0.5036510397925503
Hindi,preamble5,Zero-Shot,False,Zero-Shot,True,"the movie rogue one, with star wars characters",0.018433179723502304,0.009237899924561557,0.003610552425087244,0.002075265031751249,0.008339224276225589
French,preamble2,Zero-Shot,False,Zero-Shot,True,a girl and her cat are looking at a clear air shelters ad,0.8,0.7559289460184545,0.7363701338146165,0.7166258375282707,0.7522312293403354
Chinese,preamble1,Zero-Shot,False,Zero-Shot,True,"the movie rogue one, with star wars characters",0.025641025641025644,0.017118419700436524,0.014203770462405273,0.01096903645544898,0.016983063064829107
Chinese,preamble4,Zero-Shot,False,Zero-Shot,True,"the movie rogue one, with star wars characters",0.024456521739130432,0.018253633037335952,0.014587867300047233,0.01106035286758184,0.017089593736023864
French,karthik_2_generate_knowledge,Zero-Shot,True,Zero-Shot Reasoning,False,a girl and her cat are looking at a clear air shelters ad,0.7333333333333333,0.6473388749701496,0.5814809896495694,0.5038920485259633,0.6165113116197539
French,karthik_5_chain_of_thought,Zero-Shot,True,Zero-Shot Reasoning,False,a girl and her cat are looking at a clear air shelters ad,0.8,0.7559289460184545,0.7363701338146165,0.7166258375282707,0.7522312293403354
Chinese,preamble2,Zero-Shot,False,Zero-Shot,True,"the movie rogue one, with star wars characters",0.027108433734939763,0.022167353203875594,0.018868671873273162,0.015265982937416054,0.020852610437376146
French,karthik_4_meta_prompt,Zero-Shot,True,Zero-Shot Reasoning,False,a girl and her cat are looking at a clear air shelters ad,0.8,0.7559289460184545,0.7363701338146165,0.7166258375282707,0.7522312293403354
Hindi,preamble5,Zero-Shot,False,Zero-Shot,True,a girl and her cat are looking at a clear air shelters ad,0.5,0.316227766016838,0.19578424841096842,0.08609583710384033,0.2745269628829117
Hindi,preamble1,Zero-Shot,False,Zero-Shot,True,a girl and her cat are looking at a clear air shelters ad,0.5,0.316227766016838,0.19578424841096842,0.08609583710384033,0.2745269628829117
Hindi,preamble4,Zero-Shot,False,Zero-Shot,True,a girl and her cat are looking at a clear air shelters ad,0.5,0.316227766016838,0.19578424841096842,0.08609583710384033,0.2745269628829117
French,karthik_3_self_consistency,Zero-Shot,True,Zero-Shot Reasoning,False,a girl and her cat are looking at a clear air shelters ad,0.11881188118811879,0.10900086292691394,0.10496491822041254,0.09690200755878563,0.10741991747355772
Spanish,karthik_1_tree_of_thoughts,Zero-Shot,True,Zero-Shot Reasoning,False,a girl and her cat are looking at a clear air shelters ad,0.5714285714285714,0.4688072309384954,0.38386316691836725,0.2658483576665877,0.42248683173800544
French,preamble1,Zero-Shot,False,Zero-Shot,True,a girl and her cat are looking at a clear air shelters ad,0.10434782608695652,0.095672974646988,0.08867980557829806,0.07675926921556564,0.09136496888195206
Hindi,preamble3,Zero-Shot,False,Zero-Shot,True,a girl and her cat are looking at a clear air shelters ad,0.5,0.316227766016838,0.19578424841096842,0.08609583710384033,0.2745269628829117
French,karthik_1_tree_of_thoughts,Zero-Shot,True,Zero-Shot Reasoning,False,a girl and her cat are looking at a clear air shelters ad,0.6875,0.5664215155988809,0.4892266190786017,0.40325042950627804,0.5365996410459402
Hindi,preamble2,Zero-Shot,False,Zero-Shot,True,a girl and her cat are looking at a clear air shelters ad,0.5,0.316227766016838,0.19578424841096842,0.08609583710384033,0.2745269628829117
Chinese,preamble5,Zero-Shot,False,Zero-Shot,True,a girl and her cat are looking at a clear air shelters ad,0.09574468085106382,0.08489163021913801,0.07976102863682953,0.07128619685970213,0.08292088414168337
Chinese,preamble4,Zero-Shot,False,Zero-Shot,True,a girl and her cat are looking at a clear air shelters ad,0.1323529411764706,0.11759217332540652,0.11035453093799734,0.09916426543001271,0.1148659777174718
Chinese,preamble3,Zero-Shot,False,Zero-Shot,True,a girl and her cat are looking at a clear air shelters ad,0.1875,0.16710934119579796,0.15676904330628677,0.14183652772983765,0.1633037280579806
Chinese,karthik_2_generate_knowledge,Zero-Shot,True,Zero-Shot Reasoning,False,a girl and her cat are looking at a clear air shelters ad,0.10843373493975902,0.0962109055591725,0.09034786535164169,0.08090935022038798,0.0939754640177403
Chinese,karthik_5_chain_of_thought,Zero-Shot,True,Zero-Shot Reasoning,False,a girl and her cat are looking at a clear air shelters ad,0.6,0.5477225575051662,0.5207612016073497,0.49009410393069486,0.5396444657608027
Hindi,preamble4,Zero-Shot,False,Zero-Shot,True,"the movie rogue one, with star wars characters",0.015151515151515157,0.007590146491999976,0.0029711575268488006,0.0017036862930965278,0.006854126365865115
Chinese,karthik_3_self_consistency,Zero-Shot,True,Zero-Shot Reasoning,False,a girl and her cat are looking at a clear air shelters ad,0.06569343065693431,0.05814877057261756,0.054749041891000806,0.0486621104860135,0.056813338401641544
Chinese,preamble1,Zero-Shot,False,Zero-Shot,True,a girl and her cat are looking at a clear air shelters ad,0.035856573705179286,0.031685707562638075,0.029964979054024912,0.026427084997134552,0.030983586329744205
Chinese,karthik_4_meta_prompt,Zero-Shot,True,Zero-Shot Reasoning,False,a girl and her cat are looking at a clear air shelters ad,0.13846153846153847,0.12306189812135503,0.11547530380778898,0.10385061162642328,0.12021233800427644
Chinese,preamble2,Zero-Shot,False,Zero-Shot,True,a girl and her cat are looking at a clear air shelters ad,0.0569620253164557,0.05039551701420076,0.04749385833547863,0.042132011307608824,0.04924585299343598
Spanish,preamble5,Zero-Shot,False,Zero-Shot,True,a silver elephant on a shelf and a brown bucket,0.7272727272727273,0.6605782590758164,0.6264841611001575,0.5900468726392808,0.6510955050219955
Hindi,karthik_3_self_consistency,Zero-Shot,True,Zero-Shot Reasoning,False,a girl and her cat are looking at a clear air shelters ad,0.5,0.25819888974716115,0.17126461110867214,0.07779637090949697,0.25181496794133257
Hindi,karthik_5_chain_of_thought,Zero-Shot,True,Zero-Shot Reasoning,False,a girl and her cat are looking at a clear air shelters ad,0.375,0.223606797749979,0.15575351255546135,0.07239768078888709,0.20668949777358184
Spanish,karthik_3_self_consistency,Zero-Shot,True,Zero-Shot Reasoning,False,a silver elephant on a shelf and a brown bucket,0.4166666666666667,0.19462473604038075,0.0742797963075324,0.045293761707938834,0.18271624018062968
Hindi,preamble3,Zero-Shot,False,Zero-Shot,True,"the movie rogue one, with star wars characters",0.018927444794952678,0.007739313742136138,0.0028320514313775265,0.0015687046211813906,0.007766878647411934
Spanish,preamble4,Zero-Shot,False,Zero-Shot,True,a silver elephant on a shelf and a brown bucket,0.7272727272727273,0.6605782590758164,0.6264841611001575,0.5900468726392808,0.6510955050219955
Spanish,preamble1,Zero-Shot,False,Zero-Shot,True,a silver elephant on a shelf and a brown bucket,0.5833333333333334,0.46056618647183833,0.40292365707340405,0.3448444257953326,0.4479169006684771
Spanish,karthik_2_generate_knowledge,Zero-Shot,True,Zero-Shot Reasoning,False,a silver elephant on a shelf and a brown bucket,0.7272727272727273,0.6605782590758164,0.6264841611001575,0.5900468726392808,0.6510955050219955
Spanish,preamble3,Zero-Shot,False,Zero-Shot,True,a silver elephant on a shelf and a brown bucket,0.7272727272727273,0.6605782590758164,0.6264841611001575,0.5900468726392808,0.6510955050219955
Hindi,karthik_2_generate_knowledge,Zero-Shot,True,Zero-Shot Reasoning,False,a girl and her cat are looking at a clear air shelters ad,0.2222222222222222,0.17817416127494956,0.1437538513034662,0.11414633188690328,0.1645741416718853
Spanish,preamble2,Zero-Shot,False,Zero-Shot,True,a silver elephant on a shelf and a brown bucket,0.5833333333333334,0.46056618647183833,0.40292365707340405,0.3448444257953326,0.4479169006684771
French,preamble5,Zero-Shot,False,Zero-Shot,True,a silver elephant on a shelf and a brown bucket,0.8181818181818182,0.8090398349558905,0.8002809201472867,0.7860753021519787,0.8033944688592436
French,preamble1,Zero-Shot,False,Zero-Shot,True,a silver elephant on a shelf and a brown bucket,0.8181818181818182,0.8090398349558905,0.8002809201472867,0.7860753021519787,0.8033944688592436
French,preamble4,Zero-Shot,False,Zero-Shot,True,a silver elephant on a shelf and a brown bucket,0.8181818181818182,0.8090398349558905,0.8002809201472867,0.7860753021519787,0.8033944688592436
French,preamble3,Zero-Shot,False,Zero-Shot,True,a silver elephant on a shelf and a brown bucket,0.8181818181818182,0.8090398349558905,0.8002809201472867,0.7860753021519787,0.8033944688592436
Spanish,karthik_5_chain_of_thought,Zero-Shot,True,Zero-Shot Reasoning,False,a silver elephant on a shelf and a brown bucket,0.4166666666666667,0.19462473604038075,0.0742797963075324,0.045293761707938834,0.18271624018062968
Chinese,karthik_1_tree_of_thoughts,Zero-Shot,True,Zero-Shot Reasoning,False,a girl and her cat are looking at a clear air shelters ad,0.5,0.447213595499958,0.4185793008243382,0.3850322886878713,0.4377062962530419
French,preamble2,Zero-Shot,False,Zero-Shot,True,a silver elephant on a shelf and a brown bucket,0.7272727272727273,0.7135060680126758,0.7000552990300564,0.6786502681586727,0.704871090618533
Spanish,karthik_4_meta_prompt,Zero-Shot,True,Zero-Shot Reasoning,False,a silver elephant on a shelf and a brown bucket,0.5833333333333334,0.46056618647183833,0.40292365707340405,0.3448444257953326,0.4479169006684771
French,karthik_2_generate_knowledge,Zero-Shot,True,Zero-Shot Reasoning,False,a silver elephant on a shelf and a brown bucket,0.8181818181818182,0.8090398349558905,0.8002809201472867,0.7860753021519787,0.8033944688592436
Hindi,preamble5,Zero-Shot,False,Zero-Shot,True,a silver elephant on a shelf and a brown bucket,0.5810640921796215,0.5642180635756614,0.5473831651748421,0.5210833656670609,0.5534371716492965
Hindi,preamble4,Zero-Shot,False,Zero-Shot,True,a silver elephant on a shelf and a brown bucket,0.5810640921796215,0.5642180635756614,0.5473831651748421,0.5210833656670609,0.5534371716492965
Hindi,preamble1,Zero-Shot,False,Zero-Shot,True,a silver elephant on a shelf and a brown bucket,0.6640732482052818,0.651502901774115,0.6392209949815378,0.6196760459608335,0.643618297730442
French,karthik_5_chain_of_thought,Zero-Shot,True,Zero-Shot Reasoning,False,a silver elephant on a shelf and a brown bucket,0.7272727272727273,0.7135060680126758,0.7000552990300564,0.6786502681586727,0.704871090618533
Hindi,karthik_2_generate_knowledge,Zero-Shot,True,Zero-Shot Reasoning,False,a silver elephant on a shelf and a brown bucket,0.49123845184678916,0.29895820132266854,0.09916335023607761,0.05719114362491122,0.23663778675761163
Hindi,preamble3,Zero-Shot,False,Zero-Shot,True,a silver elephant on a shelf and a brown bucket,0.5810640921796215,0.5642180635756614,0.5473831651748421,0.5210833656670609,0.5534371716492965
Hindi,preamble2,Zero-Shot,False,Zero-Shot,True,a silver elephant on a shelf and a brown bucket,0.6640732482052818,0.651502901774115,0.6392209949815378,0.6196760459608335,0.643618297730442
French,karthik_3_self_consistency,Zero-Shot,True,Zero-Shot Reasoning,False,a silver elephant on a shelf and a brown bucket,0.46153846153846156,0.33968311024337877,0.22225381434902747,0.10120193244194395,0.2811693296432029
Hindi,karthik_4_meta_prompt,Zero-Shot,True,Zero-Shot Reasoning,False,a girl and her cat are looking at a clear air shelters ad,0.4666666666666667,0.3162277660168379,0.20063130302379137,0.08947853200770763,0.2682510669287509
French,karthik_1_tree_of_thoughts,Zero-Shot,True,Zero-Shot Reasoning,False,a silver elephant on a shelf and a brown bucket,0.46153846153846156,0.33968311024337877,0.22225381434902747,0.10120193244194395,0.2811693296432029
Spanish,karthik_1_tree_of_thoughts,Zero-Shot,True,Zero-Shot Reasoning,False,a silver elephant on a shelf and a brown bucket,0.8181818181818182,0.8090398349558905,0.8002809201472867,0.7860753021519787,0.8033944688592436
Hindi,karthik_1_tree_of_thoughts,Zero-Shot,True,Zero-Shot Reasoning,False,a girl and her cat are looking at a clear air shelters ad,0.07964601769911504,0.05333386009010835,0.030539745137025932,0.01235442657610908,0.043968512375589595
Chinese,preamble5,Zero-Shot,False,Zero-Shot,True,a silver elephant on a shelf and a brown bucket,0.05555555555555554,0.029814239699997195,0.00938189377672914,0.0049133779244335775,0.024916266739178863
Chinese,karthik_4_meta_prompt,Zero-Shot,True,Zero-Shot Reasoning,False,a silver elephant on a shelf and a brown bucket,0.5333333333333333,0.3380617018914066,0.2096698749823582,0.0925159978069645,0.29339522700351567
Chinese,preamble1,Zero-Shot,False,Zero-Shot,True,a silver elephant on a shelf and a brown bucket,0.10000000000000002,0.06162360225133208,0.03774347259800016,0.015857225744905595,0.05380607514855946
Hindi,karthik_5_chain_of_thought,Zero-Shot,True,Zero-Shot Reasoning,False,a silver elephant on a shelf and a brown bucket,0.5810640921796215,0.4606821198071898,0.35388415534281187,0.2647795226140597,0.4151024724859207
Chinese,preamble4,Zero-Shot,False,Zero-Shot,True,a silver elephant on a shelf and a brown bucket,0.049180327868852444,0.02851136582669,0.009208355632512275,0.0048845769913919345,0.022946156579861664
Chinese,karthik_2_generate_knowledge,Zero-Shot,True,Zero-Shot Reasoning,False,a silver elephant on a shelf and a brown bucket,0.21951219512195122,0.1283098384152452,0.07698396086262704,0.03246518844707061,0.11431779571172351
Chinese,preamble3,Zero-Shot,False,Zero-Shot,True,a silver elephant on a shelf and a brown bucket,0.07438016528925619,0.049792959773196914,0.028523337754992138,0.011527276988374868,0.04105593495145502
Chinese,karthik_5_chain_of_thought,Zero-Shot,True,Zero-Shot Reasoning,False,a silver elephant on a shelf and a brown bucket,0.42857142857142855,0.1815682598006407,0.06680924184686642,0.03975360176263952,0.1791756329953938
French,karthik_4_meta_prompt,Zero-Shot,True,Zero-Shot Reasoning,False,a silver elephant on a shelf and a brown bucket,0.8181818181818182,0.8090398349558905,0.8002809201472867,0.7860753021519787,0.8033944688592436
Chinese,karthik_3_self_consistency,Zero-Shot,True,Zero-Shot Reasoning,False,a silver elephant on a shelf and a brown bucket,0.07920792079207921,0.04874666782214325,0.02988711827135012,0.012509995382974738,0.04258792556713683
Spanish,preamble1,Zero-Shot,False,Zero-Shot,True,magnificent land for sale in ubud bali tjub036,0.6666666666666666,0.408248290463863,0.29129144784395883,0.14113991930789777,0.37683658107059653
Spanish,karthik_2_generate_knowledge,Zero-Shot,True,Zero-Shot Reasoning,False,magnificent land for sale in ubud bali tjub036,0.5,0.3333333333333333,0.24382614716244752,0.1186840521952098,0.2989608831727476
Spanish,karthik_5_chain_of_thought,Zero-Shot,True,Zero-Shot Reasoning,False,magnificent land for sale in ubud bali tjub036,0.5,0.3779644730092272,0.29129144784395894,0.1477219991186121,0.32924447999294953
Chinese,preamble2,Zero-Shot,False,Zero-Shot,True,a silver elephant on a shelf and a brown bucket,0.03125,0.018089365132310537,0.005860176630666472,0.003089639517523129,0.014572295320125033
Chinese,karthik_1_tree_of_thoughts,Zero-Shot,True,Zero-Shot Reasoning,False,a silver elephant on a shelf and a brown bucket,0.5454545454545454,0.33028912953790823,0.23311498791159874,0.11094660471566163,0.3049513169049285
French,preamble5,Zero-Shot,False,Zero-Shot,True,magnificent land for sale in ubud bali tjub036,0.5841005873035536,0.5098447913879421,0.46844018283012595,0.4213952948452608,0.4959452140917206
Hindi,karthik_3_self_consistency,Zero-Shot,True,Zero-Shot Reasoning,False,a silver elephant on a shelf and a brown bucket,0.6666666666666666,0.49236596391733095,0.3683409417293896,0.27091988546756285,0.44957336444523754
French,preamble4,Zero-Shot,False,Zero-Shot,True,magnificent land for sale in ubud bali tjub036,0.6959861353000654,0.6834448173540699,0.6703094587909103,0.6496350258549114,0.6748438593249892
French,preamble1,Zero-Shot,False,Zero-Shot,True,magnificent land for sale in ubud bali tjub036,0.6363636363636364,0.6179143806533247,0.5994773144013525,0.5706745777055999,0.6061074772809784
Spanish,karthik_3_self_consistency,Zero-Shot,True,Zero-Shot Reasoning,False,magnificent land for sale in ubud bali tjub036,0.08695652173913045,0.061938010426150054,0.03981870216102515,0.017162238811321402,0.05146886828440676
French,karthik_2_generate_knowledge,Zero-Shot,True,Zero-Shot Reasoning,False,magnificent land for sale in ubud bali tjub036,0.6,0.5773502691896258,0.5536178537956703,0.5169731539571706,0.5619853192356167
French,karthik_5_chain_of_thought,Zero-Shot,True,Zero-Shot Reasoning,False,magnificent land for sale in ubud bali tjub036,0.596559544542913,0.5776162952589461,0.5572791461963453,0.525624059490303,0.5642697613721268
French,preamble2,Zero-Shot,False,Zero-Shot,True,magnificent land for sale in ubud bali tjub036,0.7,0.6831300510639732,0.6659055636437067,0.6389431042462724,0.671994679738488
French,preamble3,Zero-Shot,False,Zero-Shot,True,magnificent land for sale in ubud bali tjub036,0.12727272727272726,0.11891767800211264,0.11254124156485679,0.10064933408903065,0.11484524523218184
Hindi,karthik_1_tree_of_thoughts,Zero-Shot,True,Zero-Shot Reasoning,False,a silver elephant on a shelf and a brown bucket,0.5810640921796215,0.4606821198071898,0.35388415534281187,0.2647795226140597,0.4151024724859207
Spanish,karthik_1_tree_of_thoughts,Zero-Shot,True,Zero-Shot Reasoning,False,magnificent land for sale in ubud bali tjub036,0.08219178082191782,0.058520573598065284,0.04729860178048825,0.034262787194737264,0.05556843584880215
Spanish,preamble3,Zero-Shot,False,Zero-Shot,True,magnificent land for sale in ubud bali tjub036,0.011718749999999995,0.009587062360592126,0.007487163861393098,0.0034582327292723303,0.008062802237814387
French,karthik_3_self_consistency,Zero-Shot,True,Zero-Shot Reasoning,False,magnificent land for sale in ubud bali tjub036,0.18867924528301888,0.15937104245349618,0.14685271067864478,0.1314770573188977,0.15659501393351438
Spanish,karthik_4_meta_prompt,Zero-Shot,True,Zero-Shot Reasoning,False,magnificent land for sale in ubud bali tjub036,0.0547945205479452,0.04778184825674965,0.03291533567593978,0.014640043771230507,0.03753293706296629
Spanish,preamble5,Zero-Shot,False,Zero-Shot,True,magnificent land for sale in ubud bali tjub036,0.011494252873563218,0.009403048962790752,0.007344604564578878,0.003391598865011712,0.007908376316486141
Hindi,karthik_4_meta_prompt,Zero-Shot,True,Zero-Shot Reasoning,False,a silver elephant on a shelf and a brown bucket,0.6640732482052818,0.651502901774115,0.6392209949815378,0.6196760459608335,0.643618297730442
Hindi,preamble4,Zero-Shot,False,Zero-Shot,True,magnificent land for sale in ubud bali tjub036,0.3043478260869566,0.2352359844484824,0.20244643181145977,0.1676784955078518,0.22742718446368765
Hindi,preamble1,Zero-Shot,False,Zero-Shot,True,magnificent land for sale in ubud bali tjub036,0.3043478260869566,0.2352359844484824,0.17709243565778882,0.12740810460323607,0.21102108769911598
Spanish,preamble2,Zero-Shot,False,Zero-Shot,True,magnificent land for sale in ubud bali tjub036,0.01915708812260536,0.014867525836251316,0.012491900595272479,0.005071623229186538,0.012897034445828922
French,karthik_4_meta_prompt,Zero-Shot,True,Zero-Shot Reasoning,False,magnificent land for sale in ubud bali tjub036,0.29411764705882354,0.23483410915693106,0.1976660848079421,0.1513851459876605,0.21950074675283932
Spanish,preamble4,Zero-Shot,False,Zero-Shot,True,magnificent land for sale in ubud bali tjub036,0.009803921568627454,0.008017980436873223,0.006270968399743842,0.0028903700146271118,0.006745810104967908
French,karthik_1_tree_of_thoughts,Zero-Shot,True,Zero-Shot Reasoning,False,magnificent land for sale in ubud bali tjub036,0.06923076923076923,0.05674535908931509,0.051626756569849525,0.04461380354706674,0.05555417210925014
Hindi,karthik_5_chain_of_thought,Zero-Shot,True,Zero-Shot Reasoning,False,magnificent land for sale in ubud bali tjub036,0.8888888888888888,0.7453559924999299,0.5447755636125111,0.22679164443904004,0.6014530223600923
Hindi,preamble2,Zero-Shot,False,Zero-Shot,True,magnificent land for sale in ubud bali tjub036,0.391304347826087,0.26673253468463226,0.15306566668873864,0.06415428562903544,0.21881420870712334
Chinese,preamble1,Zero-Shot,False,Zero-Shot,True,magnificent land for sale in ubud bali tjub036,0.4,0.21081851067789192,0.08428689847931439,0.05307712171072445,0.18704563271698268
Chinese,preamble3,Zero-Shot,False,Zero-Shot,True,magnificent land for sale in ubud bali tjub036,0.14285714285714285,0.06482037235521643,0.02424487805138157,0.014123416972389431,0.061511452559032564
Chinese,karthik_5_chain_of_thought,Zero-Shot,True,Zero-Shot Reasoning,False,magnificent land for sale in ubud bali tjub036,0.4444444444444444,0.23570226039551587,0.0948151464331332,0.06030725360407769,0.2088172762192928
Chinese,preamble2,Zero-Shot,False,Zero-Shot,True,magnificent land for sale in ubud bali tjub036,0.4,0.21081851067789192,0.08428689847931439,0.05307712171072445,0.18704563271698268
Chinese,karthik_4_meta_prompt,Zero-Shot,True,Zero-Shot Reasoning,False,magnificent land for sale in ubud bali tjub036,0.75,0.46291004988627577,0.15575351255546135,0.09193227152249185,0.3651489584910573
Chinese,preamble4,Zero-Shot,False,Zero-Shot,True,magnificent land for sale in ubud bali tjub036,0.078125,0.011135885079684351,0.006156715297651499,0.004255317692616196,0.02491822951748801
Spanish,preamble5,Zero-Shot,False,Zero-Shot,True,"the cover of the book peace is with you, depicting a city that looks like a bombed world",0.7368421052631579,0.6069769786668839,0.5100766386809824,0.42461633178803443,0.5696280135997647
Chinese,karthik_2_generate_knowledge,Zero-Shot,True,Zero-Shot Reasoning,False,magnificent land for sale in ubud bali tjub036,0.5555555555555556,0.26352313834736496,0.10206057820194947,0.06376715693797415,0.24622660726071105
Spanish,preamble4,Zero-Shot,False,Zero-Shot,True,"the cover of the book peace is with you, depicting a city that looks like a bombed world",0.7894736842105263,0.7254762501100117,0.6791460320276163,0.6272517339014033,0.7053369250623894
Spanish,preamble1,Zero-Shot,False,Zero-Shot,True,"the cover of the book peace is with you, depicting a city that looks like a bombed world",0.8095238095238095,0.725389878748302,0.6546188339360821,0.5923136157487711,0.6954615344892412
Chinese,karthik_3_self_consistency,Zero-Shot,True,Zero-Shot Reasoning,False,magnificent land for sale in ubud bali tjub036,0.4166666666666667,0.337099931231621,0.22820266830716382,0.10600313379512592,0.27199310000014437
Hindi,karthik_2_generate_knowledge,Zero-Shot,True,Zero-Shot Reasoning,False,magnificent land for sale in ubud bali tjub036,0.6363636363636364,0.504524979109513,0.44304980544556494,0.38163309113713373,0.491392878013962
Hindi,karthik_3_self_consistency,Zero-Shot,True,Zero-Shot Reasoning,False,magnificent land for sale in ubud bali tjub036,0.13793103448275862,0.13014952543734787,0.12457186670336816,0.11333496869438348,0.12649684882946455
Spanish,preamble3,Zero-Shot,False,Zero-Shot,True,"the cover of the book peace is with you, depicting a city that looks like a bombed world",0.6842105263157895,0.5158312430873389,0.4007621497393089,0.25010742987310103,0.46272783725388456
Spanish,preamble2,Zero-Shot,False,Zero-Shot,True,"the cover of the book peace is with you, depicting a city that looks like a bombed world",0.6655575133093234,0.560150116035958,0.49416824165485856,0.42254876310519374,0.5356061585263334
Chinese,preamble5,Zero-Shot,False,Zero-Shot,True,magnificent land for sale in ubud bali tjub036,0.02293577981651376,0.010280799475922033,0.0038687263234077956,0.0021841898845057187,0.009817373875087328
Spanish,karthik_5_chain_of_thought,Zero-Shot,True,Zero-Shot Reasoning,False,"the cover of the book peace is with you, depicting a city that looks like a bombed world",0.5555555555555556,0.5270462766947299,0.4997577733799022,0.46269559069048716,0.5112637990801687
French,preamble5,Zero-Shot,False,Zero-Shot,True,"the cover of the book peace is with you, depicting a city that looks like a bombed world",0.5714285714285714,0.5345224838248488,0.4971512695149139,0.44749354154971166,0.5126489665795114
French,preamble4,Zero-Shot,False,Zero-Shot,True,"the cover of the book peace is with you, depicting a city that looks like a bombed world",0.6363636363636364,0.5773502691896257,0.5346999155254861,0.48485170206034506,0.5583163807847733
Spanish,karthik_2_generate_knowledge,Zero-Shot,True,Zero-Shot Reasoning,False,"the cover of the book peace is with you, depicting a city that looks like a bombed world",0.11034482758620691,0.08304547985373997,0.0639952541754027,0.0475088719591569,0.07622360839362663
French,preamble1,Zero-Shot,False,Zero-Shot,True,"the cover of the book peace is with you, depicting a city that looks like a bombed world",0.5714285714285714,0.5345224838248488,0.4971512695149139,0.44749354154971166,0.5126489665795114
Hindi,karthik_1_tree_of_thoughts,Zero-Shot,True,Zero-Shot Reasoning,False,magnificent land for sale in ubud bali tjub036,0.5454545454545454,0.40451991747794525,0.2664896291542936,0.12278260149096115,0.33481167339443635
Hindi,karthik_4_meta_prompt,Zero-Shot,True,Zero-Shot Reasoning,False,magnificent land for sale in ubud bali tjub036,0.42105263157894735,0.26490647141300877,0.16337776502819226,0.0712695567709093,0.2301516061977644
Chinese,karthik_1_tree_of_thoughts,Zero-Shot,True,Zero-Shot Reasoning,False,magnificent land for sale in ubud bali tjub036,0.06451612903225806,0.03745029431365691,0.012078049236322372,0.006432897656550305,0.03011934255969691
Spanish,karthik_4_meta_prompt,Zero-Shot,True,Zero-Shot Reasoning,False,"the cover of the book peace is with you, depicting a city that looks like a bombed world",0.5714285714285714,0.50709255283711,0.4366754714422084,0.3410791845736444,0.46406894507038354
French,karthik_2_generate_knowledge,Zero-Shot,True,Zero-Shot Reasoning,False,"the cover of the book peace is with you, depicting a city that looks like a bombed world",0.375,0.31277162108561213,0.2406027431416049,0.15875722180934987,0.2717828965091417
French,preamble3,Zero-Shot,False,Zero-Shot,True,"the cover of the book peace is with you, depicting a city that looks like a bombed world",0.5714285714285714,0.5345224838248488,0.4971512695149139,0.44749354154971166,0.5126489665795114
Spanish,karthik_3_self_consistency,Zero-Shot,True,Zero-Shot Reasoning,False,"the cover of the book peace is with you, depicting a city that looks like a bombed world",0.16831683168316833,0.14792291275800337,0.13294248202353764,0.10785498431376324,0.13925930269461814
French,preamble2,Zero-Shot,False,Zero-Shot,True,"the cover of the book peace is with you, depicting a city that looks like a bombed world",0.5714285714285714,0.5345224838248488,0.4971512695149139,0.44749354154971166,0.5126489665795114
French,karthik_5_chain_of_thought,Zero-Shot,True,Zero-Shot Reasoning,False,"the cover of the book peace is with you, depicting a city that looks like a bombed world",0.5714285714285714,0.5345224838248488,0.4971512695149139,0.44749354154971166,0.5126489665795114
French,karthik_4_meta_prompt,Zero-Shot,True,Zero-Shot Reasoning,False,"the cover of the book peace is with you, depicting a city that looks like a bombed world",0.4583333333333333,0.3734872870971493,0.29742834608610236,0.18641996229708285,0.32891723220341695
Hindi,preamble5,Zero-Shot,False,Zero-Shot,True,"the cover of the book peace is with you, depicting a city that looks like a bombed world",0.575027759143327,0.40126742391514575,0.30313890581425057,0.22041104385720944,0.37496128318248323
French,karthik_3_self_consistency,Zero-Shot,True,Zero-Shot Reasoning,False,"the cover of the book peace is with you, depicting a city that looks like a bombed world",0.4444444444444444,0.3615507630310936,0.2940912790516731,0.20105373454060027,0.32528505526695284
Hindi,preamble1,Zero-Shot,False,Zero-Shot,True,"the cover of the book peace is with you, depicting a city that looks like a bombed world",0.5366925752004387,0.38766116106181886,0.2963151215586981,0.21664194471512113,0.3593277006340192
Hindi,preamble4,Zero-Shot,False,Zero-Shot,True,"the cover of the book peace is with you, depicting a city that looks like a bombed world",0.575027759143327,0.40126742391514575,0.30313890581425057,0.22041104385720944,0.37496128318248323
Hindi,preamble3,Zero-Shot,False,Zero-Shot,True,"the cover of the book peace is with you, depicting a city that looks like a bombed world",0.5366925752004387,0.38766116106181886,0.2963151215586981,0.21664194471512113,0.3593277006340192
Spanish,karthik_1_tree_of_thoughts,Zero-Shot,True,Zero-Shot Reasoning,False,"the cover of the book peace is with you, depicting a city that looks like a bombed world",0.6111111111111112,0.5362664443598958,0.47953634570245085,0.41180376356915777,0.5096794161856539
Hindi,preamble2,Zero-Shot,False,Zero-Shot,True,"the cover of the book peace is with you, depicting a city that looks like a bombed world",0.575027759143327,0.40126742391514575,0.30313890581425057,0.22041104385720944,0.37496128318248323
French,karthik_1_tree_of_thoughts,Zero-Shot,True,Zero-Shot Reasoning,False,"the cover of the book peace is with you, depicting a city that looks like a bombed world",0.631578947368421,0.5923488777590924,0.5519156993719444,0.49883494354016517,0.5686696170099057
Chinese,preamble1,Zero-Shot,False,Zero-Shot,True,"the cover of the book peace is with you, depicting a city that looks like a bombed world",0.6666666666666666,0.5773502691896257,0.4757197809704509,0.391080327529236,0.5277042610889948
Chinese,preamble5,Zero-Shot,False,Zero-Shot,True,"the cover of the book peace is with you, depicting a city that looks like a bombed world",0.16304347826086957,0.1403871515390492,0.12312768856785404,0.10424755105013445,0.1327014673544768
Hindi,preamble3,Zero-Shot,False,Zero-Shot,True,magnificent land for sale in ubud bali tjub036,0.03846153846153846,0.027262027336984355,0.02010166791988829,0.013697184415536044,0.02488060453348679
Chinese,karthik_5_chain_of_thought,Zero-Shot,True,Zero-Shot Reasoning,False,"the cover of the book peace is with you, depicting a city that looks like a bombed world",0.6,0.5244044240850758,0.441054194129723,0.37137490638415865,0.48420838114973935
Chinese,preamble4,Zero-Shot,False,Zero-Shot,True,"the cover of the book peace is with you, depicting a city that looks like a bombed world",0.1595744680851064,0.13738413100109695,0.12050577207343093,0.10199321693512407,0.1298643970236896
Chinese,karthik_2_generate_knowledge,Zero-Shot,True,Zero-Shot Reasoning,False,"the cover of the book peace is with you, depicting a city that looks like a bombed world",0.6086956521739131,0.49901087934784544,0.3936228880676447,0.3299895472527792,0.4578297417105456
Chinese,preamble2,Zero-Shot,False,Zero-Shot,True,"the cover of the book peace is with you, depicting a city that looks like a bombed world",0.7727272727272727,0.6916321120039023,0.6023899642131336,0.5106109398471469,0.6443400721978639
Hindi,karthik_3_self_consistency,Zero-Shot,True,Zero-Shot Reasoning,False,"the cover of the book peace is with you, depicting a city that looks like a bombed world",0.5384615384615384,0.29351975428213706,0.19611500801682968,0.13292032579101742,0.2902541566378806
Chinese,preamble3,Zero-Shot,False,Zero-Shot,True,"the cover of the book peace is with you, depicting a city that looks like a bombed world",0.17045454545454541,0.13997312773896353,0.11344749323148386,0.08955622932515915,0.128357848937538
Spanish,preamble1,Zero-Shot,False,Zero-Shot,True,a set of 5 printable curriculum map templates for kids,1.0,1.0,1.0,1.0,1.0
Chinese,karthik_3_self_consistency,Zero-Shot,True,Zero-Shot Reasoning,False,"the cover of the book peace is with you, depicting a city that looks like a bombed world",0.16190476190476188,0.1422606594884729,0.12350931800061139,0.09649086243809948,0.1310414004579864
Spanish,karthik_2_generate_knowledge,Zero-Shot,True,Zero-Shot Reasoning,False,a set of 5 printable curriculum map templates for kids,0.4,0.29019050004400465,0.2140281402746303,0.1531682455208201,0.26434672145986376
Spanish,karthik_3_self_consistency,Zero-Shot,True,Zero-Shot Reasoning,False,a set of 5 printable curriculum map templates for kids,0.6666666666666666,0.49236596391733095,0.3683409417293896,0.27091988546756285,0.44957336444523754
Chinese,karthik_4_meta_prompt,Zero-Shot,True,Zero-Shot Reasoning,False,"the cover of the book peace is with you, depicting a city that looks like a bombed world",0.19696969696969696,0.11009637651263604,0.02763953966194226,0.01316759262495489,0.08696830144230754
Hindi,karthik_2_generate_knowledge,Zero-Shot,True,Zero-Shot Reasoning,False,"the cover of the book peace is with you, depicting a city that looks like a bombed world",0.5384615384615384,0.44027963142320564,0.4049588160870939,0.37447819468131566,0.4395445451632884
Hindi,preamble5,Zero-Shot,False,Zero-Shot,True,magnificent land for sale in ubud bali tjub036,0.02602230483271376,0.01706735061697089,0.010776578990782942,0.00450023124548186,0.014591616421487362
Chinese,karthik_1_tree_of_thoughts,Zero-Shot,True,Zero-Shot Reasoning,False,"the cover of the book peace is with you, depicting a city that looks like a bombed world",0.6618726769384466,0.5220922084028756,0.32837742364749406,0.21977073101999892,0.43302826000220385
Spanish,karthik_5_chain_of_thought,Zero-Shot,True,Zero-Shot Reasoning,False,a set of 5 printable curriculum map templates for kids,0.9090909090909091,0.7385489458759964,0.5697447243773885,0.3882726777522233,0.6514143142741294
Spanish,karthik_4_meta_prompt,Zero-Shot,True,Zero-Shot Reasoning,False,a set of 5 printable curriculum map templates for kids,0.8333333333333334,0.674199862463242,0.5181440667004675,0.35084396956386854,0.5941303080152278
Hindi,karthik_1_tree_of_thoughts,Zero-Shot,True,Zero-Shot Reasoning,False,"the cover of the book peace is with you, depicting a city that looks like a bombed world",0.13008130081300812,0.0979599996702013,0.08426658082797162,0.06935052361989594,0.09541460123276924
Hindi,karthik_5_chain_of_thought,Zero-Shot,True,Zero-Shot Reasoning,False,"the cover of the book peace is with you, depicting a city that looks like a bombed world",0.41282875739040104,0.25509282593877125,0.14166904980014008,0.05863283207662003,0.2170558663014831
French,preamble1,Zero-Shot,False,Zero-Shot,True,a set of 5 printable curriculum map templates for kids,0.8333333333333334,0.778498944161523,0.7161767386056302,0.6340466277046861,0.7405139109512932
French,karthik_2_generate_knowledge,Zero-Shot,True,Zero-Shot Reasoning,False,a set of 5 printable curriculum map templates for kids,0.7857142857142857,0.7375337578416624,0.6846815074766505,0.6162607099729586,0.7060475652513893
Spanish,karthik_1_tree_of_thoughts,Zero-Shot,True,Zero-Shot Reasoning,False,a set of 5 printable curriculum map templates for kids,0.13157894736842102,0.12565617248750868,0.12207719840485647,0.10883374605182809,0.12203651607815358
French,preamble3,Zero-Shot,False,Zero-Shot,True,a set of 5 printable curriculum map templates for kids,0.4090909090909091,0.3692744729379982,0.3279221345263467,0.2708641692927984,0.34428792146201315
French,preamble2,Zero-Shot,False,Zero-Shot,True,a set of 5 printable curriculum map templates for kids,0.8333333333333334,0.778498944161523,0.7161767386056302,0.6340466277046861,0.7405139109512932
French,karthik_5_chain_of_thought,Zero-Shot,True,Zero-Shot Reasoning,False,a set of 5 printable curriculum map templates for kids,0.7857142857142857,0.7375337578416624,0.6846815074766505,0.6450001140844255,0.713232416279256
French,karthik_3_self_consistency,Zero-Shot,True,Zero-Shot Reasoning,False,a set of 5 printable curriculum map templates for kids,0.5573021304462805,0.49957758776430206,0.42699772815622017,0.3093050784916861,0.44829563121462224
French,karthik_4_meta_prompt,Zero-Shot,True,Zero-Shot Reasoning,False,a set of 5 printable curriculum map templates for kids,0.7857142857142857,0.7375337578416624,0.6846815074766505,0.6162607099729586,0.7060475652513893
Spanish,preamble2,Zero-Shot,False,Zero-Shot,True,a set of 5 printable curriculum map templates for kids,0.044534412955465584,0.04036468494926746,0.03886475391436324,0.03514866323026269,0.03972812876233974
French,karthik_1_tree_of_thoughts,Zero-Shot,True,Zero-Shot Reasoning,False,a set of 5 printable curriculum map templates for kids,0.5833333333333334,0.46056618647183833,0.28039660634998675,0.1239040201758117,0.36205003658274254
Spanish,preamble3,Zero-Shot,False,Zero-Shot,True,a set of 5 printable curriculum map templates for kids,0.029972752043596722,0.028616911983377784,0.02823022954997437,0.025810471960424377,0.028157591384343313
Hindi,karthik_4_meta_prompt,Zero-Shot,True,Zero-Shot Reasoning,False,"the cover of the book peace is with you, depicting a city that looks like a bombed world",0.4983573912575501,0.373559641953059,0.31125273317419977,0.24885518432348067,0.3580062376770724
Hindi,karthik_5_chain_of_thought,Zero-Shot,True,Zero-Shot Reasoning,False,a set of 5 printable curriculum map templates for kids,0.8333333333333334,0.7282190812544191,0.6452872102022454,0.5452469119630863,0.688021634188271
Spanish,preamble5,Zero-Shot,False,Zero-Shot,True,a set of 5 printable curriculum map templates for kids,0.01415094339622642,0.010018048746260765,0.006518741567201982,0.002741529564074705,0.008357315818440968
Hindi,karthik_2_generate_knowledge,Zero-Shot,True,Zero-Shot Reasoning,False,a set of 5 printable curriculum map templates for kids,0.47619047619047616,0.40824829046386296,0.3563538871466277,0.2924007455652194,0.38329834984154654
Spanish,preamble4,Zero-Shot,False,Zero-Shot,True,a set of 5 printable curriculum map templates for kids,0.013422818791946308,0.007758351146985979,0.005411143129593846,0.002349356757259225,0.007235417456446339
French,preamble4,Zero-Shot,False,Zero-Shot,True,a set of 5 printable curriculum map templates for kids,0.03260869565217392,0.02881040655200305,0.025674678318792075,0.02019850404762201,0.026823071142647762
French,preamble5,Zero-Shot,False,Zero-Shot,True,a set of 5 printable curriculum map templates for kids,0.027322404371584702,0.022890856618207257,0.02008508132685304,0.01678172187780553,0.02177001604861263
Chinese,karthik_2_generate_knowledge,Zero-Shot,True,Zero-Shot Reasoning,False,a set of 5 printable curriculum map templates for kids,0.5833333333333334,0.46056618647183833,0.40292365707340405,0.3448444257953326,0.4479169006684771
Chinese,karthik_5_chain_of_thought,Zero-Shot,True,Zero-Shot Reasoning,False,a set of 5 printable curriculum map templates for kids,0.8143536762323635,0.6398166741645539,0.5207880035149228,0.4353152270198899,0.6025683952329326
Chinese,karthik_4_meta_prompt,Zero-Shot,True,Zero-Shot Reasoning,False,a set of 5 printable curriculum map templates for kids,0.5,0.3627381250550058,0.24798846843916442,0.09629943614188137,0.3017565074090129
Hindi,karthik_1_tree_of_thoughts,Zero-Shot,True,Zero-Shot Reasoning,False,a set of 5 printable curriculum map templates for kids,0.5731115271545874,0.4566661957296586,0.3524710308753849,0.2658156069371863,0.41201609017420426
Hindi,karthik_3_self_consistency,Zero-Shot,True,Zero-Shot Reasoning,False,a set of 5 printable curriculum map templates for kids,0.1089108910891089,0.0990049503712809,0.0906684726385189,0.07711345268792882,0.09392444169670938
Chinese,karthik_3_self_consistency,Zero-Shot,True,Zero-Shot Reasoning,False,a set of 5 printable curriculum map templates for kids,0.14285714285714285,0.10733469768527296,0.0848358975947332,0.06592309822529722,0.10023770909061157
Hindi,karthik_4_meta_prompt,Zero-Shot,True,Zero-Shot Reasoning,False,a set of 5 printable curriculum map templates for kids,0.5,0.42919753763947605,0.3749505034497538,0.30826276460621843,0.40310270142386206
Chinese,karthik_1_tree_of_thoughts,Zero-Shot,True,Zero-Shot Reasoning,False,a set of 5 printable curriculum map templates for kids,0.6013781189421007,0.48598690966990804,0.43497046829737557,0.3864911638244346,0.4772066651834547
Spanish,karthik_5_chain_of_thought,Zero-Shot,True,Zero-Shot Reasoning,False,the marseille caper by peter mayle,0.7142857142857143,0.6900655593423543,0.6613898798842307,0.6147881529512643,0.670132326615891
Spanish,karthik_3_self_consistency,Zero-Shot,True,Zero-Shot Reasoning,False,the marseille caper by peter mayle,0.7142857142857143,0.6900655593423543,0.6613898798842307,0.6147881529512643,0.670132326615891
Spanish,karthik_4_meta_prompt,Zero-Shot,True,Zero-Shot Reasoning,False,the marseille caper by peter mayle,0.2777777777777778,0.18077538151554684,0.060583217574033905,0.0341599190576228,0.13832407398124535
Chinese,preamble2,Zero-Shot,False,Zero-Shot,True,a set of 5 printable curriculum map templates for kids,0.03610108303249098,0.019809166475147796,0.011774755672105824,0.004777077496712793,0.018115520669114347
Spanish,preamble1,Zero-Shot,False,Zero-Shot,True,the marseille caper by peter mayle,0.7142857142857143,0.48795003647426655,0.17126461110867217,0.10445522730720382,0.3694888972939642
Spanish,karthik_2_generate_knowledge,Zero-Shot,True,Zero-Shot Reasoning,False,the marseille caper by peter mayle,0.3333333333333333,0.24253562503633297,0.15725058206571177,0.07036147891341805,0.20087025483719903
Spanish,preamble3,Zero-Shot,False,Zero-Shot,True,the marseille caper by peter mayle,0.2727272727272727,0.1973855084879307,0.1275170262320814,0.056586356745712406,0.1635540410482493
Chinese,preamble3,Zero-Shot,False,Zero-Shot,True,a set of 5 printable curriculum map templates for kids,0.026548672566371685,0.01772527783021312,0.010231835434285174,0.004081353677352601,0.014646784877055645
Chinese,preamble1,Zero-Shot,False,Zero-Shot,True,a set of 5 printable curriculum map templates for kids,0.02747252747252747,0.017399068235248925,0.009871276706506097,0.003901297348370495,0.014661042440663246
French,karthik_5_chain_of_thought,Zero-Shot,True,Zero-Shot Reasoning,False,the marseille caper by peter mayle,0.2857142857142857,0.2182178902359924,0.1006949130683619,0.06985342056580097,0.16862012739611024
Spanish,preamble5,Zero-Shot,False,Zero-Shot,True,the marseille caper by peter mayle,0.029556650246305424,0.017106726789440706,0.005544156331643656,0.002920968990139201,0.013782125589382249
Spanish,karthik_1_tree_of_thoughts,Zero-Shot,True,Zero-Shot Reasoning,False,the marseille caper by peter mayle,0.7142857142857143,0.48795003647426655,0.17126461110867217,0.10445522730720382,0.3694888972939642
Chinese,preamble4,Zero-Shot,False,Zero-Shot,True,a set of 5 printable curriculum map templates for kids,0.014010507880910683,0.009915611607472858,0.0058665641886779,0.0023485218390745808,0.008035301379034005
French,preamble1,Zero-Shot,False,Zero-Shot,True,the marseille caper by peter mayle,0.25,0.18898223650461357,0.08622792534209149,0.05873949094699214,0.1459874131984243
French,preamble5,Zero-Shot,False,Zero-Shot,True,the marseille caper by peter mayle,0.10344827586206899,0.06078306738548309,0.024828271296253392,0.0151463165231073,0.0510514827667282
French,preamble4,Zero-Shot,False,Zero-Shot,True,the marseille caper by peter mayle,0.06666666666666667,0.04794633014853841,0.02097666269801357,0.01320526852533513,0.03719873200963845
French,karthik_2_generate_knowledge,Zero-Shot,True,Zero-Shot Reasoning,False,the marseille caper by peter mayle,0.06976744186046512,0.040756957296961126,0.01661554095205414,0.010032055247005962,0.03429299883912158
French,karthik_3_self_consistency,Zero-Shot,True,Zero-Shot Reasoning,False,the marseille caper by peter mayle,0.3333333333333333,0.20412414523193154,0.08622792534209153,0.056122223243057295,0.1699519067876034
French,karthik_4_meta_prompt,Zero-Shot,True,Zero-Shot Reasoning,False,the marseille caper by peter mayle,0.2857142857142857,0.2182178902359924,0.1006949130683619,0.06985342056580097,0.16862012739611024
Chinese,preamble5,Zero-Shot,False,Zero-Shot,True,a set of 5 printable curriculum map templates for kids,0.009489916963226574,0.006714368244141883,0.003986949404793355,0.0015894020088375606,0.005445159155249843
Spanish,preamble4,Zero-Shot,False,Zero-Shot,True,the marseille caper by peter mayle,0.02678571428571428,0.015499374871153366,0.005027023075500356,0.0026452747053052213,0.012489346734418306
French,preamble2,Zero-Shot,False,Zero-Shot,True,the marseille caper by peter mayle,0.03448275862068965,0.024595948397164096,0.010741573621823002,0.006657238367601376,0.01911937975181953
Hindi,preamble1,Zero-Shot,False,Zero-Shot,True,a set of 5 printable curriculum map templates for kids,0.035211267605633804,0.027322676329663557,0.02281407831727115,0.016568960339683567,0.02547924564806302
Spanish,preamble2,Zero-Shot,False,Zero-Shot,True,the marseille caper by peter mayle,0.021201413427561835,0.012262325808672151,0.003984602436263177,0.0020908377744158655,0.009884794861728255
French,preamble3,Zero-Shot,False,Zero-Shot,True,the marseille caper by peter mayle,0.026086956521739126,0.015127225520401284,0.006181946460028792,0.003666954525344337,0.012765770756878386
French,karthik_1_tree_of_thoughts,Zero-Shot,True,Zero-Shot Reasoning,False,the marseille caper by peter mayle,0.3274923012311928,0.25890539701513365,0.12464965750914189,0.09302577375697234,0.20101828237811015
Hindi,karthik_5_chain_of_thought,Zero-Shot,True,Zero-Shot Reasoning,False,the marseille caper by peter mayle,0.42857142857142855,0.26726124191242434,0.11511121735118796,0.07730551756939454,0.22206235135110883
Hindi,preamble4,Zero-Shot,False,Zero-Shot,True,a set of 5 printable curriculum map templates for kids,0.029761904761904757,0.013329779199368194,0.008502503446772204,0.003555198080095092,0.013787346372035061
Hindi,karthik_3_self_consistency,Zero-Shot,True,Zero-Shot Reasoning,False,the marseille caper by peter mayle,0.375,0.07319250547114,0.04610606439635425,0.03655552228545124,0.13271352303823636
Hindi,preamble2,Zero-Shot,False,Zero-Shot,True,a set of 5 printable curriculum map templates for kids,0.029220779220779227,0.023897492496857884,0.02032845004191262,0.014874533264501104,0.022080313756012708
Chinese,karthik_2_generate_knowledge,Zero-Shot,True,Zero-Shot Reasoning,False,the marseille caper by peter mayle,0.6191984998215584,0.4229931028018367,0.14846550637941736,0.09054992806599667,0.3203017592672023
Chinese,karthik_4_meta_prompt,Zero-Shot,True,Zero-Shot Reasoning,False,the marseille caper by peter mayle,0.875,0.6123724356957945,0.5034777750283593,0.3976353643835253,0.5971213937769198
Chinese,karthik_5_chain_of_thought,Zero-Shot,True,Zero-Shot Reasoning,False,the marseille caper by peter mayle,0.6363636363636364,0.504524979109513,0.38756311218730594,0.28997844147152074,0.454607542282994
Chinese,karthik_3_self_consistency,Zero-Shot,True,Zero-Shot Reasoning,False,the marseille caper by peter mayle,0.09302325581395347,0.06655583256397216,0.04910030239365105,0.022797230914240133,0.057869155421454196
Hindi,karthik_2_generate_knowledge,Zero-Shot,True,Zero-Shot Reasoning,False,the marseille caper by peter mayle,0.05263157894736841,0.009694584179118518,0.005845068097497847,0.004217698009415556,0.018097232308350083
Hindi,preamble2,Zero-Shot,False,Zero-Shot,True,the marseille caper by peter mayle,0.029999999999999995,0.005504818825631805,0.00332495517556801,0.0023761402037683083,0.010301478551242029
Chinese,preamble5,Zero-Shot,False,Zero-Shot,True,the marseille caper by peter mayle,0.030042918454935626,0.019710048566745794,0.01243088145634314,0.005200066448145369,0.01684597873154248
Chinese,karthik_1_tree_of_thoughts,Zero-Shot,True,Zero-Shot Reasoning,False,the marseille caper by peter mayle,0.875,0.6123724356957945,0.5034777750283593,0.3976353643835253,0.5971213937769198
Chinese,preamble1,Zero-Shot,False,Zero-Shot,True,the marseille caper by peter mayle,0.029126213592233018,0.016856992062276085,0.005463826486172482,0.0028781172989164974,0.013581287359899519
Hindi,preamble5,Zero-Shot,False,Zero-Shot,True,a set of 5 printable curriculum map templates for kids,0.018140589569161,0.009080596088053259,0.006030345356967183,0.0025590131729041014,0.008952636046771385
Chinese,preamble4,Zero-Shot,False,Zero-Shot,True,the marseille caper by peter mayle,0.03317535545023697,0.021770017209205402,0.013719507307194628,0.005746150292287106,0.018602757564731023
Chinese,preamble3,Zero-Shot,False,Zero-Shot,True,the marseille caper by peter mayle,0.0358974358974359,0.023560878338989805,0.014839267464275902,0.006221299423883713,0.020129720281146332
Spanish,preamble4,Zero-Shot,False,Zero-Shot,True,uncle lincoln wants you to join the army basic round button keychain,0.7980538111748767,0.676205794704027,0.6310408246351591,0.5959334546593729,0.6753084712933589
Hindi,preamble3,Zero-Shot,False,Zero-Shot,True,the marseille caper by peter mayle,0.0196078431372549,0.003591642632671797,0.0021748587954018906,0.001544825776723122,0.006729792585512928
Spanish,preamble1,Zero-Shot,False,Zero-Shot,True,uncle lincoln wants you to join the army basic round button keychain,0.7980538111748767,0.676205794704027,0.6310408246351591,0.5959334546593729,0.6753084712933589
Hindi,preamble1,Zero-Shot,False,Zero-Shot,True,the marseille caper by peter mayle,0.01785714285714285,0.0032699999869200014,0.001981371202247411,0.0014056456967897946,0.006128539935775014
Hindi,preamble4,Zero-Shot,False,Zero-Shot,True,the marseille caper by peter mayle,0.01714285714285714,0.0031388241028717217,0.0019024401022391382,0.0013489313620168508,0.005883263177496214
Hindi,karthik_4_meta_prompt,Zero-Shot,True,Zero-Shot Reasoning,False,the marseille caper by peter mayle,0.42857142857142855,0.08451542547285168,0.053841561511499283,0.043472087194499145,0.15260012568756967
Spanish,preamble5,Zero-Shot,False,Zero-Shot,True,uncle lincoln wants you to join the army basic round button keychain,0.12371134020618557,0.1015346165133619,0.09345421442224972,0.08344619229271828,0.10053659085862886
Hindi,karthik_1_tree_of_thoughts,Zero-Shot,True,Zero-Shot Reasoning,False,the marseille caper by peter mayle,0.06976744186046512,0.040756957296961126,0.01661554095205414,0.010032055247005962,0.03429299883912158
Spanish,preamble2,Zero-Shot,False,Zero-Shot,True,uncle lincoln wants you to join the army basic round button keychain,0.35294117647058826,0.29250896965085227,0.2690510705758011,0.2453318866111749,0.28995827582710415
Hindi,preamble3,Zero-Shot,False,Zero-Shot,True,a set of 5 printable curriculum map templates for kids,0.01758241758241759,0.008800885413611155,0.005846217858846638,0.002480013380974776,0.00867738355896254
Chinese,preamble2,Zero-Shot,False,Zero-Shot,True,the marseille caper by peter mayle,0.03167420814479638,0.02078270964422864,0.013101978257047257,0.005484359725704329,0.01776081394294415
Spanish,preamble3,Zero-Shot,False,Zero-Shot,True,uncle lincoln wants you to join the army basic round button keychain,0.15476190476190477,0.1221343935897378,0.11082477263914962,0.09854999237178114,0.12156776584064333
French,preamble4,Zero-Shot,False,Zero-Shot,True,uncle lincoln wants you to join the army basic round button keychain,0.5333333333333333,0.47809144373375745,0.4164431587284029,0.3290385879986622,0.4392266309485389
French,preamble5,Zero-Shot,False,Zero-Shot,True,uncle lincoln wants you to join the army basic round button keychain,0.42857142857142855,0.3144854510165755,0.2580040100182615,0.19674979811155635,0.29945267192945546
French,preamble1,Zero-Shot,False,Zero-Shot,True,uncle lincoln wants you to join the army basic round button keychain,0.5294117647058824,0.4067446084099803,0.3570442742276459,0.31181814978096556,0.4012546992811185
Spanish,karthik_5_chain_of_thought,Zero-Shot,True,Zero-Shot Reasoning,False,uncle lincoln wants you to join the army basic round button keychain,0.8,0.6324555320336759,0.5391859815249466,0.4758733096412523,0.6118787057999686
Spanish,karthik_3_self_consistency,Zero-Shot,True,Zero-Shot Reasoning,False,uncle lincoln wants you to join the army basic round button keychain,0.1746031746031746,0.09191594370186937,0.05329409794572118,0.021919222940181927,0.08543310979773676
Spanish,karthik_4_meta_prompt,Zero-Shot,True,Zero-Shot Reasoning,False,uncle lincoln wants you to join the army basic round button keychain,0.8125,0.698212002188447,0.6276127042079099,0.5791460926441345,0.6793676997601228
French,preamble2,Zero-Shot,False,Zero-Shot,True,uncle lincoln wants you to join the army basic round button keychain,0.5333333333333333,0.47809144373375745,0.4164431587284029,0.3290385879986622,0.4392266309485389
French,karthik_5_chain_of_thought,Zero-Shot,True,Zero-Shot Reasoning,False,uncle lincoln wants you to join the army basic round button keychain,0.6,0.4140393356054125,0.30129092468604046,0.21651956746181059,0.3829624569383159
Spanish,karthik_2_generate_knowledge,Zero-Shot,True,Zero-Shot Reasoning,False,uncle lincoln wants you to join the army basic round button keychain,0.12000000000000001,0.0933256525257383,0.08117351449760474,0.07026622218996505,0.09119134730332702
French,preamble3,Zero-Shot,False,Zero-Shot,True,uncle lincoln wants you to join the army basic round button keychain,0.14,0.053452248382484864,0.018864614597621485,0.010608359163960558,0.055731305536016726
Spanish,karthik_1_tree_of_thoughts,Zero-Shot,True,Zero-Shot Reasoning,False,uncle lincoln wants you to join the army basic round button keychain,0.6650448426457306,0.37801053093436787,0.2261911509247823,0.09842330616707698,0.3419174576679894
French,karthik_2_generate_knowledge,Zero-Shot,True,Zero-Shot Reasoning,False,uncle lincoln wants you to join the army basic round button keychain,0.5625,0.33541019662496846,0.2558573981686843,0.1875114458383465,0.3353197601579998
Hindi,preamble5,Zero-Shot,False,Zero-Shot,True,uncle lincoln wants you to join the army basic round button keychain,0.5,0.36514837167011077,0.2706122360721329,0.195647514979229,0.3328520306803681
Hindi,preamble4,Zero-Shot,False,Zero-Shot,True,uncle lincoln wants you to join the army basic round button keychain,0.5,0.36514837167011077,0.2706122360721329,0.195647514979229,0.3328520306803681
Hindi,preamble5,Zero-Shot,False,Zero-Shot,True,the marseille caper by peter mayle,0.011320754716981128,0.0020707884164064562,0.0012591114775151316,0.0008881853459399438,0.003884709989210665
French,karthik_3_self_consistency,Zero-Shot,True,Zero-Shot Reasoning,False,uncle lincoln wants you to join the army basic round button keychain,0.5294117647058824,0.31506301890630223,0.23997836323895744,0.17534823156623092,0.31495034460434324
French,karthik_1_tree_of_thoughts,Zero-Shot,True,Zero-Shot Reasoning,False,uncle lincoln wants you to join the army basic round button keychain,0.42857142857142855,0.25677629550654774,0.08398011054317454,0.047275266063115634,0.2041507751710666
Hindi,preamble3,Zero-Shot,False,Zero-Shot,True,uncle lincoln wants you to join the army basic round button keychain,0.10126582278481011,0.07206329937748998,0.052831056186924706,0.03649963240704604,0.06566495268906772
Hindi,preamble2,Zero-Shot,False,Zero-Shot,True,uncle lincoln wants you to join the army basic round button keychain,0.10810810810810814,0.07696578428840449,0.056412670124903225,0.03901742796537275,0.07012599762169715
Hindi,karthik_2_generate_knowledge,Zero-Shot,True,Zero-Shot Reasoning,False,uncle lincoln wants you to join the army basic round button keychain,0.37037037037037035,0.2923526731023431,0.26111905430547583,0.2310325762059593,0.2887186684960371
Hindi,preamble1,Zero-Shot,False,Zero-Shot,True,uncle lincoln wants you to join the army basic round button keychain,0.08737864077669903,0.06544667069255815,0.0453314524046796,0.03034736127245855,0.05712603128659883
French,karthik_4_meta_prompt,Zero-Shot,True,Zero-Shot Reasoning,False,uncle lincoln wants you to join the army basic round button keychain,0.36363636363636365,0.041612518928823956,0.021347545368416942,0.014610534486579728,0.11030174060504606
Chinese,karthik_2_generate_knowledge,Zero-Shot,True,Zero-Shot Reasoning,False,uncle lincoln wants you to join the army basic round button keychain,0.5,0.3692744729379982,0.2423541882452667,0.11094660471566163,0.3056438164747316
Chinese,karthik_4_meta_prompt,Zero-Shot,True,Zero-Shot Reasoning,False,uncle lincoln wants you to join the army basic round button keychain,0.4,0.2390457218668787,0.07801823798083979,0.043748114312246456,0.19020301853999122
Chinese,preamble1,Zero-Shot,False,Zero-Shot,True,uncle lincoln wants you to join the army basic round button keychain,0.15,0.062017367294604234,0.022476578856590216,0.01286057341226582,0.06183862989086507
Chinese,preamble5,Zero-Shot,False,Zero-Shot,True,uncle lincoln wants you to join the army basic round button keychain,0.051948051948051945,0.008267569167031343,0.004750060656727779,0.0033313147879940283,0.017074249139951276
Chinese,karthik_5_chain_of_thought,Zero-Shot,True,Zero-Shot Reasoning,False,uncle lincoln wants you to join the army basic round button keychain,0.5,0.30151134457776363,0.09916088951040199,0.05637560315259291,0.23926195931018965
Chinese,preamble4,Zero-Shot,False,Zero-Shot,True,uncle lincoln wants you to join the army basic round button keychain,0.06329113924050633,0.028485520217432815,0.010653934026045987,0.0061021938268538195,0.027133196827709736
Chinese,preamble2,Zero-Shot,False,Zero-Shot,True,uncle lincoln wants you to join the army basic round button keychain,0.10909090909090911,0.044946657497549475,0.016284305727373473,0.009252921910030762,0.0448936985564657
Chinese,preamble3,Zero-Shot,False,Zero-Shot,True,uncle lincoln wants you to join the army basic round button keychain,0.047619047619047616,0.02139802462554565,0.008013280525753197,0.004569066640764199,0.02039985485277767
Spanish,preamble1,Zero-Shot,False,Zero-Shot,True,"a poster for the film the interview, starring actors jay and patton",0.5882352941176471,0.4696682183138622,0.357044274227646,0.28175950490399515,0.4241768228907876
Chinese,karthik_3_self_consistency,Zero-Shot,True,Zero-Shot Reasoning,False,uncle lincoln wants you to join the army basic round button keychain,0.05511811023622046,0.04183038700921056,0.025015220664909826,0.01030772958768017,0.03306786187450525
Spanish,karthik_2_generate_knowledge,Zero-Shot,True,Zero-Shot Reasoning,False,"a poster for the film the interview, starring actors jay and patton",0.2962962962962963,0.23870495801314426,0.1929826924705226,0.15450079547146167,0.2206211855628562
Spanish,karthik_5_chain_of_thought,Zero-Shot,True,Zero-Shot Reasoning,False,"a poster for the film the interview, starring actors jay and patton",0.5625,0.4330127018922193,0.3461929201608134,0.2803950119994003,0.4055251585131083
Spanish,karthik_4_meta_prompt,Zero-Shot,True,Zero-Shot Reasoning,False,"a poster for the film the interview, starring actors jay and patton",0.5,0.3834824944236852,0.3057471930187898,0.24623953025272619,0.3588673044238003
Chinese,karthik_1_tree_of_thoughts,Zero-Shot,True,Zero-Shot Reasoning,False,uncle lincoln wants you to join the army basic round button keychain,0.4117647058823529,0.3208444739598739,0.24287577258313642,0.17694975149532557,0.2881086759801722
Spanish,karthik_3_self_consistency,Zero-Shot,True,Zero-Shot Reasoning,False,"a poster for the film the interview, starring actors jay and patton",0.1089108910891089,0.08083720347307008,0.06593919309047976,0.0481795589051263,0.07596671163944627
Hindi,karthik_3_self_consistency,Zero-Shot,True,Zero-Shot Reasoning,False,uncle lincoln wants you to join the army basic round button keychain,0.15151515151515155,0.11826247919781654,0.10536581147446815,0.09126428539721755,0.11660193189616345
Hindi,karthik_5_chain_of_thought,Zero-Shot,True,Zero-Shot Reasoning,False,uncle lincoln wants you to join the army basic round button keychain,0.4375,0.2958039891549808,0.18734426618765018,0.08326915667169545,0.25097935300358165
French,preamble1,Zero-Shot,False,Zero-Shot,True,"a poster for the film the interview, starring actors jay and patton",0.6111111111111112,0.5362664443598958,0.47953634570245085,0.41180376356915777,0.5096794161856539
Spanish,karthik_1_tree_of_thoughts,Zero-Shot,True,Zero-Shot Reasoning,False,"a poster for the film the interview, starring actors jay and patton",0.3125,0.14433756729740646,0.05457178254306466,0.032709344708772174,0.1360296736373108
French,karthik_2_generate_knowledge,Zero-Shot,True,Zero-Shot Reasoning,False,"a poster for the film the interview, starring actors jay and patton",0.6842105263157895,0.5848976518656018,0.4977536896339003,0.41682189465797687,0.5459209406183171
French,karthik_5_chain_of_thought,Zero-Shot,True,Zero-Shot Reasoning,False,"a poster for the film the interview, starring actors jay and patton",0.8235294117647058,0.7524469885568253,0.6735714637852908,0.5997820163128024,0.7123324701049062
Spanish,preamble2,Zero-Shot,False,Zero-Shot,True,"a poster for the film the interview, starring actors jay and patton",0.06976744186046512,0.04947706959952934,0.03989681923136989,0.028733635288698767,0.04696874149501578
French,preamble4,Zero-Shot,False,Zero-Shot,True,"a poster for the film the interview, starring actors jay and patton",0.1780821917808219,0.14919877336158882,0.12605489769211964,0.10182310575902959,0.13878974214839
French,preamble2,Zero-Shot,False,Zero-Shot,True,"a poster for the film the interview, starring actors jay and patton",0.26,0.2185294077254051,0.1845256869670282,0.1501319000280531,0.2032967486801216
French,karthik_3_self_consistency,Zero-Shot,True,Zero-Shot Reasoning,False,"a poster for the film the interview, starring actors jay and patton",0.631578947368421,0.5923488777590924,0.5519156993719444,0.49883494354016517,0.5686696170099057
Hindi,karthik_4_meta_prompt,Zero-Shot,True,Zero-Shot Reasoning,False,uncle lincoln wants you to join the army basic round button keychain,0.5,0.41702882811414954,0.36567901563048016,0.3083012995502152,0.39775228582371125
Spanish,preamble5,Zero-Shot,False,Zero-Shot,True,"a poster for the film the interview, starring actors jay and patton",0.03846153846153846,0.02616820906151836,0.020927563872787516,0.01485297588797404,0.025102571820954597
French,karthik_4_meta_prompt,Zero-Shot,True,Zero-Shot Reasoning,False,"a poster for the film the interview, starring actors jay and patton",0.52,0.41633319989322654,0.3599571595309782,0.30111729710828683,0.3993519141331229
Spanish,preamble4,Zero-Shot,False,Zero-Shot,True,"a poster for the film the interview, starring actors jay and patton",0.04332129963898917,0.03068822874419908,0.024837130038024752,0.01778228612299287,0.02915723613605147
Hindi,karthik_1_tree_of_thoughts,Zero-Shot,True,Zero-Shot Reasoning,False,uncle lincoln wants you to join the army basic round button keychain,0.6666666666666666,0.5601120336112039,0.49350522429506183,0.4450050658086207,0.5413222475953883
French,karthik_1_tree_of_thoughts,Zero-Shot,True,Zero-Shot Reasoning,False,"a poster for the film the interview, starring actors jay and patton",0.6875,0.5664215155988809,0.4544956960280895,0.3446073377034663,0.5132561373326092
Hindi,preamble1,Zero-Shot,False,Zero-Shot,True,"a poster for the film the interview, starring actors jay and patton",0.625,0.5773502691896257,0.5261597794341888,0.48415247130346006,0.5531656299818186
Hindi,karthik_2_generate_knowledge,Zero-Shot,True,Zero-Shot Reasoning,False,"a poster for the film the interview, starring actors jay and patton",0.45,0.37696851746252596,0.2907846259401052,0.19319794288373765,0.3277377715715922
Spanish,preamble3,Zero-Shot,False,Zero-Shot,True,"a poster for the film the interview, starring actors jay and patton",0.032520325203252036,0.018801111554573625,0.010342399897921354,0.004027680160045981,0.01642287920394825
Hindi,karthik_3_self_consistency,Zero-Shot,True,Zero-Shot Reasoning,False,"a poster for the film the interview, starring actors jay and patton",0.625,0.5773502691896257,0.5261597794341888,0.48415247130346006,0.5531656299818186
French,preamble5,Zero-Shot,False,Zero-Shot,True,"a poster for the film the interview, starring actors jay and patton",0.05511811023622046,0.029520036803917973,0.019822337695424675,0.012883901047905546,0.02933609644586716
French,preamble3,Zero-Shot,False,Zero-Shot,True,"a poster for the film the interview, starring actors jay and patton",0.05670103092783505,0.024239955652380612,0.015146127080018007,0.0063267731298549765,0.02560347169752216
Chinese,karthik_5_chain_of_thought,Zero-Shot,True,Zero-Shot Reasoning,False,"a poster for the film the interview, starring actors jay and patton",0.5384615384615384,0.21182963643408087,0.07611875032070826,0.04494125428082658,0.21783779487428856
Chinese,karthik_2_generate_knowledge,Zero-Shot,True,Zero-Shot Reasoning,False,"a poster for the film the interview, starring actors jay and patton",0.1509433962264151,0.07619393177594594,0.04995388800074796,0.021843646882190253,0.07473371572132481
Hindi,preamble2,Zero-Shot,False,Zero-Shot,True,"a poster for the film the interview, starring actors jay and patton",0.16176470588235295,0.1389790946943892,0.12322166410262599,0.10780545324620729,0.13294272948139385
Chinese,karthik_3_self_consistency,Zero-Shot,True,Zero-Shot Reasoning,False,"a poster for the film the interview, starring actors jay and patton",0.11000000000000001,0.07453559924999299,0.04988791653427766,0.03288061410280198,0.06682603247176816
Chinese,karthik_4_meta_prompt,Zero-Shot,True,Zero-Shot Reasoning,False,"a poster for the film the interview, starring actors jay and patton",0.4547743189500984,0.2753795255607423,0.19436030141835586,0.09250205543221647,0.25425405034035325
Chinese,preamble5,Zero-Shot,False,Zero-Shot,True,"a poster for the film the interview, starring actors jay and patton",0.03827751196172249,0.019184707441917043,0.00592216093683873,0.003048022713141736,0.016608100763405
Hindi,karthik_5_chain_of_thought,Zero-Shot,True,Zero-Shot Reasoning,False,"a poster for the film the interview, starring actors jay and patton",0.686038455689853,0.5244563582408093,0.34427283694649446,0.13254231265254648,0.42182749088242577
Chinese,preamble4,Zero-Shot,False,Zero-Shot,True,"a poster for the film the interview, starring actors jay and patton",0.03883495145631068,0.013763676383574244,0.0047795475167918,0.0026006725579251024,0.014994711978650457
Chinese,karthik_1_tree_of_thoughts,Zero-Shot,True,Zero-Shot Reasoning,False,"a poster for the film the interview, starring actors jay and patton",0.5,0.316227766016838,0.19578424841096842,0.08609583710384033,0.2745269628829117
Chinese,preamble1,Zero-Shot,False,Zero-Shot,True,"a poster for the film the interview, starring actors jay and patton",0.04678362573099414,0.016589086726447978,0.005752812543678948,0.003137705956894791,0.018065807739503965
Spanish,preamble4,Zero-Shot,False,Zero-Shot,True,yoga a way of life a begin's guide to yoga so much more than just a fitness routine,0.8,0.7302967433402215,0.6731947192795489,0.6084121675336108,0.7029759075383454
Spanish,preamble1,Zero-Shot,False,Zero-Shot,True,yoga a way of life a begin's guide to yoga so much more than just a fitness routine,0.7391304347826086,0.6349504353380414,0.5388844020088385,0.4426623526629488,0.5889069061981094
Hindi,preamble4,Zero-Shot,False,Zero-Shot,True,"a poster for the film the interview, starring actors jay and patton",0.09629629629629628,0.05994285098483521,0.03906389443716179,0.025294133320950037,0.055149293759810834
Chinese,preamble2,Zero-Shot,False,Zero-Shot,True,"a poster for the film the interview, starring actors jay and patton",0.0547945205479452,0.0061473022144534475,0.003149721755465404,0.0020697488494854453,0.016540323341837377
Spanish,karthik_2_generate_knowledge,Zero-Shot,True,Zero-Shot Reasoning,False,yoga a way of life a begin's guide to yoga so much more than just a fitness routine,0.40625,0.34342910241721913,0.29039717093915673,0.2388314661261249,0.31972693487062515
Chinese,preamble3,Zero-Shot,False,Zero-Shot,True,"a poster for the film the interview, starring actors jay and patton",0.029962546816479405,0.010613253669135181,0.003693081577175309,0.00200314239260805,0.011568006113849486
Spanish,karthik_4_meta_prompt,Zero-Shot,True,Zero-Shot Reasoning,False,yoga a way of life a begin's guide to yoga so much more than just a fitness routine,0.6190476190476191,0.5277986629117476,0.448363543542652,0.37392149096896676,0.49228282911774635
Spanish,preamble2,Zero-Shot,False,Zero-Shot,True,yoga a way of life a begin's guide to yoga so much more than just a fitness routine,0.6956521739130435,0.5897678246195885,0.4911334294180707,0.39022736644855677,0.5416951985998149
Hindi,karthik_1_tree_of_thoughts,Zero-Shot,True,Zero-Shot Reasoning,False,"a poster for the film the interview, starring actors jay and patton",0.6191984998215584,0.5747344510849006,0.5532311315418994,0.5301288270677014,0.569323227379015
Hindi,preamble5,Zero-Shot,False,Zero-Shot,True,"a poster for the film the interview, starring actors jay and patton",0.06282722513089005,0.031496171479342666,0.018097464374191737,0.007268988299252608,0.029922462320919267
French,preamble4,Zero-Shot,False,Zero-Shot,True,yoga a way of life a begin's guide to yoga so much more than just a fitness routine,0.56,0.458257569495584,0.40350092493459844,0.3471636178393148,0.4422305280673743
Spanish,karthik_3_self_consistency,Zero-Shot,True,Zero-Shot Reasoning,False,yoga a way of life a begin's guide to yoga so much more than just a fitness routine,0.1504424778761062,0.10995056928671547,0.07778816961171062,0.025086196687081886,0.09081685336540354
Spanish,karthik_5_chain_of_thought,Zero-Shot,True,Zero-Shot Reasoning,False,yoga a way of life a begin's guide to yoga so much more than just a fitness routine,0.46875,0.407836542209364,0.3576766023585308,0.30950920105373303,0.385943086405407
French,preamble1,Zero-Shot,False,Zero-Shot,True,yoga a way of life a begin's guide to yoga so much more than just a fitness routine,0.5833333333333334,0.4777665429529547,0.42088674893315176,0.3626305461419687,0.46115429284035214
French,karthik_2_generate_knowledge,Zero-Shot,True,Zero-Shot Reasoning,False,yoga a way of life a begin's guide to yoga so much more than just a fitness routine,0.75,0.6282808624375432,0.5387954941327553,0.435949382480739,0.5882564347627595
French,karthik_3_self_consistency,Zero-Shot,True,Zero-Shot Reasoning,False,yoga a way of life a begin's guide to yoga so much more than just a fitness routine,0.14285714285714285,0.11720180773462381,0.10003286648481076,0.07778526110972649,0.10946926954657597
Hindi,karthik_4_meta_prompt,Zero-Shot,True,Zero-Shot Reasoning,False,"a poster for the film the interview, starring actors jay and patton",0.5294117647058824,0.4812667109398109,0.4560940851408683,0.42649937722961534,0.4733179845040442
French,karthik_5_chain_of_thought,Zero-Shot,True,Zero-Shot Reasoning,False,yoga a way of life a begin's guide to yoga so much more than just a fitness routine,0.7272727272727273,0.670981706320262,0.5904582270495491,0.5226904654305022,0.6278507815182601
French,preamble2,Zero-Shot,False,Zero-Shot,True,yoga a way of life a begin's guide to yoga so much more than just a fitness routine,0.10062893081761005,0.08742255776629258,0.07793358572130038,0.0640699126097303,0.08251374672873332
Hindi,preamble3,Zero-Shot,False,Zero-Shot,True,"a poster for the film the interview, starring actors jay and patton",0.043824701195219126,0.02648009099537812,0.01473604936598962,0.005804929900156999,0.022711442864185968
French,karthik_4_meta_prompt,Zero-Shot,True,Zero-Shot Reasoning,False,yoga a way of life a begin's guide to yoga so much more than just a fitness routine,0.3793103448275862,0.2850978571952793,0.21154169553726238,0.13651897290525358,0.25311721761634537
Spanish,karthik_1_tree_of_thoughts,Zero-Shot,True,Zero-Shot Reasoning,False,yoga a way of life a begin's guide to yoga so much more than just a fitness routine,0.5217391304347826,0.40744067683325375,0.2909109982776321,0.18556675930109115,0.35141439121168994
French,karthik_1_tree_of_thoughts,Zero-Shot,True,Zero-Shot Reasoning,False,yoga a way of life a begin's guide to yoga so much more than just a fitness routine,0.18032786885245902,0.12258597964029809,0.1029602438910279,0.08520119993884606,0.12276882308065777
French,preamble3,Zero-Shot,False,Zero-Shot,True,yoga a way of life a begin's guide to yoga so much more than just a fitness routine,0.06324110671936757,0.05487696486095816,0.04909137032376516,0.040122690626813,0.05183303313272597
Hindi,preamble1,Zero-Shot,False,Zero-Shot,True,yoga a way of life a begin's guide to yoga so much more than just a fitness routine,0.6666666666666666,0.4815434123430768,0.31988208914077076,0.11077392465195486,0.39471652320061723
French,preamble5,Zero-Shot,False,Zero-Shot,True,yoga a way of life a begin's guide to yoga so much more than just a fitness routine,0.04424778761061946,0.03618157186090759,0.03254644307087048,0.027293657029094184,0.03506736489287293
Hindi,karthik_2_generate_knowledge,Zero-Shot,True,Zero-Shot Reasoning,False,yoga a way of life a begin's guide to yoga so much more than just a fitness routine,0.7191070868408715,0.5541092244695122,0.4551975994017201,0.3749055485758685,0.5258298648219931
Chinese,karthik_4_meta_prompt,Zero-Shot,True,Zero-Shot Reasoning,False,yoga a way of life a begin's guide to yoga so much more than just a fitness routine,0.5333333333333333,0.3380617018914066,0.2096698749823582,0.0925159978069645,0.29339522700351567
Hindi,karthik_1_tree_of_thoughts,Zero-Shot,True,Zero-Shot Reasoning,False,yoga a way of life a begin's guide to yoga so much more than just a fitness routine,0.5842745080582082,0.33297820350540186,0.18006592295906812,0.07383788876017713,0.29278913082071384
Chinese,karthik_2_generate_knowledge,Zero-Shot,True,Zero-Shot Reasoning,False,yoga a way of life a begin's guide to yoga so much more than just a fitness routine,0.5714285714285714,0.41931393468876726,0.24816819594503417,0.10743014571163138,0.33658521194350105
Chinese,karthik_5_chain_of_thought,Zero-Shot,True,Zero-Shot Reasoning,False,yoga a way of life a begin's guide to yoga so much more than just a fitness routine,0.625,0.5,0.3806693978654565,0.14247788801610148,0.4120368214703895
Chinese,preamble5,Zero-Shot,False,Zero-Shot,True,yoga a way of life a begin's guide to yoga so much more than just a fitness routine,0.11111111111111109,0.07529232524210427,0.05039189548519488,0.018679795262473993,0.06386878177522107
Hindi,karthik_5_chain_of_thought,Zero-Shot,True,Zero-Shot Reasoning,False,yoga a way of life a begin's guide to yoga so much more than just a fitness routine,0.3762534511638337,0.22485444459590756,0.0639360218203186,0.033599607919137256,0.17466088137479927
Chinese,karthik_3_self_consistency,Zero-Shot,True,Zero-Shot Reasoning,False,yoga a way of life a begin's guide to yoga so much more than just a fitness routine,0.2608695652173913,0.1539981007018036,0.04982275898725426,0.027412292653919493,0.12302567939009215
Chinese,preamble3,Zero-Shot,False,Zero-Shot,True,yoga a way of life a begin's guide to yoga so much more than just a fitness routine,0.07643312101910828,0.049495247447034894,0.032729724376805915,0.011969503720640826,0.04265689914089747
Chinese,preamble4,Zero-Shot,False,Zero-Shot,True,yoga a way of life a begin's guide to yoga so much more than just a fitness routine,0.06091370558375635,0.03525814584813117,0.01929655707741208,0.007571303398311769,0.030759927976902843
Hindi,karthik_4_meta_prompt,Zero-Shot,True,Zero-Shot Reasoning,False,yoga a way of life a begin's guide to yoga so much more than just a fitness routine,0.48148148148148145,0.33333333333333337,0.21043582048779394,0.07801157731069054,0.27581555315332484
Spanish,preamble3,Zero-Shot,False,Zero-Shot,True,yoga a way of life a begin's guide to yoga so much more than just a fitness routine,0.025185185185185192,0.019330479455563848,0.015576327669720115,0.011043159756543474,0.017783788016753156
Spanish,preamble5,Zero-Shot,False,Zero-Shot,True,yoga a way of life a begin's guide to yoga so much more than just a fitness routine,0.02513966480446928,0.020540799504177358,0.016729747645735624,0.013050547973235732,0.0188651899819045
Spanish,preamble5,Zero-Shot,False,Zero-Shot,True,"theia sleeveless sequind dress, silver",0.625,0.2988071523335984,0.11667240223363196,0.07386099955930606,0.2785851385316341
Spanish,preamble4,Zero-Shot,False,Zero-Shot,True,"theia sleeveless sequind dress, silver",0.625,0.2988071523335984,0.11667240223363196,0.07386099955930606,0.2785851385316341
Spanish,preamble1,Zero-Shot,False,Zero-Shot,True,"theia sleeveless sequind dress, silver",0.5555555555555556,0.372677996249965,0.12829151181128146,0.07583235673413397,0.283089355087734
Spanish,preamble3,Zero-Shot,False,Zero-Shot,True,"theia sleeveless sequind dress, silver",0.4444444444444444,0.23570226039551587,0.0948151464331332,0.06030725360407769,0.2088172762192928
Spanish,karthik_5_chain_of_thought,Zero-Shot,True,Zero-Shot Reasoning,False,"theia sleeveless sequind dress, silver",0.5555555555555556,0.26352313834736496,0.10206057820194947,0.06376715693797415,0.24622660726071105
Chinese,karthik_1_tree_of_thoughts,Zero-Shot,True,Zero-Shot Reasoning,False,yoga a way of life a begin's guide to yoga so much more than just a fitness routine,0.3561388764008908,0.1657736252993399,0.06307570742360678,0.03825655967767164,0.15581119220037729
Hindi,karthik_3_self_consistency,Zero-Shot,True,Zero-Shot Reasoning,False,yoga a way of life a begin's guide to yoga so much more than just a fitness routine,0.15702479338842976,0.1143914308374356,0.07803492275150148,0.02470896201806316,0.0935400272488575
Spanish,preamble2,Zero-Shot,False,Zero-Shot,True,"theia sleeveless sequind dress, silver",0.4444444444444444,0.23570226039551587,0.0948151464331332,0.06030725360407769,0.2088172762192928
Chinese,preamble1,Zero-Shot,False,Zero-Shot,True,yoga a way of life a begin's guide to yoga so much more than just a fitness routine,0.05309734513274337,0.03762883473534388,0.024188100279586833,0.008677201114524719,0.030897870315549702
French,preamble4,Zero-Shot,False,Zero-Shot,True,"theia sleeveless sequind dress, silver",0.875,0.8660254037844386,0.8563285146644029,0.8408964152537145,0.859562583425639
French,preamble5,Zero-Shot,False,Zero-Shot,True,"theia sleeveless sequind dress, silver",0.6666666666666666,0.6454972243679028,0.6227700724866008,0.5873949094699213,0.6305822182477729
Spanish,karthik_2_generate_knowledge,Zero-Shot,True,Zero-Shot Reasoning,False,"theia sleeveless sequind dress, silver",0.29411764705882354,0.19174124721184263,0.06434016142474894,0.036374995670960676,0.14664351284159396
Spanish,karthik_4_meta_prompt,Zero-Shot,True,Zero-Shot Reasoning,False,"theia sleeveless sequind dress, silver",0.4117647058823529,0.27785946511310566,0.0821891546260356,0.043788268658607944,0.20390039857002554
French,preamble3,Zero-Shot,False,Zero-Shot,True,"theia sleeveless sequind dress, silver",0.8888888888888888,0.8819171036881969,0.8747619509674373,0.8633400213704505,0.8772269912287434
French,preamble1,Zero-Shot,False,Zero-Shot,True,"theia sleeveless sequind dress, silver",0.7777777777777778,0.5400617248673217,0.350372724490772,0.1623339577375495,0.45763654621835526
French,preamble2,Zero-Shot,False,Zero-Shot,True,"theia sleeveless sequind dress, silver",0.6,0.5773502691896258,0.5536178537956703,0.5169731539571706,0.5619853192356167
Chinese,preamble2,Zero-Shot,False,Zero-Shot,True,yoga a way of life a begin's guide to yoga so much more than just a fitness routine,0.0497737556561086,0.03684380630918059,0.0240322207401567,0.008683895568973655,0.02983341956860489
French,karthik_2_generate_knowledge,Zero-Shot,True,Zero-Shot Reasoning,False,"theia sleeveless sequind dress, silver",0.4953587998572467,0.37833653275138546,0.2948799604333175,0.15228621982435664,0.33021537821657654
Hindi,preamble5,Zero-Shot,False,Zero-Shot,True,yoga a way of life a begin's guide to yoga so much more than just a fitness routine,0.08888888888888888,0.06299407883487121,0.04278356932865001,0.023795805105026005,0.054615585539359024
Spanish,karthik_3_self_consistency,Zero-Shot,True,Zero-Shot Reasoning,False,"theia sleeveless sequind dress, silver",0.08333333333333333,0.05314940034527337,0.03774832501200329,0.017097140167490404,0.04783204971452509
French,karthik_3_self_consistency,Zero-Shot,True,Zero-Shot Reasoning,False,"theia sleeveless sequind dress, silver",0.6666666666666666,0.408248290463863,0.13624724651304662,0.07936880926086218,0.3226327532261096
French,karthik_5_chain_of_thought,Zero-Shot,True,Zero-Shot Reasoning,False,"theia sleeveless sequind dress, silver",0.7430381997858699,0.5675047991270782,0.38535898603131136,0.18651176671349295,0.47060343791443815
Spanish,karthik_1_tree_of_thoughts,Zero-Shot,True,Zero-Shot Reasoning,False,"theia sleeveless sequind dress, silver",0.6,0.25819888974716104,0.09635409769034631,0.05873949094699214,0.25332311959612486
Hindi,preamble4,Zero-Shot,False,Zero-Shot,True,"theia sleeveless sequind dress, silver",0.375,0.23145502494313785,0.098573017775554,0.06500593260343691,0.1925084938305322
Hindi,preamble1,Zero-Shot,False,Zero-Shot,True,"theia sleeveless sequind dress, silver",0.2,0.14907119849998599,0.06705330284284157,0.0446323613785333,0.11518921568034021
French,karthik_1_tree_of_thoughts,Zero-Shot,True,Zero-Shot Reasoning,False,"theia sleeveless sequind dress, silver",0.625,0.2988071523335984,0.11667240223363196,0.07386099955930606,0.2785851385316341
Hindi,karthik_2_generate_knowledge,Zero-Shot,True,Zero-Shot Reasoning,False,"theia sleeveless sequind dress, silver",0.05555555555555554,0.018077538151554672,0.013254163846385744,0.010802314890908065,0.024422393111101004
Hindi,preamble3,Zero-Shot,False,Zero-Shot,True,"theia sleeveless sequind dress, silver",0.375,0.23145502494313785,0.098573017775554,0.06500593260343691,0.1925084938305322
French,karthik_4_meta_prompt,Zero-Shot,True,Zero-Shot Reasoning,False,"theia sleeveless sequind dress, silver",0.7430381997858699,0.5675047991270782,0.38535898603131136,0.18651176671349295,0.47060343791443815
Hindi,preamble2,Zero-Shot,False,Zero-Shot,True,"theia sleeveless sequind dress, silver",0.2,0.14907119849998599,0.06705330284284157,0.0446323613785333,0.11518921568034021
Chinese,preamble4,Zero-Shot,False,Zero-Shot,True,"theia sleeveless sequind dress, silver",0.7054014374088451,0.6911494341909904,0.6734070949822775,0.6431870218238024,0.6782862471014788
Chinese,preamble1,Zero-Shot,False,Zero-Shot,True,"theia sleeveless sequind dress, silver",0.7142857142857143,0.3450327796711771,0.13624724651304665,0.08783602619713961,0.3208504416667694
Chinese,preamble5,Zero-Shot,False,Zero-Shot,True,"theia sleeveless sequind dress, silver",0.15,0.12403473458920843,0.10910886033021695,0.09001463882570905,0.1182895584362836
Chinese,karthik_2_generate_knowledge,Zero-Shot,True,Zero-Shot Reasoning,False,"theia sleeveless sequind dress, silver",0.3,0.05773502691896258,0.03585339536577223,0.02777619034011792,0.10534115315621317
Chinese,preamble2,Zero-Shot,False,Zero-Shot,True,"theia sleeveless sequind dress, silver",0.7054014374088451,0.6911494341909904,0.6734070949822775,0.6431870218238024,0.6782862471014788
Chinese,preamble3,Zero-Shot,False,Zero-Shot,True,"theia sleeveless sequind dress, silver",0.15384615384615385,0.12725695259515554,0.11195235859948986,0.09241713818460442,0.12136815080635094
Hindi,preamble5,Zero-Shot,False,Zero-Shot,True,"theia sleeveless sequind dress, silver",0.041666666666666664,0.024225079155575455,0.009879448051627389,0.005903992807031137,0.020418796670225163
Chinese,karthik_4_meta_prompt,Zero-Shot,True,Zero-Shot Reasoning,False,"theia sleeveless sequind dress, silver",0.4,0.06666666666666667,0.039423944368881844,0.02984745896009824,0.1339845174989117
Chinese,karthik_5_chain_of_thought,Zero-Shot,True,Zero-Shot Reasoning,False,"theia sleeveless sequind dress, silver",0.7054014374088451,0.6911494341909904,0.6734070949822775,0.6431870218238024,0.6782862471014788
Spanish,preamble5,Zero-Shot,False,Zero-Shot,True,chandelier ceiling light with crystal droplets and chrome metal frame,0.7980538111748767,0.7929215790909236,0.7885241403968746,0.7807675336587018,0.7900667660803441
Spanish,preamble4,Zero-Shot,False,Zero-Shot,True,chandelier ceiling light with crystal droplets and chrome metal frame,0.8645582954394498,0.8619966356000875,0.8598373374036872,0.8559471626823624,0.8605848577813967
Spanish,preamble1,Zero-Shot,False,Zero-Shot,True,chandelier ceiling light with crystal droplets and chrome metal frame,0.8645582954394498,0.8619966356000875,0.8598373374036872,0.8559471626823624,0.8605848577813967
Chinese,karthik_3_self_consistency,Zero-Shot,True,Zero-Shot Reasoning,False,"theia sleeveless sequind dress, silver",0.12500000000000003,0.05661385170722981,0.021164128858789988,0.012287542170364497,0.053766380684096074
Chinese,karthik_1_tree_of_thoughts,Zero-Shot,True,Zero-Shot Reasoning,False,"theia sleeveless sequind dress, silver",0.5362560368285115,0.2997762379232956,0.12828388144020333,0.09057365499736145,0.26372245279734297
Spanish,preamble3,Zero-Shot,False,Zero-Shot,True,chandelier ceiling light with crystal droplets and chrome metal frame,0.8645582954394498,0.8619966356000875,0.8598373374036872,0.8559471626823624,0.8605848577813967
Hindi,karthik_3_self_consistency,Zero-Shot,True,Zero-Shot Reasoning,False,"theia sleeveless sequind dress, silver",0.03921568627450981,0.0280056016805602,0.012229731789415797,0.007599116882217506,0.021762534156675832
Spanish,preamble2,Zero-Shot,False,Zero-Shot,True,chandelier ceiling light with crystal droplets and chrome metal frame,0.9333333333333333,0.8944271909999159,0.8791803553924225,0.8666415730847504,0.8933956132026055
Hindi,preamble3,Zero-Shot,False,Zero-Shot,True,yoga a way of life a begin's guide to yoga so much more than just a fitness routine,0.05865102639296189,0.03940212137976155,0.02486148424108081,0.007984744360459933,0.03272484409356605
Spanish,karthik_5_chain_of_thought,Zero-Shot,True,Zero-Shot Reasoning,False,chandelier ceiling light with crystal droplets and chrome metal frame,0.9333333333333333,0.8944271909999159,0.8791803553924225,0.8666415730847504,0.8933956132026055
Spanish,karthik_2_generate_knowledge,Zero-Shot,True,Zero-Shot Reasoning,False,chandelier ceiling light with crystal droplets and chrome metal frame,0.5,0.4423258684646914,0.3801722136590415,0.33573064840973227,0.4145571826333663
Hindi,karthik_5_chain_of_thought,Zero-Shot,True,Zero-Shot Reasoning,False,"theia sleeveless sequind dress, silver",0.16666666666666669,0.12309149097933275,0.054897238831218345,0.03602080288207364,0.09516904983982286
French,preamble1,Zero-Shot,False,Zero-Shot,True,chandelier ceiling light with crystal droplets and chrome metal frame,0.4152547563801129,0.30796116960254716,0.25502118616645514,0.197674377662711,0.29397787245295653
French,preamble4,Zero-Shot,False,Zero-Shot,True,chandelier ceiling light with crystal droplets and chrome metal frame,0.3333333333333333,0.26919095102908275,0.21791665849686273,0.1472821272412462,0.24193076752513126
French,preamble3,Zero-Shot,False,Zero-Shot,True,chandelier ceiling light with crystal droplets and chrome metal frame,0.42105263157894735,0.3419927840283847,0.27787728832300745,0.22537412722674852,0.316574207789272
Spanish,karthik_4_meta_prompt,Zero-Shot,True,Zero-Shot Reasoning,False,chandelier ceiling light with crystal droplets and chrome metal frame,0.5,0.4423258684646914,0.3801722136590415,0.33573064840973227,0.4145571826333663
Spanish,karthik_3_self_consistency,Zero-Shot,True,Zero-Shot Reasoning,False,chandelier ceiling light with crystal droplets and chrome metal frame,0.12037037037037035,0.10606397750571905,0.09694905506376189,0.08345848043221427,0.10171047084301639
French,preamble2,Zero-Shot,False,Zero-Shot,True,chandelier ceiling light with crystal droplets and chrome metal frame,0.4152547563801129,0.30796116960254716,0.25502118616645514,0.197674377662711,0.29397787245295653
French,karthik_5_chain_of_thought,Zero-Shot,True,Zero-Shot Reasoning,False,chandelier ceiling light with crystal droplets and chrome metal frame,0.5294117647058824,0.4067446084099803,0.32470747744544015,0.2204887282071633,0.3703381446921165
French,karthik_2_generate_knowledge,Zero-Shot,True,Zero-Shot Reasoning,False,chandelier ceiling light with crystal droplets and chrome metal frame,0.42736665168106897,0.31453333915753573,0.25869131821036,0.1981705142980857,0.29969045583676257
Hindi,preamble4,Zero-Shot,False,Zero-Shot,True,yoga a way of life a begin's guide to yoga so much more than just a fitness routine,0.04473684210526316,0.026612684332206024,0.012882087257963254,0.004721565880097249,0.022238294893882418
Hindi,karthik_4_meta_prompt,Zero-Shot,True,Zero-Shot Reasoning,False,"theia sleeveless sequind dress, silver",0.0909090909090909,0.03015113445777637,0.022461584318318094,0.018850319022747353,0.04059303217698318
Spanish,karthik_1_tree_of_thoughts,Zero-Shot,True,Zero-Shot Reasoning,False,chandelier ceiling light with crystal droplets and chrome metal frame,0.8,0.7171371656006362,0.6546037953524969,0.6100034457014365,0.6954361016636424
Hindi,preamble5,Zero-Shot,False,Zero-Shot,True,chandelier ceiling light with crystal droplets and chrome metal frame,0.46002220731466165,0.3923082565559,0.3523214784252851,0.30527785817943404,0.3774824501188202
Hindi,preamble4,Zero-Shot,False,Zero-Shot,True,chandelier ceiling light with crystal droplets and chrome metal frame,0.378978599125082,0.17775671939720908,0.06809854834079701,0.04179252131328987,0.1666565970440945
Hindi,preamble1,Zero-Shot,False,Zero-Shot,True,chandelier ceiling light with crystal droplets and chrome metal frame,0.5366925752004387,0.47375722886602417,0.4387747704130522,0.3989486553351905,0.4620433074536764
Hindi,preamble3,Zero-Shot,False,Zero-Shot,True,chandelier ceiling light with crystal droplets and chrome metal frame,0.5,0.4385290096535146,0.3673153683529942,0.30576902884505114,0.40290335171289
French,karthik_3_self_consistency,Zero-Shot,True,Zero-Shot Reasoning,False,chandelier ceiling light with crystal droplets and chrome metal frame,0.11340206185567012,0.0841880565518612,0.0686588186923553,0.050197821982229,0.0791116897705289
Hindi,preamble2,Zero-Shot,False,Zero-Shot,True,yoga a way of life a begin's guide to yoga so much more than just a fitness routine,0.04726368159203981,0.034331405829581274,0.023635045779110315,0.015590500905263035,0.030205158526498608
Hindi,preamble2,Zero-Shot,False,Zero-Shot,True,chandelier ceiling light with crystal droplets and chrome metal frame,0.6153846153846154,0.5063696835418333,0.41566083684640853,0.3438931217657843,0.4703270643846604
French,karthik_4_meta_prompt,Zero-Shot,True,Zero-Shot Reasoning,False,chandelier ceiling light with crystal droplets and chrome metal frame,0.3461538461538461,0.26311740579210874,0.2085830560125121,0.13927409128834833,0.23928209981170384
Chinese,preamble5,Zero-Shot,False,Zero-Shot,True,chandelier ceiling light with crystal droplets and chrome metal frame,0.5,0.3333333333333333,0.24382614716244752,0.1186840521952098,0.2989608831727476
Hindi,karthik_1_tree_of_thoughts,Zero-Shot,True,Zero-Shot Reasoning,False,"theia sleeveless sequind dress, silver",0.05084745762711865,0.02960878761306918,0.012069767655829016,0.007239266950906245,0.02494131996173077
Chinese,preamble1,Zero-Shot,False,Zero-Shot,True,chandelier ceiling light with crystal droplets and chrome metal frame,0.42857142857142855,0.25677629550654774,0.17954629261351382,0.08406863224415036,0.23724066223391013
French,karthik_1_tree_of_thoughts,Zero-Shot,True,Zero-Shot Reasoning,False,chandelier ceiling light with crystal droplets and chrome metal frame,0.3460456303167608,0.2811287990449823,0.1910321887598887,0.08930948185917743,0.2268790249952023
French,preamble5,Zero-Shot,False,Zero-Shot,True,chandelier ceiling light with crystal droplets and chrome metal frame,0.05847953216374268,0.04147271681611995,0.0323571783325322,0.02064726635077735,0.03823917341579304
Hindi,karthik_5_chain_of_thought,Zero-Shot,True,Zero-Shot Reasoning,False,chandelier ceiling light with crystal droplets and chrome metal frame,0.5294117647058824,0.4067446084099803,0.32470747744544015,0.26220676436185975,0.38076765373079063
Chinese,preamble2,Zero-Shot,False,Zero-Shot,True,chandelier ceiling light with crystal droplets and chrome metal frame,0.5,0.3333333333333333,0.24382614716244752,0.1186840521952098,0.2989608831727476
Chinese,karthik_2_generate_knowledge,Zero-Shot,True,Zero-Shot Reasoning,False,chandelier ceiling light with crystal droplets and chrome metal frame,0.45454545454545453,0.21320071635561047,0.08167713343422024,0.05012578715739066,0.199887272873169
Chinese,preamble4,Zero-Shot,False,Zero-Shot,True,chandelier ceiling light with crystal droplets and chrome metal frame,0.05737704918032786,0.030795794813370823,0.02071450330787511,0.009027420173890412,0.02947869186886605
Chinese,karthik_4_meta_prompt,Zero-Shot,True,Zero-Shot Reasoning,False,chandelier ceiling light with crystal droplets and chrome metal frame,0.46153846153846156,0.2773500981126146,0.1944191802499099,0.09144626892372869,0.25618850220617867
Chinese,preamble3,Zero-Shot,False,Zero-Shot,True,chandelier ceiling light with crystal droplets and chrome metal frame,0.04310344827586208,0.02737928390966968,0.019494853473020324,0.00873404085141238,0.024677906627491118
Chinese,karthik_5_chain_of_thought,Zero-Shot,True,Zero-Shot Reasoning,False,chandelier ceiling light with crystal droplets and chrome metal frame,0.4166666666666667,0.19462473604038075,0.0742797963075324,0.045293761707938834,0.18271624018062968
Spanish,preamble5,Zero-Shot,False,Zero-Shot,True,being a music manager is easy its like riding a bike,0.8461538461538461,0.7966275068156915,0.7413977502861777,0.7016035864257111,0.7714456724203567
Spanish,preamble4,Zero-Shot,False,Zero-Shot,True,being a music manager is easy its like riding a bike,0.7142857142857143,0.5741692517632146,0.48252113480269265,0.3759663529467017,0.5367356134495809
Spanish,preamble1,Zero-Shot,False,Zero-Shot,True,being a music manager is easy its like riding a bike,0.7857142857142857,0.6953534953651154,0.6585795875629225,0.6262844962765469,0.6914829662297176
Chinese,karthik_3_self_consistency,Zero-Shot,True,Zero-Shot Reasoning,False,chandelier ceiling light with crystal droplets and chrome metal frame,0.11864406779661016,0.07833748864631077,0.049043478209246615,0.020939634735597016,0.06674116734694115
Hindi,karthik_1_tree_of_thoughts,Zero-Shot,True,Zero-Shot Reasoning,False,chandelier ceiling light with crystal droplets and chrome metal frame,0.8433740467435463,0.7967818356789772,0.7438088875325772,0.7076618839098693,0.7729066634662425
Spanish,preamble2,Zero-Shot,False,Zero-Shot,True,being a music manager is easy its like riding a bike,0.7142857142857143,0.5741692517632146,0.48252113480269265,0.3759663529467017,0.5367356134495809
Spanish,karthik_2_generate_knowledge,Zero-Shot,True,Zero-Shot Reasoning,False,being a music manager is easy its like riding a bike,0.7142857142857143,0.5741692517632146,0.48252113480269265,0.3759663529467017,0.5367356134495809
Spanish,karthik_5_chain_of_thought,Zero-Shot,True,Zero-Shot Reasoning,False,being a music manager is easy its like riding a bike,0.7142857142857143,0.5741692517632146,0.48252113480269265,0.3759663529467017,0.5367356134495809
Hindi,karthik_3_self_consistency,Zero-Shot,True,Zero-Shot Reasoning,False,chandelier ceiling light with crystal droplets and chrome metal frame,0.6,0.35856858280031806,0.21797985966524663,0.09528070628428423,0.31795728718746225
Spanish,karthik_3_self_consistency,Zero-Shot,True,Zero-Shot Reasoning,False,being a music manager is easy its like riding a bike,0.14457831325301204,0.13278366471904962,0.11175457874159836,0.08989414048067028,0.11975267429858256
French,preamble4,Zero-Shot,False,Zero-Shot,True,being a music manager is easy its like riding a bike,0.7667036788577695,0.7162536053706346,0.6933003904593597,0.6709489882833027,0.7118016657427667
French,preamble1,Zero-Shot,False,Zero-Shot,True,being a music manager is easy its like riding a bike,0.8433740467435463,0.7967818356789772,0.7438088875325772,0.7076618839098693,0.7729066634662425
French,preamble3,Zero-Shot,False,Zero-Shot,True,being a music manager is easy its like riding a bike,0.7857142857142857,0.7375337578416624,0.7155268590282667,0.6930977286178778,0.7329681578005232
Chinese,karthik_1_tree_of_thoughts,Zero-Shot,True,Zero-Shot Reasoning,False,chandelier ceiling light with crystal droplets and chrome metal frame,0.3333333333333333,0.19802950859533483,0.13755682595856714,0.06357877332311639,0.1831246103025879
French,karthik_3_self_consistency,Zero-Shot,True,Zero-Shot Reasoning,False,being a music manager is easy its like riding a bike,0.6923076923076923,0.6354889093022426,0.6069900756683363,0.5760844201603896,0.6277177743596651
Spanish,karthik_4_meta_prompt,Zero-Shot,True,Zero-Shot Reasoning,False,being a music manager is easy its like riding a bike,0.7142857142857143,0.5741692517632146,0.48252113480269265,0.3759663529467017,0.5367356134495809
French,karthik_5_chain_of_thought,Zero-Shot,True,Zero-Shot Reasoning,False,being a music manager is easy its like riding a bike,0.8433740467435463,0.7967818356789772,0.7438088875325772,0.7076618839098693,0.7729066634662425
French,karthik_2_generate_knowledge,Zero-Shot,True,Zero-Shot Reasoning,False,being a music manager is easy its like riding a bike,0.8433740467435463,0.7967818356789772,0.7438088875325772,0.7076618839098693,0.7729066634662425
Hindi,karthik_2_generate_knowledge,Zero-Shot,True,Zero-Shot Reasoning,False,chandelier ceiling light with crystal droplets and chrome metal frame,0.4,0.2513123449750173,0.19464403309995135,0.14253911354181859,0.24712387290419682
French,preamble5,Zero-Shot,False,Zero-Shot,True,being a music manager is easy its like riding a bike,0.12244897959183675,0.09400278879076844,0.0792106325875035,0.06634820202181234,0.09050265074798025
French,preamble2,Zero-Shot,False,Zero-Shot,True,being a music manager is easy its like riding a bike,0.10679611650485438,0.07235401682172153,0.05536933498134884,0.041994149733065346,0.06912840451024753
French,karthik_4_meta_prompt,Zero-Shot,True,Zero-Shot Reasoning,False,being a music manager is easy its like riding a bike,0.8433740467435463,0.7967818356789772,0.7438088875325772,0.7076618839098693,0.7729066634662425
Hindi,karthik_4_meta_prompt,Zero-Shot,True,Zero-Shot Reasoning,False,chandelier ceiling light with crystal droplets and chrome metal frame,0.5,0.45374260648651504,0.4294618879164086,0.40052744847255717,0.4459329857188702
Spanish,karthik_1_tree_of_thoughts,Zero-Shot,True,Zero-Shot Reasoning,False,being a music manager is easy its like riding a bike,0.7142857142857143,0.5741692517632146,0.48252113480269265,0.3759663529467017,0.5367356134495809
Hindi,preamble5,Zero-Shot,False,Zero-Shot,True,being a music manager is easy its like riding a bike,0.1126760563380282,0.08971226080325131,0.07236224013790601,0.05664012620630393,0.08284767087137236
French,karthik_1_tree_of_thoughts,Zero-Shot,True,Zero-Shot Reasoning,False,being a music manager is easy its like riding a bike,0.8433740467435463,0.7967818356789772,0.7438088875325772,0.7076618839098693,0.7729066634662425
Spanish,preamble3,Zero-Shot,False,Zero-Shot,True,being a music manager is easy its like riding a bike,0.042553191489361694,0.01907098558968743,0.012128827436073112,0.005093022473096386,0.019711506747054654
Hindi,preamble1,Zero-Shot,False,Zero-Shot,True,being a music manager is easy its like riding a bike,0.1095890410958904,0.10322058954755538,0.09884630484605669,0.08955181329490258,0.10030193719610125
Hindi,preamble4,Zero-Shot,False,Zero-Shot,True,being a music manager is easy its like riding a bike,0.10810810810810814,0.08605036280522886,0.069417197436146,0.05429582722028727,0.07946787389244256
Hindi,karthik_2_generate_knowledge,Zero-Shot,True,Zero-Shot Reasoning,False,being a music manager is easy its like riding a bike,0.2647058823529412,0.2369593480332035,0.2225231290978683,0.20299685933250958,0.23179630470413062
Hindi,preamble3,Zero-Shot,False,Zero-Shot,True,being a music manager is easy its like riding a bike,0.08860759493670887,0.07536560246162974,0.06220744587616976,0.04912452010748567,0.06882629084549852
Hindi,preamble2,Zero-Shot,False,Zero-Shot,True,being a music manager is easy its like riding a bike,0.18000000000000002,0.16035674514745465,0.15043118540201653,0.1359844208983429,0.15669308786195352
Chinese,preamble2,Zero-Shot,False,Zero-Shot,True,being a music manager is easy its like riding a bike,0.24390243902439027,0.2208630521496931,0.1873829220099992,0.14906383786801686,0.20030306276302484
Chinese,karthik_5_chain_of_thought,Zero-Shot,True,Zero-Shot Reasoning,False,being a music manager is easy its like riding a bike,0.75,0.6908492797077574,0.623236794874327,0.53107253497887,0.6487896523902387
Chinese,preamble1,Zero-Shot,False,Zero-Shot,True,being a music manager is easy its like riding a bike,0.11111111111111109,0.08845748207237919,0.07135303968906047,0.05583651656864801,0.0816895373602997
Chinese,preamble5,Zero-Shot,False,Zero-Shot,True,being a music manager is easy its like riding a bike,0.10000000000000002,0.08868578544121851,0.078444856093664,0.06265407778405309,0.0824461798297339
Chinese,karthik_3_self_consistency,Zero-Shot,True,Zero-Shot Reasoning,False,being a music manager is easy its like riding a bike,0.5882352941176471,0.5752237416355278,0.5641594536082336,0.5450176720923848,0.5681590403634483
Chinese,karthik_2_generate_knowledge,Zero-Shot,True,Zero-Shot Reasoning,False,being a music manager is easy its like riding a bike,0.14516129032258066,0.12906530512820683,0.11402615159234782,0.09165934627753188,0.11997802333016679
Chinese,preamble3,Zero-Shot,False,Zero-Shot,True,being a music manager is easy its like riding a bike,0.051428571428571414,0.04548588261473421,0.04039275363766095,0.03195710947161251,0.04231607928814477
Chinese,preamble4,Zero-Shot,False,Zero-Shot,True,being a music manager is easy its like riding a bike,0.051136363636363646,0.04522670168666454,0.040164234529497016,0.03177396663379847,0.04207531662158092
Spanish,preamble4,Zero-Shot,False,Zero-Shot,True,2013 subarund wagon,0.3333333333333333,0.12909944487358058,0.12111838948674812,0.11362193664674995,0.17429327608510298
Hindi,karthik_1_tree_of_thoughts,Zero-Shot,True,Zero-Shot Reasoning,False,being a music manager is easy its like riding a bike,0.8181818181818182,0.7567874686642695,0.7278010532191317,0.6989307622784944,0.7504252755859284
Chinese,karthik_1_tree_of_thoughts,Zero-Shot,True,Zero-Shot Reasoning,False,being a music manager is easy its like riding a bike,0.8333333333333334,0.8257228238447705,0.8187104363805253,0.8070557274927982,0.8212055802628568
Chinese,karthik_4_meta_prompt,Zero-Shot,True,Zero-Shot Reasoning,False,being a music manager is easy its like riding a bike,0.3448275862068966,0.2936101097573518,0.2552930093892757,0.20716865163126652,0.2752248392461977
Hindi,karthik_5_chain_of_thought,Zero-Shot,True,Zero-Shot Reasoning,False,being a music manager is easy its like riding a bike,0.9090909090909091,0.9045340337332909,0.9002437389487007,0.8931539818068694,0.9017556658949425
Spanish,karthik_4_meta_prompt,Zero-Shot,True,Zero-Shot Reasoning,False,2013 subarund wagon,0.2,0.07071067811865477,0.05665132701906204,0.05372849659117709,0.09527262543222348
Spanish,karthik_2_generate_knowledge,Zero-Shot,True,Zero-Shot Reasoning,False,2013 subarund wagon,0.07142857142857141,0.023440361546924773,0.017300021018422027,0.01428363257865929,0.03161314664314437
Spanish,karthik_1_tree_of_thoughts,Zero-Shot,True,Zero-Shot Reasoning,False,2013 subarund wagon,0.16666666666666669,0.05773502691896258,0.04506819749679463,0.040824829046386304,0.07757368003220255
Spanish,karthik_5_chain_of_thought,Zero-Shot,True,Zero-Shot Reasoning,False,2013 subarund wagon,0.2,0.07071067811865477,0.05665132701906204,0.05372849659117709,0.09527262543222348
French,karthik_5_chain_of_thought,Zero-Shot,True,Zero-Shot Reasoning,False,2013 subarund wagon,0.07142857142857141,0.023440361546924773,0.017300021018422027,0.01428363257865929,0.03161314664314437
French,karthik_2_generate_knowledge,Zero-Shot,True,Zero-Shot Reasoning,False,2013 subarund wagon,0.10000000000000002,0.03333333333333335,0.024950558772614845,0.021105340631872645,0.04484730818445521
French,karthik_3_self_consistency,Zero-Shot,True,Zero-Shot Reasoning,False,2013 subarund wagon,0.0909090909090909,0.03015113445777637,0.022461584318318094,0.018850319022747353,0.04059303217698318
Spanish,karthik_3_self_consistency,Zero-Shot,True,Zero-Shot Reasoning,False,2013 subarund wagon,0.16666666666666669,0.05773502691896258,0.04506819749679463,0.040824829046386304,0.07757368003220255
French,karthik_4_meta_prompt,Zero-Shot,True,Zero-Shot Reasoning,False,2013 subarund wagon,0.08333333333333333,0.027524094128159027,0.020427282860665447,0.017033186037639283,0.03707947408994927
Hindi,karthik_3_self_consistency,Zero-Shot,True,Zero-Shot Reasoning,False,being a music manager is easy its like riding a bike,0.1774193548387097,0.16179192230684464,0.15457572574074216,0.14265093046668986,0.1591094833382466
Hindi,karthik_4_meta_prompt,Zero-Shot,True,Zero-Shot Reasoning,False,being a music manager is easy its like riding a bike,0.9090909090909091,0.9045340337332909,0.9002437389487007,0.8931539818068694,0.9017556658949425
Spanish,preamble5,Zero-Shot,False,Zero-Shot,True,2013 subarund wagon,0.004878048780487803,0.0015463506661142746,0.0011310181598256437,0.0008738605646044832,0.002107319542758051
Spanish,preamble1,Zero-Shot,False,Zero-Shot,True,2013 subarund wagon,0.003984063745019922,0.0012623888061956074,0.0009247869326948692,0.0007127443946139424,0.0017209959696310852
Hindi,karthik_2_generate_knowledge,Zero-Shot,True,Zero-Shot Reasoning,False,2013 subarund wagon,0.10000000000000002,0.03333333333333335,0.024950558772614845,0.021105340631872645,0.04484730818445521
Hindi,karthik_5_chain_of_thought,Zero-Shot,True,Zero-Shot Reasoning,False,2013 subarund wagon,0.4,0.10000000000000002,0.0712114757473708,0.06389431042462725,0.1587764465429995
Spanish,preamble3,Zero-Shot,False,Zero-Shot,True,2013 subarund wagon,0.0037037037037037025,0.0011733889063479384,0.0008600965851724915,0.0006623071981473051,0.0015998740983428593
French,karthik_1_tree_of_thoughts,Zero-Shot,True,Zero-Shot Reasoning,False,2013 subarund wagon,0.6666666666666666,0.18257418583505536,0.1522474354853864,0.13512001548070346,0.28415207586695296
Hindi,preamble5,Zero-Shot,False,Zero-Shot,True,2013 subarund wagon,0.04444444444444445,0.010050378152592123,0.006492258377278723,0.004863083928997274,0.016462541225828145
Hindi,preamble4,Zero-Shot,False,Zero-Shot,True,2013 subarund wagon,0.05128205128205127,0.011616917255955381,0.007506775405141993,0.005641822153183602,0.019011891524083065
Hindi,preamble3,Zero-Shot,False,Zero-Shot,True,2013 subarund wagon,0.25,0.059761430466719695,0.04033183084278514,0.03303164318013808,0.09578122612241072
Hindi,preamble2,Zero-Shot,False,Zero-Shot,True,2013 subarund wagon,0.03174603174603174,0.0071556465123515265,0.00462284587282868,0.003439174150102313,0.011740924570328564
Chinese,karthik_5_chain_of_thought,Zero-Shot,True,Zero-Shot Reasoning,False,2013 subarund wagon,0.375,0.23145502494313785,0.098573017775554,0.06500593260343691,0.1925084938305322
Chinese,karthik_2_generate_knowledge,Zero-Shot,True,Zero-Shot Reasoning,False,2013 subarund wagon,0.23076923076923078,0.1386750490563073,0.057551852907951895,0.036362270465000714,0.11583960079962267
Spanish,preamble2,Zero-Shot,False,Zero-Shot,True,2013 subarund wagon,0.0028248587570621478,0.0008945631749380714,0.0006572100436408359,0.0005044789658872991,0.0012202777353820886
French,preamble4,Zero-Shot,False,Zero-Shot,True,2013 subarund wagon,0.006734006734006734,0.0015083110670555569,0.0009834736769943418,0.0007156540316450865,0.0024853613774254296
French,preamble1,Zero-Shot,False,Zero-Shot,True,2013 subarund wagon,0.006451612903225806,0.0014449569598886606,0.0009425024871902366,0.0006854964067020002,0.002381142189251676
French,preamble5,Zero-Shot,False,Zero-Shot,True,2013 subarund wagon,0.006079027355623101,0.0013613823851752955,0.0008884359535979012,0.0006457266717530005,0.0022436430915373246
French,preamble3,Zero-Shot,False,Zero-Shot,True,2013 subarund wagon,0.00626959247648903,0.001404126048885951,0.0009160906847173652,0.0006660647680267665,0.0023139684945297783
Hindi,karthik_1_tree_of_thoughts,Zero-Shot,True,Zero-Shot Reasoning,False,2013 subarund wagon,0.6666666666666666,0.18257418583505536,0.1522474354853864,0.13512001548070346,0.28415207586695296
French,preamble2,Zero-Shot,False,Zero-Shot,True,2013 subarund wagon,0.00641025641025641,0.001435679523645931,0.0009365017541826742,0.0006810809134752357,0.0023658796503900625
Chinese,karthik_3_self_consistency,Zero-Shot,True,Zero-Shot Reasoning,False,2013 subarund wagon,0.11428571428571427,0.10041928905068677,0.08698204467408545,0.0661074021019606,0.09194861252811176
Chinese,karthik_4_meta_prompt,Zero-Shot,True,Zero-Shot Reasoning,False,2013 subarund wagon,0.21428571428571425,0.040599897147057515,0.024859743585800658,0.018798317647335087,0.07463591816647688
Spanish,preamble4,Zero-Shot,False,Zero-Shot,True,anubone's character likeness is depicted in a pin up version of the vampire,0.9355069850316178,0.9014770874022858,0.8639415651303817,0.8196501312471536,0.8801439422028596
Spanish,preamble5,Zero-Shot,False,Zero-Shot,True,anubone's character likeness is depicted in a pin up version of the vampire,0.9355069850316178,0.9014770874022858,0.8639415651303817,0.8196501312471536,0.8801439422028596
Hindi,karthik_3_self_consistency,Zero-Shot,True,Zero-Shot Reasoning,False,2013 subarund wagon,0.06896551724137931,0.01569412051435861,0.0101586586333325,0.007696339439306161,0.025628658957094146
Spanish,preamble1,Zero-Shot,False,Zero-Shot,True,anubone's character likeness is depicted in a pin up version of the vampire,0.8731398526961766,0.8011203201131285,0.7194736527088662,0.6160362085721387,0.7524425085225774
Chinese,karthik_1_tree_of_thoughts,Zero-Shot,True,Zero-Shot Reasoning,False,2013 subarund wagon,0.75,0.49999999999999994,0.23549424823785386,0.1880301546543197,0.4183811007230434
Hindi,karthik_4_meta_prompt,Zero-Shot,True,Zero-Shot Reasoning,False,2013 subarund wagon,0.6666666666666666,0.18257418583505536,0.1522474354853864,0.13512001548070346,0.28415207586695296
Spanish,preamble2,Zero-Shot,False,Zero-Shot,True,anubone's character likeness is depicted in a pin up version of the vampire,0.9355069850316178,0.9014770874022858,0.8639415651303817,0.8196501312471536,0.8801439422028596
Spanish,karthik_4_meta_prompt,Zero-Shot,True,Zero-Shot Reasoning,False,anubone's character likeness is depicted in a pin up version of the vampire,0.9355069850316178,0.9014770874022858,0.8639415651303817,0.8196501312471536,0.8801439422028596
Spanish,preamble3,Zero-Shot,False,Zero-Shot,True,anubone's character likeness is depicted in a pin up version of the vampire,0.1758241758241758,0.15936381457791915,0.14925816459578845,0.1338552739559098,0.15457535723844829
Spanish,karthik_2_generate_knowledge,Zero-Shot,True,Zero-Shot Reasoning,False,anubone's character likeness is depicted in a pin up version of the vampire,0.8823529411764706,0.8134892168199607,0.7633471225725459,0.708587641194393,0.7919442304408426
Spanish,karthik_5_chain_of_thought,Zero-Shot,True,Zero-Shot Reasoning,False,anubone's character likeness is depicted in a pin up version of the vampire,0.8125,0.7359800721939872,0.6498179412970536,0.537284965911771,0.683895744850703
Spanish,karthik_3_self_consistency,Zero-Shot,True,Zero-Shot Reasoning,False,anubone's character likeness is depicted in a pin up version of the vampire,0.12295081967213112,0.10080290058471449,0.0861082456632867,0.06681038439623045,0.09416808757909068
French,preamble5,Zero-Shot,False,Zero-Shot,True,anubone's character likeness is depicted in a pin up version of the vampire,1.0,1.0,1.0,1.0,1.0
Spanish,karthik_1_tree_of_thoughts,Zero-Shot,True,Zero-Shot Reasoning,False,anubone's character likeness is depicted in a pin up version of the vampire,0.8731398526961766,0.8011203201131285,0.7194736527088662,0.6160362085721387,0.7524425085225774
Chinese,preamble3,Zero-Shot,False,Zero-Shot,True,2013 subarund wagon,0.01176470588235294,0.0068057137534797115,0.00279683506587459,0.00164174829497656,0.0057522507491709505
French,preamble4,Zero-Shot,False,Zero-Shot,True,anubone's character likeness is depicted in a pin up version of the vampire,1.0,1.0,1.0,1.0,1.0
French,preamble1,Zero-Shot,False,Zero-Shot,True,anubone's character likeness is depicted in a pin up version of the vampire,0.7054014374088451,0.6589851290793678,0.6062305210214283,0.5367088830805397,0.6268314926475452
French,karthik_5_chain_of_thought,Zero-Shot,True,Zero-Shot Reasoning,False,anubone's character likeness is depicted in a pin up version of the vampire,1.0,1.0,1.0,1.0,1.0
French,preamble3,Zero-Shot,False,Zero-Shot,True,anubone's character likeness is depicted in a pin up version of the vampire,1.0,1.0,1.0,1.0,1.0
Chinese,preamble5,Zero-Shot,False,Zero-Shot,True,2013 subarund wagon,0.009493670886075951,0.005489866822936095,0.002260081030644028,0.0013233124796248061,0.00464173280482022
French,karthik_2_generate_knowledge,Zero-Shot,True,Zero-Shot Reasoning,False,anubone's character likeness is depicted in a pin up version of the vampire,0.9285714285714286,0.8864052604279183,0.8398612640265466,0.7825422900366437,0.8593450607656343
Chinese,preamble1,Zero-Shot,False,Zero-Shot,True,2013 subarund wagon,0.007772020725388603,0.004493001982994351,0.0018528696120518515,0.0010823950701094305,0.003800071847636059
French,preamble2,Zero-Shot,False,Zero-Shot,True,anubone's character likeness is depicted in a pin up version of the vampire,0.24561403508771928,0.23878346647045967,0.23512181762149872,0.22436571657855098,0.23597125893955717
Hindi,preamble4,Zero-Shot,False,Zero-Shot,True,anubone's character likeness is depicted in a pin up version of the vampire,0.5367694950537757,0.3522979888797809,0.20074386901461247,0.08536297264022483,0.29379358139709844
Chinese,preamble2,Zero-Shot,False,Zero-Shot,True,2013 subarund wagon,0.012658227848101266,0.006339152176074696,0.002485156786749874,0.0014219918010116709,0.005726132152984377
Hindi,preamble1,Zero-Shot,False,Zero-Shot,True,anubone's character likeness is depicted in a pin up version of the vampire,0.5367694950537757,0.3522979888797809,0.20074386901461247,0.08536297264022483,0.29379358139709844
French,karthik_3_self_consistency,Zero-Shot,True,Zero-Shot Reasoning,False,anubone's character likeness is depicted in a pin up version of the vampire,0.1728395061728395,0.16759003476664838,0.16516448866902023,0.15661637036563422,0.16555259999353558
Hindi,preamble2,Zero-Shot,False,Zero-Shot,True,anubone's character likeness is depicted in a pin up version of the vampire,0.5367694950537757,0.3522979888797809,0.20074386901461247,0.08536297264022483,0.29379358139709844
French,karthik_1_tree_of_thoughts,Zero-Shot,True,Zero-Shot Reasoning,False,anubone's character likeness is depicted in a pin up version of the vampire,1.0,1.0,1.0,1.0,1.0
French,karthik_4_meta_prompt,Zero-Shot,True,Zero-Shot Reasoning,False,anubone's character likeness is depicted in a pin up version of the vampire,1.0,1.0,1.0,1.0,1.0
Chinese,preamble4,Zero-Shot,False,Zero-Shot,True,2013 subarund wagon,0.006666666666666668,0.0038532856042645803,0.0015912076107800293,0.0009279385465937099,0.003259774607076247
Hindi,karthik_3_self_consistency,Zero-Shot,True,Zero-Shot Reasoning,False,anubone's character likeness is depicted in a pin up version of the vampire,0.7095666526675843,0.6111170310574134,0.5229963730842793,0.44300069361967526,0.5716701876072381
Hindi,preamble3,Zero-Shot,False,Zero-Shot,True,anubone's character likeness is depicted in a pin up version of the vampire,0.14285714285714285,0.09276773134741385,0.06113125405026159,0.022562189839773795,0.07982957952364803
Chinese,karthik_2_generate_knowledge,Zero-Shot,True,Zero-Shot Reasoning,False,anubone's character likeness is depicted in a pin up version of the vampire,0.5,0.19611613513818402,0.07029573625857945,0.04131551591106297,0.2019318468269566
Chinese,karthik_5_chain_of_thought,Zero-Shot,True,Zero-Shot Reasoning,False,anubone's character likeness is depicted in a pin up version of the vampire,0.5384615384615384,0.29957234475763905,0.095682287205018,0.05344445934790546,0.24679015744302524
Chinese,preamble1,Zero-Shot,False,Zero-Shot,True,anubone's character likeness is depicted in a pin up version of the vampire,0.06097560975609755,0.027436933240266373,0.010263176039180193,0.005874738147063014,0.026137614295651784
Chinese,karthik_3_self_consistency,Zero-Shot,True,Zero-Shot Reasoning,False,anubone's character likeness is depicted in a pin up version of the vampire,0.08823529411764706,0.05911401774341007,0.015823979631150904,0.007707906540950735,0.04272029950828969
Chinese,karthik_4_meta_prompt,Zero-Shot,True,Zero-Shot Reasoning,False,anubone's character likeness is depicted in a pin up version of the vampire,0.25,0.12909944487358058,0.0506976507883329,0.030934588294313718,0.1151829209890568
Hindi,karthik_2_generate_knowledge,Zero-Shot,True,Zero-Shot Reasoning,False,anubone's character likeness is depicted in a pin up version of the vampire,0.7095666526675843,0.6111170310574134,0.5229963730842793,0.44300069361967526,0.5716701876072381
Hindi,karthik_4_meta_prompt,Zero-Shot,True,Zero-Shot Reasoning,False,anubone's character likeness is depicted in a pin up version of the vampire,0.6067166205269093,0.462785279956738,0.3811979216134865,0.2926179833734934,0.43582945136765683
Chinese,karthik_1_tree_of_thoughts,Zero-Shot,True,Zero-Shot Reasoning,False,anubone's character likeness is depicted in a pin up version of the vampire,0.10606060606060606,0.08078865345335648,0.060555242977954817,0.0424182310003381,0.07245568337306386
Spanish,preamble4,Zero-Shot,False,Zero-Shot,True,a collection of concept artwork for transformers the last knight,0.19230769230769232,0.17541160386140583,0.15960952133871462,0.13523285066501545,0.16564041704320706
Spanish,karthik_3_self_consistency,Zero-Shot,True,Zero-Shot Reasoning,False,a collection of concept artwork for transformers the last knight,0.4166666666666667,0.3892494720807615,0.3605790708802296,0.31702331385234306,0.3708796308700002
Spanish,preamble1,Zero-Shot,False,Zero-Shot,True,a collection of concept artwork for transformers the last knight,0.5454545454545454,0.5222329678670935,0.49839100664976926,0.4617366309441026,0.5069537877288777
Chinese,preamble5,Zero-Shot,False,Zero-Shot,True,anubone's character likeness is depicted in a pin up version of the vampire,0.030172413793103453,0.016162704595880897,0.005107978698816646,0.0026537877689355913,0.013524221214184147
Hindi,preamble1,Zero-Shot,False,Zero-Shot,True,2013 subarund wagon,0.006849315068493151,0.0015341826874210676,0.001000201570004656,0.0007279718378857384,0.0025279177909511533
Spanish,karthik_5_chain_of_thought,Zero-Shot,True,Zero-Shot Reasoning,False,a collection of concept artwork for transformers the last knight,0.6363636363636364,0.5640760748177662,0.4769060747896939,0.40352786374639904,0.5202184124293738
Spanish,karthik_2_generate_knowledge,Zero-Shot,True,Zero-Shot Reasoning,False,a collection of concept artwork for transformers the last knight,0.3,0.2809757434745081,0.26336696414900734,0.23588448106534202,0.27005679717221437
Spanish,preamble3,Zero-Shot,False,Zero-Shot,True,a collection of concept artwork for transformers the last knight,0.20689655172413796,0.1719204765183758,0.1515012415889818,0.12607162121844206,0.1640974727624844
Spanish,preamble2,Zero-Shot,False,Zero-Shot,True,a collection of concept artwork for transformers the last knight,0.19230769230769232,0.17541160386140583,0.15960952133871462,0.13523285066501545,0.16564041704320706
Spanish,karthik_4_meta_prompt,Zero-Shot,True,Zero-Shot Reasoning,False,a collection of concept artwork for transformers the last knight,0.45454545454545453,0.4264014327112209,0.3964882289652318,0.3508439695638686,0.40706977144644396
Chinese,preamble4,Zero-Shot,False,Zero-Shot,True,anubone's character likeness is depicted in a pin up version of the vampire,0.022151898734177215,0.011859467782746996,0.003757476281894236,0.001944975358179482,0.009928454539249482
French,preamble1,Zero-Shot,False,Zero-Shot,True,a collection of concept artwork for transformers the last knight,0.4166666666666667,0.27524094128159016,0.09337069741532533,0.053863663688318665,0.20978549226297522
Chinese,preamble2,Zero-Shot,False,Zero-Shot,True,anubone's character likeness is depicted in a pin up version of the vampire,0.03804347826086956,0.02497325725745526,0.007353770431410343,0.0037093695691147797,0.018519968879712485
Hindi,karthik_1_tree_of_thoughts,Zero-Shot,True,Zero-Shot Reasoning,False,anubone's character likeness is depicted in a pin up version of the vampire,0.49123845184678916,0.29357112582620914,0.17846681465956019,0.07800924440993404,0.26032140918562313
Hindi,karthik_5_chain_of_thought,Zero-Shot,True,Zero-Shot Reasoning,False,anubone's character likeness is depicted in a pin up version of the vampire,0.8888888888888888,0.8244625898677896,0.7538991185184234,0.6899302125555485,0.7892952024576627
Chinese,preamble3,Zero-Shot,False,Zero-Shot,True,anubone's character likeness is depicted in a pin up version of the vampire,0.022304832713754646,0.009122882644092844,0.0033337917071936066,0.0018501963488436889,0.009152925853471196
Spanish,preamble5,Zero-Shot,False,Zero-Shot,True,a collection of concept artwork for transformers the last knight,0.03846153846153846,0.027262027336984355,0.022979586500826873,0.018026508459904868,0.026682415189813638
French,karthik_2_generate_knowledge,Zero-Shot,True,Zero-Shot Reasoning,False,a collection of concept artwork for transformers the last knight,0.4166666666666667,0.337099931231621,0.22820266830716382,0.10600313379512592,0.27199310000014437
French,karthik_5_chain_of_thought,Zero-Shot,True,Zero-Shot Reasoning,False,a collection of concept artwork for transformers the last knight,0.4166666666666667,0.337099931231621,0.22820266830716382,0.10600313379512592,0.27199310000014437
Spanish,karthik_1_tree_of_thoughts,Zero-Shot,True,Zero-Shot Reasoning,False,a collection of concept artwork for transformers the last knight,0.10666666666666669,0.08489527199560179,0.0684883309934895,0.053556936309323774,0.07840180149127043
French,karthik_3_self_consistency,Zero-Shot,True,Zero-Shot Reasoning,False,a collection of concept artwork for transformers the last knight,0.07,0.046056618647183835,0.013510398157576722,0.006873003618307903,0.034110005105767116
French,karthik_1_tree_of_thoughts,Zero-Shot,True,Zero-Shot Reasoning,False,a collection of concept artwork for transformers the last knight,0.45241870901797976,0.36939832906091624,0.25220921097920224,0.11884631831419354,0.29821814184307294
French,karthik_4_meta_prompt,Zero-Shot,True,Zero-Shot Reasoning,False,a collection of concept artwork for transformers the last knight,0.23809523809523808,0.18898223650461357,0.12602281065357362,0.05684653076227407,0.15248670400392483
Hindi,preamble1,Zero-Shot,False,Zero-Shot,True,a collection of concept artwork for transformers the last knight,0.5714285714285714,0.41931393468876726,0.24816819594503417,0.10743014571163138,0.33658521194350105
Hindi,karthik_5_chain_of_thought,Zero-Shot,True,Zero-Shot Reasoning,False,a collection of concept artwork for transformers the last knight,0.6923076923076923,0.6354889093022426,0.5715467758423892,0.48442732379638637,0.5959426753121776
French,preamble4,Zero-Shot,False,Zero-Shot,True,a collection of concept artwork for transformers the last knight,0.041474654377880185,0.030984858300989727,0.024654942941109835,0.0188104641297841,0.028981229937440962
Hindi,preamble2,Zero-Shot,False,Zero-Shot,True,a collection of concept artwork for transformers the last knight,0.5714285714285714,0.41931393468876726,0.24816819594503417,0.10743014571163138,0.33658521194350105
Hindi,preamble5,Zero-Shot,False,Zero-Shot,True,a collection of concept artwork for transformers the last knight,0.13793103448275862,0.0983837935886564,0.05733601481597461,0.02367685983365331,0.07933192568026073
Chinese,karthik_5_chain_of_thought,Zero-Shot,True,Zero-Shot Reasoning,False,a collection of concept artwork for transformers the last knight,0.6363636363636364,0.504524979109513,0.38756311218730594,0.16306686105372709,0.4228796471785456
Hindi,preamble4,Zero-Shot,False,Zero-Shot,True,a collection of concept artwork for transformers the last knight,0.12698412698412698,0.0905125644402841,0.0527556536575289,0.02175124716859423,0.07300089806263355
Hindi,karthik_2_generate_knowledge,Zero-Shot,True,Zero-Shot Reasoning,False,a collection of concept artwork for transformers the last knight,0.5384615384615384,0.4236592728681617,0.3232297641674322,0.13440569963077395,0.35493906878197656
Chinese,karthik_2_generate_knowledge,Zero-Shot,True,Zero-Shot Reasoning,False,a collection of concept artwork for transformers the last knight,0.7,0.557773351022717,0.43050908928275344,0.1825741858350554,0.46771415653513143
Hindi,preamble5,Zero-Shot,False,Zero-Shot,True,anubone's character likeness is depicted in a pin up version of the vampire,0.06390977443609022,0.0537961664213564,0.04168276246851834,0.02659384032831294,0.04649563591356948
Chinese,karthik_4_meta_prompt,Zero-Shot,True,Zero-Shot Reasoning,False,a collection of concept artwork for transformers the last knight,0.7,0.3944053188733077,0.27245985926189253,0.12909944487358058,0.37399115575219516
Chinese,preamble1,Zero-Shot,False,Zero-Shot,True,a collection of concept artwork for transformers the last knight,0.7,0.3944053188733077,0.27245985926189253,0.12909944487358058,0.37399115575219516
French,preamble5,Zero-Shot,False,Zero-Shot,True,a collection of concept artwork for transformers the last knight,0.020710059171597635,0.011086404423264916,0.0035145515022813327,0.0018178135549861009,0.009282207163032496
Hindi,karthik_1_tree_of_thoughts,Zero-Shot,True,Zero-Shot Reasoning,False,a collection of concept artwork for transformers the last knight,0.5333333333333333,0.3903600291794132,0.23055036776310803,0.09941490945601678,0.31341465993296785
Chinese,karthik_3_self_consistency,Zero-Shot,True,Zero-Shot Reasoning,False,a collection of concept artwork for transformers the last knight,0.6666666666666666,0.28867513459481287,0.10838965541227874,0.06674094719041482,0.28261810096604323
French,preamble3,Zero-Shot,False,Zero-Shot,True,a collection of concept artwork for transformers the last knight,0.015665796344647518,0.009056482548428332,0.002950448673983514,0.0015427751474997023,0.007303875678639766
Spanish,karthik_2_generate_knowledge,Zero-Shot,True,Zero-Shot Reasoning,False,"some of the different treatments of the antigen system, including glycole, and c cells",0.4166666666666667,0.3296902366978935,0.27392415426166233,0.23050898626566632,0.3126975109729722
Chinese,karthik_1_tree_of_thoughts,Zero-Shot,True,Zero-Shot Reasoning,False,a collection of concept artwork for transformers the last knight,0.7777777777777778,0.6236095644623236,0.4842838338767059,0.20744432576282615,0.5232788754699084
Spanish,preamble1,Zero-Shot,False,Zero-Shot,True,"some of the different treatments of the antigen system, including glycole, and c cells",0.7632731135359491,0.6913892937894366,0.6379485215801349,0.5775400217453869,0.6675377376627268
Spanish,karthik_5_chain_of_thought,Zero-Shot,True,Zero-Shot Reasoning,False,"some of the different treatments of the antigen system, including glycole, and c cells",0.583448879361965,0.4677998162720731,0.39231065659648473,0.3369699860296666,0.44513233456504736
Spanish,karthik_4_meta_prompt,Zero-Shot,True,Zero-Shot Reasoning,False,"some of the different treatments of the antigen system, including glycole, and c cells",0.7045597971101069,0.6301774402206636,0.5742180312876936,0.533278652493751,0.6105584802780537
Spanish,karthik_3_self_consistency,Zero-Shot,True,Zero-Shot Reasoning,False,"some of the different treatments of the antigen system, including glycole, and c cells",0.12871287128712874,0.10762972830887194,0.09580717177967228,0.08415174518028826,0.10407537913899031
French,preamble2,Zero-Shot,False,Zero-Shot,True,a collection of concept artwork for transformers the last knight,0.01273885350318472,0.007362600576399249,0.002402998947737982,0.0012536056657850288,0.005939514673276745
Hindi,karthik_4_meta_prompt,Zero-Shot,True,Zero-Shot Reasoning,False,a collection of concept artwork for transformers the last knight,0.5714285714285714,0.41931393468876726,0.24816819594503417,0.10743014571163138,0.33658521194350105
Chinese,preamble3,Zero-Shot,False,Zero-Shot,True,a collection of concept artwork for transformers the last knight,0.01785714285714285,0.008000256012288655,0.0030165725957630326,0.0016979339855687757,0.007642976362690827
Hindi,karthik_3_self_consistency,Zero-Shot,True,Zero-Shot Reasoning,False,a collection of concept artwork for transformers the last knight,0.12857142857142856,0.09652341781316799,0.06675280715079379,0.02528878218509562,0.07928410893012149
French,preamble5,Zero-Shot,False,Zero-Shot,True,"some of the different treatments of the antigen system, including glycole, and c cells",0.2407407407407407,0.20218927554312588,0.17072973486628687,0.1386878733084494,0.18808690611465073
French,preamble4,Zero-Shot,False,Zero-Shot,True,"some of the different treatments of the antigen system, including glycole, and c cells",0.7083333333333334,0.6796738348201514,0.651508648981903,0.6149273240191371,0.6636107852886313
Chinese,preamble4,Zero-Shot,False,Zero-Shot,True,a collection of concept artwork for transformers the last knight,0.019444444444444445,0.010407958291172048,0.0070579708392992865,0.0030342052879352177,0.009986144715712748
Spanish,karthik_1_tree_of_thoughts,Zero-Shot,True,Zero-Shot Reasoning,False,"some of the different treatments of the antigen system, including glycole, and c cells",0.6470588235294118,0.568796458994521,0.5092738076155559,0.4385068972747104,0.5409089968535498
French,preamble1,Zero-Shot,False,Zero-Shot,True,"some of the different treatments of the antigen system, including glycole, and c cells",0.816828431106751,0.7827788133896567,0.7456112609336273,0.7004189910884179,0.7614093741296133
French,karthik_5_chain_of_thought,Zero-Shot,True,Zero-Shot Reasoning,False,"some of the different treatments of the antigen system, including glycole, and c cells",0.9411764705882353,0.9074852129730301,0.8713523432169028,0.8282477531331041,0.887065444977818
French,karthik_2_generate_knowledge,Zero-Shot,True,Zero-Shot Reasoning,False,"some of the different treatments of the antigen system, including glycole, and c cells",0.5555555555555556,0.5270462766947299,0.4997577733799022,0.46269559069048716,0.5112637990801687
French,karthik_4_meta_prompt,Zero-Shot,True,Zero-Shot Reasoning,False,"some of the different treatments of the antigen system, including glycole, and c cells",1.0,1.0,1.0,1.0,1.0
French,preamble3,Zero-Shot,False,Zero-Shot,True,"some of the different treatments of the antigen system, including glycole, and c cells",0.3043478260869566,0.260063165868498,0.2241274281940564,0.18807286942186918,0.24415282239284503
French,preamble2,Zero-Shot,False,Zero-Shot,True,"some of the different treatments of the antigen system, including glycole, and c cells",0.3499999999999999,0.299572344757639,0.25825271779639997,0.21740600731592022,0.2813077674674898
French,karthik_3_self_consistency,Zero-Shot,True,Zero-Shot Reasoning,False,"some of the different treatments of the antigen system, including glycole, and c cells",0.3333333333333333,0.29277002188455997,0.2638772017419556,0.22739562220830442,0.27934404479203834
French,karthik_1_tree_of_thoughts,Zero-Shot,True,Zero-Shot Reasoning,False,"some of the different treatments of the antigen system, including glycole, and c cells",0.8806997463876336,0.8467754917036652,0.8100944208761448,0.7659552353576201,0.8258812235812659
Hindi,preamble3,Zero-Shot,False,Zero-Shot,True,a collection of concept artwork for transformers the last knight,0.03902439024390244,0.027661961651868787,0.01622441591291224,0.006572485484355685,0.022370813323259787
Spanish,preamble4,Zero-Shot,False,Zero-Shot,True,"some of the different treatments of the antigen system, including glycole, and c cells",0.05284552845528455,0.046443087161747276,0.04269224234826851,0.03635145717587203,0.04458307878529309
Chinese,preamble5,Zero-Shot,False,Zero-Shot,True,a collection of concept artwork for transformers the last knight,0.010288065843621403,0.004605703734942655,0.0017449234915065347,0.0009760001311362362,0.004403673300301707
Spanish,preamble3,Zero-Shot,False,Zero-Shot,True,"some of the different treatments of the antigen system, including glycole, and c cells",0.04333333333333334,0.03806934938134404,0.03505162273002719,0.029775211723122412,0.036557379291956744
Spanish,preamble2,Zero-Shot,False,Zero-Shot,True,"some of the different treatments of the antigen system, including glycole, and c cells",0.043076923076923075,0.03646278462854965,0.03317445161964337,0.027987920199482777,0.03517551988114972
Chinese,karthik_4_meta_prompt,Zero-Shot,True,Zero-Shot Reasoning,False,"some of the different treatments of the antigen system, including glycole, and c cells",0.8,0.6324555320336759,0.5009083692610703,0.31823566221963034,0.5628998908785942
Hindi,karthik_2_generate_knowledge,Zero-Shot,True,Zero-Shot Reasoning,False,"some of the different treatments of the antigen system, including glycole, and c cells",0.6875,0.6055300708194984,0.5429717480080821,0.46892438882117243,0.5762315519121882
Hindi,karthik_5_chain_of_thought,Zero-Shot,True,Zero-Shot Reasoning,False,"some of the different treatments of the antigen system, including glycole, and c cells",0.7142857142857143,0.5741692517632146,0.48252113480269265,0.4160751652217845,0.5467628165183516
Chinese,karthik_2_generate_knowledge,Zero-Shot,True,Zero-Shot Reasoning,False,"some of the different treatments of the antigen system, including glycole, and c cells",0.9285714285714286,0.8017837257372732,0.6876031819702735,0.54413074047686,0.7405222691889588
Chinese,karthik_5_chain_of_thought,Zero-Shot,True,Zero-Shot Reasoning,False,"some of the different treatments of the antigen system, including glycole, and c cells",0.7857142857142857,0.5497252060782752,0.37299775413065606,0.2601278440403792,0.492141272490899
Spanish,preamble5,Zero-Shot,False,Zero-Shot,True,"some of the different treatments of the antigen system, including glycole, and c cells",0.026923076923076918,0.022776063612098742,0.020807830204102724,0.017462023453149393,0.02199224854810694
Hindi,karthik_3_self_consistency,Zero-Shot,True,Zero-Shot Reasoning,False,"some of the different treatments of the antigen system, including glycole, and c cells",0.17567567567567569,0.16270118978240036,0.15187915957641293,0.1343949006184881,0.15616273141324427
Chinese,karthik_3_self_consistency,Zero-Shot,True,Zero-Shot Reasoning,False,"some of the different treatments of the antigen system, including glycole, and c cells",0.5698222022414253,0.41937778554338095,0.3127817606885761,0.12867921557157555,0.3576652410112395
Chinese,karthik_1_tree_of_thoughts,Zero-Shot,True,Zero-Shot Reasoning,False,"some of the different treatments of the antigen system, including glycole, and c cells",0.49378100618619153,0.3898608599509739,0.29835288241756114,0.12472700182418718,0.3266804375947285
Chinese,preamble4,Zero-Shot,False,Zero-Shot,True,"some of the different treatments of the antigen system, including glycole, and c cells",0.06132075471698114,0.045103634379201014,0.035004755212552564,0.0207505385007582,0.04054492070237323
Hindi,karthik_1_tree_of_thoughts,Zero-Shot,True,Zero-Shot Reasoning,False,"some of the different treatments of the antigen system, including glycole, and c cells",0.13084112149532706,0.12667498820295722,0.12146274542664548,0.10982433324949831,0.12220079709360702
Chinese,preamble2,Zero-Shot,False,Zero-Shot,True,"some of the different treatments of the antigen system, including glycole, and c cells",0.06666666666666667,0.053343494966908135,0.04251396939320776,0.025623005884384875,0.04703678422779186
Chinese,preamble5,Zero-Shot,False,Zero-Shot,True,"some of the different treatments of the antigen system, including glycole, and c cells",0.0449438202247191,0.022514110919695466,0.006066651262354746,0.0029175274475079878,0.019110527463569324
Hindi,karthik_4_meta_prompt,Zero-Shot,True,Zero-Shot Reasoning,False,"some of the different treatments of the antigen system, including glycole, and c cells",0.3888888888888889,0.380058475033046,0.3744924329612408,0.36105260209445084,0.37612309974440666
Spanish,preamble1,Zero-Shot,False,Zero-Shot,True,biochemists lecture 3 carbon dioxide glucose,0.3571428571428572,0.23440361546924776,0.1690622446251985,0.08032276872815308,0.2102328714913641
Chinese,preamble3,Zero-Shot,False,Zero-Shot,True,"some of the different treatments of the antigen system, including glycole, and c cells",0.03333333333333333,0.020131281389292474,0.014114212991605642,0.005243095998300172,0.018205480928132903
Spanish,karthik_2_generate_knowledge,Zero-Shot,True,Zero-Shot Reasoning,False,biochemists lecture 3 carbon dioxide glucose,0.22727272727272727,0.10403129732205985,0.03908304124158772,0.02310128340501537,0.09837208731034756
Spanish,karthik_4_meta_prompt,Zero-Shot,True,Zero-Shot Reasoning,False,biochemists lecture 3 carbon dioxide glucose,0.3,0.25131234497501725,0.22251085896532885,0.18759202316167214,0.24035380677550455
Chinese,preamble1,Zero-Shot,False,Zero-Shot,True,"some of the different treatments of the antigen system, including glycole, and c cells",0.032171581769437,0.0227792993779925,0.011697235913742427,0.004409367256650145,0.017764371079455516
Spanish,karthik_5_chain_of_thought,Zero-Shot,True,Zero-Shot Reasoning,False,biochemists lecture 3 carbon dioxide glucose,0.4666666666666667,0.25819888974716115,0.17550463005823083,0.08085298080223222,0.2453057918185727
Spanish,karthik_3_self_consistency,Zero-Shot,True,Zero-Shot Reasoning,False,biochemists lecture 3 carbon dioxide glucose,0.5555555555555556,0.372677996249965,0.27428238865744764,0.13485111859503685,0.3343417647645013
Hindi,preamble1,Zero-Shot,False,Zero-Shot,True,"some of the different treatments of the antigen system, including glycole, and c cells",0.053639846743295014,0.03800196994909329,0.02917177852639075,0.022566723051964263,0.03584507956768583
Spanish,karthik_1_tree_of_thoughts,Zero-Shot,True,Zero-Shot Reasoning,False,biochemists lecture 3 carbon dioxide glucose,0.4444444444444444,0.23570226039551587,0.0948151464331332,0.06030725360407769,0.2088172762192928
French,karthik_2_generate_knowledge,Zero-Shot,True,Zero-Shot Reasoning,False,biochemists lecture 3 carbon dioxide glucose,0.25,0.11470786693528089,0.04316100889854193,0.02560744480557418,0.10836908015984925
French,karthik_5_chain_of_thought,Zero-Shot,True,Zero-Shot Reasoning,False,biochemists lecture 3 carbon dioxide glucose,0.29411764705882354,0.19174124721184263,0.13755682595856716,0.06468490584192432,0.17202515651778943
French,karthik_3_self_consistency,Zero-Shot,True,Zero-Shot Reasoning,False,biochemists lecture 3 carbon dioxide glucose,0.10447761194029852,0.07957371727668762,0.0681862133599616,0.05497298293410384,0.0768026313777629
Hindi,preamble5,Zero-Shot,False,Zero-Shot,True,"some of the different treatments of the antigen system, including glycole, and c cells",0.04651162790697675,0.030499714066520935,0.0218833460816394,0.015820267895540786,0.02867873898766947
French,karthik_4_meta_prompt,Zero-Shot,True,Zero-Shot Reasoning,False,biochemists lecture 3 carbon dioxide glucose,0.3181818181818182,0.21320071635561041,0.1341716055547364,0.05880962777751932,0.18109094196742107
Hindi,preamble4,Zero-Shot,False,Zero-Shot,True,"some of the different treatments of the antigen system, including glycole, and c cells",0.050541516245487354,0.030259001608782095,0.022378669241438245,0.0164321464036185,0.02990283337483155
Hindi,preamble2,Zero-Shot,False,Zero-Shot,True,"some of the different treatments of the antigen system, including glycole, and c cells",0.043918918918918914,0.02988755840652487,0.021712962584140655,0.015793533059365542,0.027828243242237496
Hindi,preamble3,Zero-Shot,False,Zero-Shot,True,"some of the different treatments of the antigen system, including glycole, and c cells",0.043478260869565216,0.02850750380624198,0.020465557855712416,0.014783669422920762,0.026808747988610094
French,karthik_1_tree_of_thoughts,Zero-Shot,True,Zero-Shot Reasoning,False,biochemists lecture 3 carbon dioxide glucose,0.14545454545454545,0.1037998592215364,0.06048933744589722,0.025005099034501932,0.08368721028912025
Spanish,preamble4,Zero-Shot,False,Zero-Shot,True,biochemists lecture 3 carbon dioxide glucose,0.01411764705882353,0.008160433493741084,0.005689032442108759,0.002471402093728969,0.007609628772100586
Hindi,karthik_2_generate_knowledge,Zero-Shot,True,Zero-Shot Reasoning,False,biochemists lecture 3 carbon dioxide glucose,0.3333333333333333,0.28005601680560194,0.2173511504721373,0.08991396351259592,0.23016361603091712
French,preamble4,Zero-Shot,False,Zero-Shot,True,biochemists lecture 3 carbon dioxide glucose,0.02469135802469135,0.014284985478516114,0.009911857417890094,0.004333939361193821,0.013305535070572845
Chinese,preamble2,Zero-Shot,False,Zero-Shot,True,a collection of concept artwork for transformers the last knight,0.0,0.0,0.0,0.0,0.0
French,preamble2,Zero-Shot,False,Zero-Shot,True,biochemists lecture 3 carbon dioxide glucose,0.027906976744186043,0.01614970175477225,0.011194979562852156,0.004902339535023356,0.015038499399208451
French,preamble3,Zero-Shot,False,Zero-Shot,True,biochemists lecture 3 carbon dioxide glucose,0.02469135802469135,0.01749546270271593,0.011330919694127235,0.004796292332110761,0.01457850818841132
French,preamble5,Zero-Shot,False,Zero-Shot,True,biochemists lecture 3 carbon dioxide glucose,0.022304832713754646,0.012901704363214223,0.008959388324511637,0.00391268890197994,0.012019653575865112
French,preamble1,Zero-Shot,False,Zero-Shot,True,biochemists lecture 3 carbon dioxide glucose,0.024911032028469754,0.0133392632128052,0.009026879160982671,0.0038918282957919235,0.012792250674512388
Hindi,karthik_5_chain_of_thought,Zero-Shot,True,Zero-Shot Reasoning,False,biochemists lecture 3 carbon dioxide glucose,0.6666666666666666,0.5773502691896257,0.46026455517844755,0.19960198807747329,0.4759708697780533
Spanish,preamble5,Zero-Shot,False,Zero-Shot,True,biochemists lecture 3 carbon dioxide glucose,0.00871080139372822,0.005513999759371262,0.003975825920293641,0.0017467282216815448,0.004986838823768667
Spanish,preamble3,Zero-Shot,False,Zero-Shot,True,biochemists lecture 3 carbon dioxide glucose,0.009940357852882704,0.006293092986298078,0.004532145966809587,0.0019940229014565234,0.005689904926861723
Spanish,preamble2,Zero-Shot,False,Zero-Shot,True,biochemists lecture 3 carbon dioxide glucose,0.013384321223709366,0.0071610700477492545,0.00487224344251071,0.002085828965942181,0.006875865919977879
Chinese,karthik_2_generate_knowledge,Zero-Shot,True,Zero-Shot Reasoning,False,biochemists lecture 3 carbon dioxide glucose,0.8888888888888888,0.816496580927726,0.7272560259547889,0.5969491792019646,0.7573976687433421
Chinese,karthik_4_meta_prompt,Zero-Shot,True,Zero-Shot Reasoning,False,biochemists lecture 3 carbon dioxide glucose,0.7,0.4830458915396479,0.3114674328948206,0.14287202148494,0.4093463364798521
Chinese,karthik_3_self_consistency,Zero-Shot,True,Zero-Shot Reasoning,False,biochemists lecture 3 carbon dioxide glucose,0.36363636363636365,0.19069251784911848,0.07587875263140755,0.04740604259878138,0.16940341917891774
Chinese,karthik_5_chain_of_thought,Zero-Shot,True,Zero-Shot Reasoning,False,biochemists lecture 3 carbon dioxide glucose,0.7777777777777778,0.6236095644623236,0.4842838338767059,0.36889397323344053,0.5636412873375619
Chinese,karthik_1_tree_of_thoughts,Zero-Shot,True,Zero-Shot Reasoning,False,biochemists lecture 3 carbon dioxide glucose,0.4166666666666667,0.19462473604038075,0.0742797963075324,0.045293761707938834,0.18271624018062968
Hindi,karthik_3_self_consistency,Zero-Shot,True,Zero-Shot Reasoning,False,biochemists lecture 3 carbon dioxide glucose,0.06521739130434781,0.046368350080138974,0.029840511013378274,0.012799785516997286,0.03855650947871559
Spanish,karthik_5_chain_of_thought,Zero-Shot,True,Zero-Shot Reasoning,False,business postcard,0.75,0.7071067811865475,0.63287829698514,0.3976353643835253,0.6219051106388032
Spanish,karthik_4_meta_prompt,Zero-Shot,True,Zero-Shot Reasoning,False,business postcard,0.2,0.1690308509457033,0.13269551340792207,0.06541868941754436,0.14178626344279244
Chinese,preamble5,Zero-Shot,False,Zero-Shot,True,biochemists lecture 3 carbon dioxide glucose,0.019718309859154928,0.007463339753762972,0.002662994487599805,0.0014550813154423459,0.007824931353990013
Hindi,karthik_1_tree_of_thoughts,Zero-Shot,True,Zero-Shot Reasoning,False,biochemists lecture 3 carbon dioxide glucose,0.07317073170731705,0.052057920629535355,0.04209218805537877,0.0304313793445871,0.04943805493420456
Chinese,preamble1,Zero-Shot,False,Zero-Shot,True,biochemists lecture 3 carbon dioxide glucose,0.02356902356902357,0.017846577220865592,0.013499724037931734,0.009257476751289686,0.016043200394777645
Spanish,karthik_2_generate_knowledge,Zero-Shot,True,Zero-Shot Reasoning,False,business postcard,0.23076923076923078,0.19611613513818407,0.15466755103052704,0.0768968397262906,0.1646124391660581
Spanish,karthik_3_self_consistency,Zero-Shot,True,Zero-Shot Reasoning,False,business postcard,0.75,0.7071067811865475,0.63287829698514,0.3976353643835253,0.6219051106388032
Chinese,preamble2,Zero-Shot,False,Zero-Shot,True,biochemists lecture 3 carbon dioxide glucose,0.025,0.018932061141568837,0.014313825843244386,0.00982257394404162,0.01701711523221371
Chinese,preamble4,Zero-Shot,False,Zero-Shot,True,biochemists lecture 3 carbon dioxide glucose,0.012605042016806723,0.010302801669778637,0.008033107337686338,0.005547218825271801,0.009122042462385875
Hindi,karthik_4_meta_prompt,Zero-Shot,True,Zero-Shot Reasoning,False,biochemists lecture 3 carbon dioxide glucose,0.3684210526315789,0.2861316917596507,0.2160853330652369,0.1566384057330969,0.25681912079739083
Chinese,preamble3,Zero-Shot,False,Zero-Shot,True,biochemists lecture 3 carbon dioxide glucose,0.013793103448275865,0.005637494510051962,0.002068596765590399,0.001141695147480549,0.005660222467849694
Spanish,karthik_1_tree_of_thoughts,Zero-Shot,True,Zero-Shot Reasoning,False,business postcard,0.75,0.7071067811865475,0.63287829698514,0.3976353643835253,0.6219051106388032
French,karthik_5_chain_of_thought,Zero-Shot,True,Zero-Shot Reasoning,False,business postcard,0.0,0.0,0.0,0.0,0.0
Spanish,preamble4,Zero-Shot,False,Zero-Shot,True,business postcard,0.013100436681222707,0.010719893247546616,0.00836444579438026,0.003868669736937462,0.00901336136502176
Spanish,preamble1,Zero-Shot,False,Zero-Shot,True,business postcard,0.016042780748663103,0.013134040459920511,0.010232370112331994,0.004744623843955821,0.011038453791217857
Spanish,preamble5,Zero-Shot,False,Zero-Shot,True,business postcard,0.012765957446808515,0.010445609001327768,0.008152087475461926,0.003769258355231408,0.008783228069707404
French,karthik_2_generate_knowledge,Zero-Shot,True,Zero-Shot Reasoning,False,business postcard,0.0,0.0,0.0,0.0,0.0
French,karthik_3_self_consistency,Zero-Shot,True,Zero-Shot Reasoning,False,business postcard,0.6,0.5477225575051662,0.4677351412871982,0.26591479484724945,0.4703431234099035
Spanish,preamble3,Zero-Shot,False,Zero-Shot,True,business postcard,0.012448132780082983,0.010185010546583885,0.007950295509130456,0.003674828086664579,0.008564566730615475
French,karthik_4_meta_prompt,Zero-Shot,True,Zero-Shot Reasoning,False,business postcard,0.0,0.0,0.0,0.0,0.0
Spanish,preamble2,Zero-Shot,False,Zero-Shot,True,business postcard,0.01357466063348416,0.01110882557964373,0.008665515825674286,0.004009672683488317,0.009339668680572621
Hindi,preamble1,Zero-Shot,False,Zero-Shot,True,biochemists lecture 3 carbon dioxide glucose,0.032653061224489806,0.023136466576540456,0.01708149470206399,0.01161583958886166,0.021121715522988978
French,karthik_1_tree_of_thoughts,Zero-Shot,True,Zero-Shot Reasoning,False,business postcard,0.0909090909090909,0.06579516949597691,0.028884719074979835,0.01837177448896075,0.05099018849225209
Hindi,karthik_2_generate_knowledge,Zero-Shot,True,Zero-Shot Reasoning,False,business postcard,0.0909090909090909,0.03015113445777637,0.022461584318318094,0.018850319022747353,0.04059303217698318
Hindi,preamble3,Zero-Shot,False,Zero-Shot,True,biochemists lecture 3 carbon dioxide glucose,0.026717557251908396,0.017524222071673767,0.013905937318096013,0.009772565611986769,0.016980070563416237
Hindi,karthik_3_self_consistency,Zero-Shot,True,Zero-Shot Reasoning,False,business postcard,0.5,0.223606797749979,0.1740444189610778,0.1495348781221221,0.2617965237082947
Hindi,karthik_5_chain_of_thought,Zero-Shot,True,Zero-Shot Reasoning,False,business postcard,0.2,0.07071067811865477,0.05665132701906204,0.05372849659117709,0.09527262543222348
French,preamble4,Zero-Shot,False,Zero-Shot,True,business postcard,0.005899705014749265,0.004177888050719756,0.0018437991897151706,0.001114258882263471,0.003258912784361916
French,preamble5,Zero-Shot,False,Zero-Shot,True,business postcard,0.005181347150259067,0.0036685207572163783,0.0016208198367267555,0.0009780543540483001,0.002862185524562625
French,preamble3,Zero-Shot,False,Zero-Shot,True,business postcard,0.006060606060606062,0.004292003613353523,0.0018937266182252489,0.0011447868717815353,0.0033477807909915924
Hindi,preamble5,Zero-Shot,False,Zero-Shot,True,biochemists lecture 3 carbon dioxide glucose,0.021538461538461538,0.01823139231427482,0.015189877582501184,0.009895224082181105,0.016213738879354664
Hindi,karthik_1_tree_of_thoughts,Zero-Shot,True,Zero-Shot Reasoning,False,business postcard,0.5,0.223606797749979,0.1740444189610778,0.1495348781221221,0.2617965237082947
French,preamble1,Zero-Shot,False,Zero-Shot,True,business postcard,0.005464480874316937,0.0038692609730516547,0.001708720534224,0.0010317203796597887,0.003018545690313095
French,preamble2,Zero-Shot,False,Zero-Shot,True,business postcard,0.005571030640668525,0.003944811542067132,0.0017417941212637662,0.0010519220932686168,0.00307738959931701
Hindi,preamble3,Zero-Shot,False,Zero-Shot,True,business postcard,0.013698630136986304,0.004361866021585114,0.0031715274692300428,0.0024874082113819154,0.0059298579597958445
Chinese,karthik_3_self_consistency,Zero-Shot,True,Zero-Shot Reasoning,False,business postcard,0.0,0.0,0.0,0.0,0.0
Chinese,karthik_5_chain_of_thought,Zero-Shot,True,Zero-Shot Reasoning,False,business postcard,0.5,0.223606797749979,0.1740444189610778,0.1495348781221221,0.2617965237082947
Chinese,karthik_4_meta_prompt,Zero-Shot,True,Zero-Shot Reasoning,False,business postcard,0.5,0.223606797749979,0.1740444189610778,0.1495348781221221,0.2617965237082947
Hindi,preamble2,Zero-Shot,False,Zero-Shot,True,biochemists lecture 3 carbon dioxide glucose,0.014367816091954023,0.009100089017506157,0.006532433694027316,0.002886017909641855,0.008221589178282338
Chinese,karthik_2_generate_knowledge,Zero-Shot,True,Zero-Shot Reasoning,False,business postcard,0.5,0.223606797749979,0.1740444189610778,0.1495348781221221,0.2617965237082947
Chinese,preamble3,Zero-Shot,False,Zero-Shot,True,business postcard,0.023255813953488372,0.016540792339471238,0.007231610052143639,0.004450807488378308,0.01286975595837039
Chinese,preamble5,Zero-Shot,False,Zero-Shot,True,business postcard,0.017094017094017092,0.0038387786642073225,0.0024862061730113903,0.0018310317004117428,0.006312508407911887
Hindi,karthik_4_meta_prompt,Zero-Shot,True,Zero-Shot Reasoning,False,business postcard,0.0,0.0,0.0,0.0,0.0
Chinese,karthik_1_tree_of_thoughts,Zero-Shot,True,Zero-Shot Reasoning,False,business postcard,0.5,0.223606797749979,0.1740444189610778,0.1495348781221221,0.2617965237082947
Chinese,preamble4,Zero-Shot,False,Zero-Shot,True,business postcard,0.0053763440860215075,0.0017047380849825589,0.0012459602191303343,0.000963854775950902,0.0023227242915213257
Spanish,preamble1,Zero-Shot,False,Zero-Shot,True,the multi - channel marketing im buchhandel als,0.08333333333333333,0.027524094128159027,0.020427282860665447,0.017033186037639283,0.03707947408994927
Chinese,preamble1,Zero-Shot,False,Zero-Shot,True,business postcard,0.0,0.0,0.0,0.0,0.0
Spanish,karthik_5_chain_of_thought,Zero-Shot,True,Zero-Shot Reasoning,False,the multi - channel marketing im buchhandel als,0.16666666666666669,0.05773502691896258,0.04506819749679463,0.040824829046386304,0.07757368003220255
Spanish,karthik_2_generate_knowledge,Zero-Shot,True,Zero-Shot Reasoning,False,the multi - channel marketing im buchhandel als,0.14285714285714285,0.10482848367219184,0.04649288856043541,0.030206205252435548,0.08109618008555142
Hindi,preamble4,Zero-Shot,False,Zero-Shot,True,biochemists lecture 3 carbon dioxide glucose,0.012987012987012983,0.010615346393925132,0.008274587762539493,0.003214267039018597,0.008772803545624052
Spanish,karthik_3_self_consistency,Zero-Shot,True,Zero-Shot Reasoning,False,the multi - channel marketing im buchhandel als,0.12500000000000003,0.04225771273642583,0.032085442892067474,0.02777619034011792,0.05677983649215281
Chinese,preamble2,Zero-Shot,False,Zero-Shot,True,business postcard,0.0,0.0,0.0,0.0,0.0
Spanish,karthik_1_tree_of_thoughts,Zero-Shot,True,Zero-Shot Reasoning,False,the multi - channel marketing im buchhandel als,0.5,0.447213595499958,0.3721003696282278,0.20205155046766235,0.380341378898962
Spanish,karthik_4_meta_prompt,Zero-Shot,True,Zero-Shot Reasoning,False,the multi - channel marketing im buchhandel als,0.11764705882352941,0.08574929257125444,0.03782875469444492,0.02432542569851428,0.06638763294693575
Hindi,preamble4,Zero-Shot,False,Zero-Shot,True,business postcard,0.003717472118959108,0.0011777590849992086,0.0008632737778657416,0.0006647831560786223,0.0016058220344756704
French,karthik_5_chain_of_thought,Zero-Shot,True,Zero-Shot Reasoning,False,the multi - channel marketing im buchhandel als,0.16666666666666669,0.03892494720807617,0.025677367760996977,0.020255986027125642,0.06288124191571637
Spanish,preamble3,Zero-Shot,False,Zero-Shot,True,the multi - channel marketing im buchhandel als,0.008333333333333335,0.005904871165973929,0.0025985344907967834,0.0015767901107335614,0.004603382275209403
French,karthik_2_generate_knowledge,Zero-Shot,True,Zero-Shot Reasoning,False,the multi - channel marketing im buchhandel als,0.18181818181818182,0.042640143271122095,0.028234511901075607,0.022416933501922302,0.06877744262307546
French,karthik_3_self_consistency,Zero-Shot,True,Zero-Shot Reasoning,False,the multi - channel marketing im buchhandel als,0.25,0.1507556722888818,0.06275677488087485,0.03986357128268015,0.12584400461310918
French,karthik_4_meta_prompt,Zero-Shot,True,Zero-Shot Reasoning,False,the multi - channel marketing im buchhandel als,0.12500000000000003,0.028867513459481287,0.018864614597621485,0.014628063653657535,0.04684004792769009
Hindi,preamble5,Zero-Shot,False,Zero-Shot,True,business postcard,0.004016064257028114,0.0012725489180387766,0.0009321700950324899,0.000718504062340181,0.0017348218331098904
Spanish,preamble4,Zero-Shot,False,Zero-Shot,True,the multi - channel marketing im buchhandel als,0.00714285714285714,0.0013056566068098611,0.0007970011492982948,0.0005592247720380228,0.0024511849177508297
French,karthik_1_tree_of_thoughts,Zero-Shot,True,Zero-Shot Reasoning,False,the multi - channel marketing im buchhandel als,0.4444444444444444,0.408248290463863,0.3661572458236839,0.2984745896009823,0.3793311425832434
Hindi,preamble2,Zero-Shot,False,Zero-Shot,True,business postcard,0.004048582995951416,0.0012828739008603719,0.0009396727056583101,0.000724357576835888,0.0017488717948264967
Spanish,preamble2,Zero-Shot,False,Zero-Shot,True,the multi - channel marketing im buchhandel als,0.007009345794392521,0.004051583607585617,0.0016723501128479963,0.000975804396234306,0.0034272709777651103
Spanish,preamble5,Zero-Shot,False,Zero-Shot,True,the multi - channel marketing im buchhandel als,0.0036764705882352923,0.000822840450314134,0.0005393721935418461,0.0003898151184976198,0.0013571245876472231
French,preamble4,Zero-Shot,False,Zero-Shot,True,the multi - channel marketing im buchhandel als,0.011695906432748534,0.008282372346596996,0.002887979412885318,0.0015619161722920535,0.006107043591130725
Hindi,karthik_2_generate_knowledge,Zero-Shot,True,Zero-Shot Reasoning,False,the multi - channel marketing im buchhandel als,0.2,0.07071067811865477,0.05665132701906204,0.05372849659117709,0.09527262543222348
French,preamble3,Zero-Shot,False,Zero-Shot,True,the multi - channel marketing im buchhandel als,0.01176470588235294,0.005891022589125244,0.00231091165542897,0.0013211699701576977,0.005321952524266213
French,preamble5,Zero-Shot,False,Zero-Shot,True,the multi - channel marketing im buchhandel als,0.007594936708860761,0.0013883979655986117,0.0008470512304758519,0.0005947539430497492,0.0026062849619962435
Hindi,karthik_4_meta_prompt,Zero-Shot,True,Zero-Shot Reasoning,False,the multi - channel marketing im buchhandel als,0.2222222222222222,0.16666666666666669,0.07542890820012248,0.050712153369465586,0.12875748761461925
French,preamble1,Zero-Shot,False,Zero-Shot,True,the multi - channel marketing im buchhandel als,0.0072992700729927,0.005967092715721215,0.00467880286368213,0.0021492430209835703,0.005023602168344904
Hindi,karthik_5_chain_of_thought,Zero-Shot,True,Zero-Shot Reasoning,False,the multi - channel marketing im buchhandel als,0.0,0.0,0.0,0.0,0.0
Hindi,preamble1,Zero-Shot,False,Zero-Shot,True,business postcard,0.0026246719160104982,0.0008310855165337893,0.0006109634526310568,0.00046858685830091553,0.001133826935869065
Chinese,karthik_5_chain_of_thought,Zero-Shot,True,Zero-Shot Reasoning,False,the multi - channel marketing im buchhandel als,0.19470019576785122,0.14717951377637847,0.06715437577904348,0.04574636154673318,0.11369511171750159
Chinese,karthik_4_meta_prompt,Zero-Shot,True,Zero-Shot Reasoning,False,the multi - channel marketing im buchhandel als,0.15789473684210523,0.13006649542861798,0.10957444990839893,0.09092617426809145,0.1221154641118034
Chinese,karthik_3_self_consistency,Zero-Shot,True,Zero-Shot Reasoning,False,the multi - channel marketing im buchhandel als,0.1694915254237288,0.12087736925743096,0.09383373670189893,0.06087473628081748,0.11126934191596904
Hindi,karthik_1_tree_of_thoughts,Zero-Shot,True,Zero-Shot Reasoning,False,the multi - channel marketing im buchhandel als,0.4,0.316227766016838,0.1522474354853864,0.11362193664674995,0.2455242845372436
Chinese,karthik_2_generate_knowledge,Zero-Shot,True,Zero-Shot Reasoning,False,the multi - channel marketing im buchhandel als,0.2920502936517768,0.18025735467152731,0.07676874343331297,0.05062667121584364,0.14992576574311517
Hindi,karthik_3_self_consistency,Zero-Shot,True,Zero-Shot Reasoning,False,the multi - channel marketing im buchhandel als,0.060606060606060615,0.04351941398892446,0.01902748755661896,0.011945952463515465,0.033774728653779874
French,preamble2,Zero-Shot,False,Zero-Shot,True,the multi - channel marketing im buchhandel als,0.008992805755395685,0.004025326522572491,0.0015268997128274038,0.0008527894783016876,0.003849455367274317
Spanish,karthik_2_generate_knowledge,Zero-Shot,True,Zero-Shot Reasoning,False,"300w pure power invertor, modified battery charger, dc / ac invertor",0.6875,0.6055300708194984,0.5112665995499639,0.3767471803151817,0.545260962671161
Chinese,karthik_1_tree_of_thoughts,Zero-Shot,True,Zero-Shot Reasoning,False,the multi - channel marketing im buchhandel als,0.10714285714285714,0.04413674147523747,0.01599109618178118,0.009083071358608565,0.04408844153962108
Chinese,preamble4,Zero-Shot,False,Zero-Shot,True,the multi - channel marketing im buchhandel als,0.028112449799196786,0.010646908115322306,0.003787716967439601,0.0020782784670708393,0.011156338337257383
Spanish,preamble5,Zero-Shot,False,Zero-Shot,True,"300w pure power invertor, modified battery charger, dc / ac invertor",0.5,0.4662524041201569,0.43282279636789966,0.3876683604691331,0.44668589023929745
Spanish,karthik_5_chain_of_thought,Zero-Shot,True,Zero-Shot Reasoning,False,"300w pure power invertor, modified battery charger, dc / ac invertor",0.8666666666666667,0.8618916073713346,0.8579402242021126,0.8507331335123524,0.8593079079381165
Spanish,karthik_4_meta_prompt,Zero-Shot,True,Zero-Shot Reasoning,False,"300w pure power invertor, modified battery charger, dc / ac invertor",0.8666666666666667,0.8618916073713346,0.8579402242021126,0.8507331335123524,0.8593079079381165
Spanish,preamble1,Zero-Shot,False,Zero-Shot,True,"300w pure power invertor, modified battery charger, dc / ac invertor",0.8,0.7559289460184545,0.7082977029839272,0.6475445426291286,0.7279427979078775
Spanish,preamble4,Zero-Shot,False,Zero-Shot,True,"300w pure power invertor, modified battery charger, dc / ac invertor",0.8,0.7559289460184545,0.7082977029839272,0.6475445426291286,0.7279427979078775
Spanish,preamble3,Zero-Shot,False,Zero-Shot,True,"300w pure power invertor, modified battery charger, dc / ac invertor",0.5,0.4662524041201569,0.43282279636789966,0.3876683604691331,0.44668589023929745
Chinese,preamble3,Zero-Shot,False,Zero-Shot,True,the multi - channel marketing im buchhandel als,0.03272727272727274,0.024437941934052673,0.019482244768884993,0.012463205047494359,0.02227766611942619
Chinese,preamble1,Zero-Shot,False,Zero-Shot,True,the multi - channel marketing im buchhandel als,0.027355623100303955,0.022369795252520894,0.017315146950240935,0.010893563769130078,0.019483532268048963
Chinese,preamble2,Zero-Shot,False,Zero-Shot,True,the multi - channel marketing im buchhandel als,0.024475524475524472,0.009267094110208136,0.0033005605636852683,0.0018079882047472198,0.009712791838541275
Chinese,preamble5,Zero-Shot,False,Zero-Shot,True,the multi - channel marketing im buchhandel als,0.011940298507462692,0.00845569591801056,0.006302487286473784,0.0028358228592138754,0.007383576142790229
French,karthik_5_chain_of_thought,Zero-Shot,True,Zero-Shot Reasoning,False,"300w pure power invertor, modified battery charger, dc / ac invertor",0.6595414762772626,0.5743441278437313,0.5073845227776782,0.4264356143349618,0.5419264353084084
Spanish,preamble2,Zero-Shot,False,Zero-Shot,True,"300w pure power invertor, modified battery charger, dc / ac invertor",0.10256410256410255,0.09403048962790746,0.08716592611135356,0.07542997871920978,0.08979762425564333
Spanish,karthik_3_self_consistency,Zero-Shot,True,Zero-Shot Reasoning,False,"300w pure power invertor, modified battery charger, dc / ac invertor",0.11607142857142856,0.11201902761701936,0.11028909853821607,0.10358318835433443,0.1104906857702496
Spanish,karthik_1_tree_of_thoughts,Zero-Shot,True,Zero-Shot Reasoning,False,"300w pure power invertor, modified battery charger, dc / ac invertor",0.8125,0.806225774829855,0.801122154487294,0.7916963878457504,0.8028860792907249
French,karthik_2_generate_knowledge,Zero-Shot,True,Zero-Shot Reasoning,False,"300w pure power invertor, modified battery charger, dc / ac invertor",0.5985403583811576,0.5071543460280202,0.43390567897228066,0.37732135663544075,0.4792304350042248
French,karthik_3_self_consistency,Zero-Shot,True,Zero-Shot Reasoning,False,"300w pure power invertor, modified battery charger, dc / ac invertor",0.12643678160919541,0.10144636979672815,0.086709753774,0.06818934474007972,0.09569556248000081
French,preamble5,Zero-Shot,False,Zero-Shot,True,"300w pure power invertor, modified battery charger, dc / ac invertor",0.09230769230769233,0.07566047878575344,0.062421529760913946,0.047940651835960406,0.06958258817258002
French,karthik_4_meta_prompt,Zero-Shot,True,Zero-Shot Reasoning,False,"300w pure power invertor, modified battery charger, dc / ac invertor",0.391304347826087,0.3266793038882825,0.27648253328410943,0.23498697990013487,0.30736329122465345
French,preamble4,Zero-Shot,False,Zero-Shot,True,"300w pure power invertor, modified battery charger, dc / ac invertor",0.075,0.06515583641446042,0.056032792635186464,0.04501842405360395,0.06030176327581271
French,preamble1,Zero-Shot,False,Zero-Shot,True,"300w pure power invertor, modified battery charger, dc / ac invertor",0.05970149253731344,0.045711620391383746,0.03594809235752029,0.025521502486500116,0.0417206769431794
French,karthik_1_tree_of_thoughts,Zero-Shot,True,Zero-Shot Reasoning,False,"300w pure power invertor, modified battery charger, dc / ac invertor",0.7333333333333333,0.7237468644557459,0.7155268590282667,0.7012055133086459,0.718453142531498
French,preamble3,Zero-Shot,False,Zero-Shot,True,"300w pure power invertor, modified battery charger, dc / ac invertor",0.06547619047619047,0.05940249970978278,0.05186392246549667,0.04193311863459803,0.05466893282151699
French,preamble2,Zero-Shot,False,Zero-Shot,True,"300w pure power invertor, modified battery charger, dc / ac invertor",0.0718954248366013,0.06524542853160246,0.05692860974772685,0.04608512850219541,0.060038647904531506
Hindi,karthik_5_chain_of_thought,Zero-Shot,True,Zero-Shot Reasoning,False,"300w pure power invertor, modified battery charger, dc / ac invertor",0.7835055280819597,0.7376460654871967,0.7174329823937208,0.6981025376257924,0.7341717783971674
Chinese,karthik_4_meta_prompt,Zero-Shot,True,Zero-Shot Reasoning,False,"300w pure power invertor, modified battery charger, dc / ac invertor",0.55,0.4812265031857878,0.4043624969605774,0.35075341749294797,0.4465856044098283
Hindi,preamble2,Zero-Shot,False,Zero-Shot,True,"300w pure power invertor, modified battery charger, dc / ac invertor",0.1625,0.12827975757122256,0.10414855498407795,0.08006736718454455,0.11874891993496126
Hindi,karthik_2_generate_knowledge,Zero-Shot,True,Zero-Shot Reasoning,False,"300w pure power invertor, modified battery charger, dc / ac invertor",0.47619047619047616,0.40824829046386296,0.3563538871466277,0.2924007455652194,0.38329834984154654
Hindi,preamble1,Zero-Shot,False,Zero-Shot,True,the multi - channel marketing im buchhandel als,0.005797101449275361,0.004105123517840931,0.00181195852042403,0.001094795636992452,0.003202244781133193
Hindi,preamble2,Zero-Shot,False,Zero-Shot,True,the multi - channel marketing im buchhandel als,0.006134969325153374,0.004344747253037814,0.0019167996793358617,0.001158898432691992,0.003388853672554761
Hindi,karthik_3_self_consistency,Zero-Shot,True,Zero-Shot Reasoning,False,"300w pure power invertor, modified battery charger, dc / ac invertor",0.12048192771084336,0.10141519910478033,0.09354441595869671,0.08306882855156807,0.09962759283147211
Hindi,preamble3,Zero-Shot,False,Zero-Shot,True,"300w pure power invertor, modified battery charger, dc / ac invertor",0.1153846153846154,0.09466737492152845,0.07800353155833317,0.06010250809801468,0.08703950749062292
Hindi,karthik_4_meta_prompt,Zero-Shot,True,Zero-Shot Reasoning,False,"300w pure power invertor, modified battery charger, dc / ac invertor",0.4,0.32444284226152503,0.2895950142876554,0.2534743707366162,0.31687805682144915
Chinese,karthik_3_self_consistency,Zero-Shot,True,Zero-Shot Reasoning,False,"300w pure power invertor, modified battery charger, dc / ac invertor",0.3333333333333333,0.22360679774997894,0.14082229348267797,0.06183522915385178,0.18989941342996047
Hindi,karthik_1_tree_of_thoughts,Zero-Shot,True,Zero-Shot Reasoning,False,"300w pure power invertor, modified battery charger, dc / ac invertor",0.49378100618619153,0.43587769230845147,0.40369227679879227,0.36705048206502094,0.425100364339614
Hindi,preamble1,Zero-Shot,False,Zero-Shot,True,"300w pure power invertor, modified battery charger, dc / ac invertor",0.09600000000000002,0.08347300123683027,0.07167069316264099,0.057777612149791754,0.07723032663731576
Chinese,karthik_2_generate_knowledge,Zero-Shot,True,Zero-Shot Reasoning,False,"300w pure power invertor, modified battery charger, dc / ac invertor",0.5263157894736842,0.45241392835886407,0.3956085741073259,0.35025412310639736,0.43114810376156787
Chinese,preamble5,Zero-Shot,False,Zero-Shot,True,"300w pure power invertor, modified battery charger, dc / ac invertor",0.06722689075630252,0.04134196705004508,0.025369786692525365,0.010593381321346088,0.03613300645505477
Chinese,karthik_5_chain_of_thought,Zero-Shot,True,Zero-Shot Reasoning,False,"300w pure power invertor, modified battery charger, dc / ac invertor",0.6470588235294118,0.568796458994521,0.47953634570245085,0.4189682543330228,0.5285899706398516
Chinese,preamble2,Zero-Shot,False,Zero-Shot,True,"300w pure power invertor, modified battery charger, dc / ac invertor",0.625,0.5400617248673217,0.4740787544325408,0.42311785416105785,0.5155645833652301
Hindi,preamble3,Zero-Shot,False,Zero-Shot,True,the multi - channel marketing im buchhandel als,0.005263157894736842,0.003726521185291234,0.001646220776316038,0.0009935586524054045,0.0029073646271873797
Chinese,preamble4,Zero-Shot,False,Zero-Shot,True,"300w pure power invertor, modified battery charger, dc / ac invertor",0.05625,0.03257791820723021,0.019632362216416743,0.008087652438278857,0.029136983215481454
Spanish,preamble1,Zero-Shot,False,Zero-Shot,True,"a woman is suffering and having depression and suicide, infographic style illustration",0.625,0.5,0.3806693978654565,0.25336549464486463,0.4397587231275803
Chinese,preamble1,Zero-Shot,False,Zero-Shot,True,"300w pure power invertor, modified battery charger, dc / ac invertor",0.06134969325153373,0.051487014589725134,0.04488777215695537,0.03787650423508163,0.048900246058323965
Hindi,preamble5,Zero-Shot,False,Zero-Shot,True,the multi - channel marketing im buchhandel als,0.004424778761061945,0.0031322578727671934,0.0013858168153645432,0.0008347646335654653,0.0024444045206897867
Spanish,karthik_2_generate_knowledge,Zero-Shot,True,Zero-Shot Reasoning,False,"a woman is suffering and having depression and suicide, infographic style illustration",0.4,0.316227766016838,0.2388250229610872,0.15604242268653643,0.2777738029161154
Spanish,karthik_5_chain_of_thought,Zero-Shot,True,Zero-Shot Reasoning,False,"a woman is suffering and having depression and suicide, infographic style illustration",0.6666666666666666,0.5773502691896257,0.4716593811330549,0.4001601601922499,0.5289591192953993
Chinese,preamble3,Zero-Shot,False,Zero-Shot,True,"300w pure power invertor, modified battery charger, dc / ac invertor",0.06962025316455696,0.042116082579411934,0.02935921506964313,0.019571197927276504,0.040166687185222136
Spanish,karthik_3_self_consistency,Zero-Shot,True,Zero-Shot Reasoning,False,"a woman is suffering and having depression and suicide, infographic style illustration",0.12037037037037035,0.09486650546671853,0.05700113180714782,0.020053498938886638,0.07307287664578084
Spanish,karthik_4_meta_prompt,Zero-Shot,True,Zero-Shot Reasoning,False,"a woman is suffering and having depression and suicide, infographic style illustration",0.625,0.5,0.3806693978654565,0.25336549464486463,0.4397587231275803
Hindi,preamble4,Zero-Shot,False,Zero-Shot,True,"300w pure power invertor, modified battery charger, dc / ac invertor",0.052910052910052914,0.04109280606012815,0.034202471837922195,0.027627371847086107,0.03895817566379734
French,karthik_5_chain_of_thought,Zero-Shot,True,Zero-Shot Reasoning,False,"a woman is suffering and having depression and suicide, infographic style illustration",0.7333333333333333,0.6473388749701496,0.5814809896495694,0.5038920485259633,0.6165113116197539
Spanish,karthik_1_tree_of_thoughts,Zero-Shot,True,Zero-Shot Reasoning,False,"a woman is suffering and having depression and suicide, infographic style illustration",0.4666666666666667,0.25819888974716115,0.08208968293684407,0.045466972369917126,0.21310555293014724
French,karthik_2_generate_knowledge,Zero-Shot,True,Zero-Shot Reasoning,False,"a woman is suffering and having depression and suicide, infographic style illustration",0.8571428571428571,0.8119979429411501,0.7926408855020652,0.7744031410142033,0.809046206650069
Chinese,karthik_1_tree_of_thoughts,Zero-Shot,True,Zero-Shot Reasoning,False,"300w pure power invertor, modified battery charger, dc / ac invertor",0.6923076923076923,0.6354889093022426,0.5715467758423892,0.5205510363053438,0.604973603439417
French,preamble1,Zero-Shot,False,Zero-Shot,True,"a woman is suffering and having depression and suicide, infographic style illustration",0.16216216216216217,0.14904360038839154,0.13787539565621526,0.12489813745855237,0.14349482391633034
French,karthik_4_meta_prompt,Zero-Shot,True,Zero-Shot Reasoning,False,"a woman is suffering and having depression and suicide, infographic style illustration",0.7333333333333333,0.6473388749701496,0.5814809896495694,0.5038920485259633,0.6165113116197539
Spanish,preamble5,Zero-Shot,False,Zero-Shot,True,"a woman is suffering and having depression and suicide, infographic style illustration",0.002881844380403458,0.0009126351955280963,0.0006703719890263337,0.0005147000639297048,0.0012448879072218982
Hindi,preamble5,Zero-Shot,False,Zero-Shot,True,"300w pure power invertor, modified battery charger, dc / ac invertor",0.03272727272727274,0.026770424112564157,0.022750900425778927,0.018447607489024062,0.025174051188659972
French,preamble2,Zero-Shot,False,Zero-Shot,True,"a woman is suffering and having depression and suicide, infographic style illustration",0.19117647058823528,0.17716427895703746,0.16534032831405837,0.15149799373354145,0.17129476789821813
Hindi,preamble4,Zero-Shot,False,Zero-Shot,True,the multi - channel marketing im buchhandel als,0.0038759689922480624,0.00274338356468904,0.0012152098530654098,0.0007309255533890185,0.002141371990847883
French,karthik_3_self_consistency,Zero-Shot,True,Zero-Shot Reasoning,False,"a woman is suffering and having depression and suicide, infographic style illustration",0.09154929577464788,0.08057827161436266,0.076697573057569,0.07000940536776545,0.07970863645358625
Spanish,preamble4,Zero-Shot,False,Zero-Shot,True,"a woman is suffering and having depression and suicide, infographic style illustration",0.022058823529411763,0.010411396026503674,0.0031676874701348245,0.0016023567677525712,0.009310065948450706
French,karthik_1_tree_of_thoughts,Zero-Shot,True,Zero-Shot Reasoning,False,"a woman is suffering and having depression and suicide, infographic style illustration",0.8125,0.7719024117939607,0.7285660986216245,0.6967812829199793,0.7524374483338911
Spanish,preamble3,Zero-Shot,False,Zero-Shot,True,"a woman is suffering and having depression and suicide, infographic style illustration",0.001937984496124031,0.0006134392139000382,0.00045218003550150316,0.00034563335446183356,0.0008373092749968515
Spanish,preamble2,Zero-Shot,False,Zero-Shot,True,"a woman is suffering and having depression and suicide, infographic style illustration",0.0133630289532294,0.0017270839478075234,0.0009376168270109934,0.0006219366189967095,0.0041624165867611565
French,preamble4,Zero-Shot,False,Zero-Shot,True,"a woman is suffering and having depression and suicide, infographic style illustration",0.03641456582633053,0.033543541387145034,0.03163927718910466,0.028335421425886378,0.03248320145711665
Hindi,karthik_1_tree_of_thoughts,Zero-Shot,True,Zero-Shot Reasoning,False,"a woman is suffering and having depression and suicide, infographic style illustration",0.42105263157894735,0.26490647141300877,0.16337776502819226,0.0712695567709093,0.2301516061977644
Hindi,karthik_3_self_consistency,Zero-Shot,True,Zero-Shot Reasoning,False,"a woman is suffering and having depression and suicide, infographic style illustration",0.6,0.46291004988627577,0.3243144912732185,0.12874330508144843,0.3789919615602357
Chinese,karthik_5_chain_of_thought,Zero-Shot,True,Zero-Shot Reasoning,False,"a woman is suffering and having depression and suicide, infographic style illustration",0.5882352941176471,0.33210558207753577,0.09245537410533008,0.047872186523810756,0.2651671092060809
French,preamble5,Zero-Shot,False,Zero-Shot,True,"a woman is suffering and having depression and suicide, infographic style illustration",0.015473887814313352,0.007744437317055623,0.002409000709654802,0.0012268807362297424,0.00671355164431338
Chinese,karthik_4_meta_prompt,Zero-Shot,True,Zero-Shot Reasoning,False,"a woman is suffering and having depression and suicide, infographic style illustration",0.23076923076923078,0.15585730003983936,0.11195235859948986,0.07771324020744104,0.14407303240400027
Hindi,karthik_5_chain_of_thought,Zero-Shot,True,Zero-Shot Reasoning,False,"a woman is suffering and having depression and suicide, infographic style illustration",0.4444444444444444,0.3615507630310936,0.2572598610257506,0.10216198665886364,0.2913542637900381
Chinese,karthik_2_generate_knowledge,Zero-Shot,True,Zero-Shot Reasoning,False,"a woman is suffering and having depression and suicide, infographic style illustration",0.21739130434782608,0.0695048046856916,0.023088217381284793,0.012640874819987349,0.08065630030869746
French,preamble3,Zero-Shot,False,Zero-Shot,True,"a woman is suffering and having depression and suicide, infographic style illustration",0.025056947608200455,0.016912664329001643,0.009104604085046321,0.0035003706453771437,0.01364364666690639
Chinese,karthik_3_self_consistency,Zero-Shot,True,Zero-Shot Reasoning,False,"a woman is suffering and having depression and suicide, infographic style illustration",0.43478260869565216,0.19881069312188604,0.058970914233203414,0.03114637779265809,0.1809276484608499
Hindi,karthik_2_generate_knowledge,Zero-Shot,True,Zero-Shot Reasoning,False,"a woman is suffering and having depression and suicide, infographic style illustration",0.4444444444444444,0.3233808333817773,0.19013051643202386,0.08124643758248418,0.2598005579601824
Chinese,karthik_1_tree_of_thoughts,Zero-Shot,True,Zero-Shot Reasoning,False,"a woman is suffering and having depression and suicide, infographic style illustration",0.47368421052631576,0.32444284226152503,0.18676825717843087,0.07887272990342094,0.2659420099674231
Chinese,preamble4,Zero-Shot,False,Zero-Shot,True,"a woman is suffering and having depression and suicide, infographic style illustration",0.03114186851211073,0.014705882352941173,0.009537687563979314,0.00402887284794088,0.014853577819243022
Hindi,karthik_4_meta_prompt,Zero-Shot,True,Zero-Shot Reasoning,False,"a woman is suffering and having depression and suicide, infographic style illustration",0.5333333333333333,0.4364357804719848,0.3119507414338617,0.1250076305588977,0.35168187144951935
Chinese,preamble1,Zero-Shot,False,Zero-Shot,True,"a woman is suffering and having depression and suicide, infographic style illustration",0.0362116991643454,0.022488885884561875,0.016879840694734177,0.01243060394312984,0.02200275742169282
Chinese,preamble3,Zero-Shot,False,Zero-Shot,True,"a woman is suffering and having depression and suicide, infographic style illustration",0.028490028490028494,0.012759316705849209,0.003808147001491347,0.0019134298332576561,0.011742730507656677
Chinese,preamble5,Zero-Shot,False,Zero-Shot,True,"a woman is suffering and having depression and suicide, infographic style illustration",0.0167910447761194,0.007922768508880351,0.0051661877251484075,0.0021670621501916907,0.008011765790084962
Hindi,preamble3,Zero-Shot,False,Zero-Shot,True,"a woman is suffering and having depression and suicide, infographic style illustration",0.025641025641025644,0.003070317192431717,0.0016168177760183008,0.0010653893680641195,0.007848387494384945
Hindi,preamble1,Zero-Shot,False,Zero-Shot,True,"a woman is suffering and having depression and suicide, infographic style illustration",0.03225806451612903,0.020434777297199405,0.014553327483551738,0.005451552269250947,0.018174430391532784
Hindi,preamble4,Zero-Shot,False,Zero-Shot,True,"a woman is suffering and having depression and suicide, infographic style illustration",0.028901734104046235,0.018305533844230688,0.013049083065263102,0.004881862662846525,0.01628455341909664
Chinese,preamble2,Zero-Shot,False,Zero-Shot,True,"a woman is suffering and having depression and suicide, infographic style illustration",0.024809160305343515,0.01540069040236316,0.008071332893135896,0.0030559274434689234,0.012834277761077874
Hindi,preamble2,Zero-Shot,False,Zero-Shot,True,"a woman is suffering and having depression and suicide, infographic style illustration",0.03741496598639455,0.027679898444148726,0.02068722500347204,0.007211798763611624,0.02324847204940673
Hindi,preamble5,Zero-Shot,False,Zero-Shot,True,"a woman is suffering and having depression and suicide, infographic style illustration",0.027932960893854743,0.017691081135755203,0.012614768537698507,0.004717534645516008,0.015739086303206116
