language,prompt_name,prompt_type,is_reasoning,combined_prompt_type,is_preamble,input_text,bleu_1gram,bleu_2gram,bleu_3gram,bleu_4gram,avg_bleu
Spanish,preamble6,Few-Shot,False,Few-Shot,True,large stone birdbath with birds on it,0.6333861926251716,0.5046941987886602,0.30989386484117676,0.13891604988474274,0.39672257653493787
Spanish,preamble4,Zero-Shot,False,Zero-Shot,True,large stone birdbath with birds on it,0.6666666666666666,0.5504818825631803,0.49839100664976926,0.44833867003844585,0.5409695564795155
Spanish,preamble1,Zero-Shot,False,Zero-Shot,True,large stone birdbath with birds on it,0.8181818181818182,0.7006490497453707,0.6513140217716181,0.6076795808137692,0.6944561176281441
French,preamble5,Zero-Shot,False,Zero-Shot,True,large stone birdbath with birds on it,0.7,0.6236095644623235,0.5825088500130399,0.537284965911771,0.6108508450967836
French,preamble4,Zero-Shot,False,Zero-Shot,True,large stone birdbath with birds on it,0.7,0.6236095644623235,0.5825088500130399,0.537284965911771,0.6108508450967836
French,preamble1,Zero-Shot,False,Zero-Shot,True,large stone birdbath with birds on it,0.7,0.557773351022717,0.43050908928275344,0.32466791547509893,0.5032375889451424
Spanish,preamble3,Zero-Shot,False,Zero-Shot,True,large stone birdbath with birds on it,0.1230769230769231,0.07595545253127502,0.05844218274062023,0.0414575770873913,0.0747330338590524
Spanish,karthik_2_generate_knowledge,Zero-Shot,True,Zero-Shot Reasoning,False,large stone birdbath with birds on it,0.42857142857142855,0.41403933560541256,0.40192139296044693,0.38091370416670794,0.406361465325999
French,preamble3,Zero-Shot,False,Zero-Shot,True,large stone birdbath with birds on it,0.5,0.4767312946227961,0.45325271466910305,0.4172261448611506,0.4618025385382625
French,karthik_2_generate_knowledge,Zero-Shot,True,Zero-Shot Reasoning,False,large stone birdbath with birds on it,0.25,0.1825741858350554,0.0637276250977716,0.036787632499277766,0.13327236085802618
French,preamble2,Zero-Shot,False,Zero-Shot,True,large stone birdbath with birds on it,0.6363636363636364,0.504524979109513,0.38756311218730594,0.28997844147152074,0.454607542282994
Spanish,preamble5,Zero-Shot,False,Zero-Shot,True,large stone birdbath with birds on it,0.09302325581395347,0.06616316935788492,0.04852153065504537,0.03347544081505507,0.060295849160484714
French,preamble6,Few-Shot,False,Few-Shot,True,large stone birdbath with birds on it,0.7,0.6236095644623235,0.5825088500130399,0.537284965911771,0.6108508450967836
French,karthik_3_self_consistency,Zero-Shot,True,Zero-Shot Reasoning,False,large stone birdbath with birds on it,0.5454545454545454,0.4670993664969138,0.42107563243008606,0.3672056269893592,0.4502087928427262
French,karthik_5_chain_of_thought,Zero-Shot,True,Zero-Shot Reasoning,False,large stone birdbath with birds on it,0.5,0.4767312946227961,0.45325271466910305,0.4172261448611506,0.4618025385382625
Spanish,karthik_5_chain_of_thought,Zero-Shot,True,Zero-Shot Reasoning,False,large stone birdbath with birds on it,0.5833333333333334,0.39886201760873286,0.11927322713332625,0.06484115071397646,0.2915774321973423
Spanish,karthik_4_meta_prompt,Zero-Shot,True,Zero-Shot Reasoning,False,large stone birdbath with birds on it,0.4,0.2513123449750173,0.07242711666242087,0.037903259135181486,0.1904106801931549
Spanish,karthik_3_self_consistency,Zero-Shot,True,Zero-Shot Reasoning,False,large stone birdbath with birds on it,0.15217391304347827,0.11630378346515295,0.08715502898769457,0.061492781423641195,0.10428137672999174
Spanish,preamble2,Zero-Shot,False,Zero-Shot,True,large stone birdbath with birds on it,0.0374331550802139,0.02006257819606612,0.006330070977091716,0.003297584881927263,0.01678084728382475
Chinese,preamble4,Zero-Shot,False,Zero-Shot,True,large stone birdbath with birds on it,0.0588235294117647,0.04826639337239525,0.042526105649830254,0.03447080597956223,0.046021708603388105
Chinese,preamble5,Zero-Shot,False,Zero-Shot,True,large stone birdbath with birds on it,0.033707865168539325,0.03085773130079696,0.0288829036940099,0.02467968594531086,0.029532046527164263
Chinese,preamble6,Few-Shot,False,Few-Shot,True,large stone birdbath with birds on it,0.12727272727272726,0.10855649121315493,0.09844679603557177,0.0846356642331394,0.10472791968864834
Chinese,preamble2,Zero-Shot,False,Zero-Shot,True,large stone birdbath with birds on it,0.09677419354838708,0.07966083578064745,0.07006186731393811,0.057267658485676935,0.0759411387821624
Spanish,karthik_1_tree_of_thoughts,Zero-Shot,True,Zero-Shot Reasoning,False,large stone birdbath with birds on it,0.6333861926251716,0.35687269038897307,0.11531162165292191,0.06568934426718102,0.2928149622335619
Chinese,preamble1,Zero-Shot,False,Zero-Shot,True,large stone birdbath with birds on it,0.0504201680672269,0.046221724323728626,0.043149614209960455,0.037072973459897206,0.0442161200152033
Chinese,karthik_5_chain_of_thought,Zero-Shot,True,Zero-Shot Reasoning,False,large stone birdbath with birds on it,0.6666666666666666,0.408248290463863,0.13624724651304662,0.07936880926086218,0.3226327532261096
Chinese,karthik_2_generate_knowledge,Zero-Shot,True,Zero-Shot Reasoning,False,large stone birdbath with birds on it,0.19512195121951223,0.18478728707195913,0.17690584054038935,0.1621452786919851,0.17974008938096148
Chinese,karthik_4_meta_prompt,Zero-Shot,True,Zero-Shot Reasoning,False,large stone birdbath with birds on it,0.4,0.2981423969999719,0.22651656746142707,0.1122444464861146,0.25922585273687837
French,karthik_4_meta_prompt,Zero-Shot,True,Zero-Shot Reasoning,False,large stone birdbath with birds on it,0.2857142857142857,0.26726124191242434,0.2503046150278931,0.22374677077485583,0.25675672835736474
Chinese,karthik_3_self_consistency,Zero-Shot,True,Zero-Shot Reasoning,False,large stone birdbath with birds on it,0.13725490196078435,0.11715583722580125,0.1062427456752944,0.09147827112247602,0.11303293899608902
Chinese,preamble3,Zero-Shot,False,Zero-Shot,True,large stone birdbath with birds on it,0.06666666666666667,0.050636968354183326,0.04346727448233666,0.034786626297783826,0.048889383950242615
Hindi,preamble4,Zero-Shot,False,Zero-Shot,True,large stone birdbath with birds on it,0.3333333333333333,0.30151134457776363,0.26648962915429364,0.21200626759025185,0.2783351436639106
Hindi,preamble1,Zero-Shot,False,Zero-Shot,True,large stone birdbath with birds on it,0.3333333333333333,0.30151134457776363,0.26648962915429364,0.21200626759025185,0.2783351436639106
Hindi,preamble2,Zero-Shot,False,Zero-Shot,True,large stone birdbath with birds on it,0.3333333333333333,0.30151134457776363,0.26648962915429364,0.21200626759025185,0.2783351436639106
Hindi,preamble6,Few-Shot,False,Few-Shot,True,large stone birdbath with birds on it,0.18181818181818182,0.13483997249264845,0.06036431606009924,0.03986357128268015,0.10422151041340241
French,karthik_1_tree_of_thoughts,Zero-Shot,True,Zero-Shot Reasoning,False,large stone birdbath with birds on it,0.08421052631578946,0.06692744814102546,0.05942637508932478,0.05006448472263961,0.06515720856719483
Spanish,preamble5,Zero-Shot,False,Zero-Shot,True,an old brass kettle on a stove,0.5555555555555556,0.5270462766947299,0.49543631365378615,0.44632361378533286,0.5060904399223511
Spanish,preamble4,Zero-Shot,False,Zero-Shot,True,an old brass kettle on a stove,0.7777777777777778,0.7637626158259734,0.7490836021568807,0.7259795291154771,0.7541508812190274
Spanish,preamble1,Zero-Shot,False,Zero-Shot,True,an old brass kettle on a stove,0.7777777777777778,0.7637626158259734,0.7490836021568807,0.7259795291154771,0.7541508812190274
Spanish,preamble3,Zero-Shot,False,Zero-Shot,True,an old brass kettle on a stove,0.7777777777777778,0.7637626158259734,0.7490836021568807,0.7259795291154771,0.7541508812190274
Chinese,karthik_1_tree_of_thoughts,Zero-Shot,True,Zero-Shot Reasoning,False,large stone birdbath with birds on it,0.11475409836065574,0.06184768881714061,0.019404047529861145,0.010282334695278925,0.0515720423507341
Spanish,preamble2,Zero-Shot,False,Zero-Shot,True,an old brass kettle on a stove,0.5555555555555556,0.5270462766947299,0.49543631365378615,0.44632361378533286,0.5060904399223511
Spanish,preamble6,Few-Shot,False,Few-Shot,True,an old brass kettle on a stove,0.625,0.5976143046671968,0.566367013455331,0.5169731539571706,0.5764886180199247
Spanish,karthik_2_generate_knowledge,Zero-Shot,True,Zero-Shot Reasoning,False,an old brass kettle on a stove,0.2777777777777778,0.25565499628245686,0.23396034203975458,0.20105373454060027,0.2421117126601474
Hindi,preamble5,Zero-Shot,False,Zero-Shot,True,large stone birdbath with birds on it,0.10416666666666666,0.08154100913168028,0.06794195324824168,0.05034460682273034,0.07599855896732974
Hindi,karthik_2_generate_knowledge,Zero-Shot,True,Zero-Shot Reasoning,False,large stone birdbath with birds on it,0.17391304347826086,0.1539981007018036,0.13389602121877245,0.10308675254291907,0.141223479485439
Hindi,preamble3,Zero-Shot,False,Zero-Shot,True,large stone birdbath with birds on it,0.0892857142857143,0.06978631577988534,0.05814847599746663,0.04295119260690565,0.06504292466749298
Spanish,karthik_5_chain_of_thought,Zero-Shot,True,Zero-Shot Reasoning,False,an old brass kettle on a stove,0.5555555555555556,0.5270462766947299,0.49543631365378615,0.44632361378533286,0.5060904399223511
French,preamble5,Zero-Shot,False,Zero-Shot,True,an old brass kettle on a stove,0.7777777777777778,0.7637626158259734,0.7490836021568807,0.7259795291154771,0.7541508812190274
French,preamble4,Zero-Shot,False,Zero-Shot,True,an old brass kettle on a stove,0.7777777777777778,0.7637626158259734,0.7490836021568807,0.7259795291154771,0.7541508812190274
French,preamble1,Zero-Shot,False,Zero-Shot,True,an old brass kettle on a stove,0.7777777777777778,0.7637626158259734,0.7490836021568807,0.7259795291154771,0.7541508812190274
French,preamble3,Zero-Shot,False,Zero-Shot,True,an old brass kettle on a stove,0.7777777777777778,0.7637626158259734,0.7490836021568807,0.7259795291154771,0.7541508812190274
Spanish,karthik_3_self_consistency,Zero-Shot,True,Zero-Shot Reasoning,False,an old brass kettle on a stove,0.2,0.11952286093343935,0.04937604958709526,0.030934588294313718,0.09995837470371208
French,preamble2,Zero-Shot,False,Zero-Shot,True,an old brass kettle on a stove,0.7777777777777778,0.7637626158259734,0.7490836021568807,0.7259795291154771,0.7541508812190274
French,preamble6,Few-Shot,False,Few-Shot,True,an old brass kettle on a stove,1.0,1.0,1.0,1.0,1.0
Spanish,karthik_4_meta_prompt,Zero-Shot,True,Zero-Shot Reasoning,False,an old brass kettle on a stove,0.2777777777777778,0.25565499628245686,0.23396034203975458,0.20105373454060027,0.2421117126601474
French,karthik_2_generate_knowledge,Zero-Shot,True,Zero-Shot Reasoning,False,an old brass kettle on a stove,0.7777777777777778,0.7637626158259734,0.7490836021568807,0.7259795291154771,0.7541508812190274
Spanish,karthik_1_tree_of_thoughts,Zero-Shot,True,Zero-Shot Reasoning,False,an old brass kettle on a stove,0.625,0.5976143046671968,0.566367013455331,0.5169731539571706,0.5764886180199247
Hindi,karthik_5_chain_of_thought,Zero-Shot,True,Zero-Shot Reasoning,False,large stone birdbath with birds on it,0.3333333333333333,0.28867513459481287,0.23173297416566233,0.11868405219520975,0.24310637357225454
Chinese,preamble4,Zero-Shot,False,Zero-Shot,True,an old brass kettle on a stove,0.4444444444444444,0.23570226039551587,0.0948151464331332,0.06030725360407769,0.2088172762192928
Chinese,preamble1,Zero-Shot,False,Zero-Shot,True,an old brass kettle on a stove,0.6666666666666666,0.408248290463863,0.13624724651304662,0.07936880926086218,0.3226327532261096
French,karthik_5_chain_of_thought,Zero-Shot,True,Zero-Shot Reasoning,False,an old brass kettle on a stove,0.5555555555555556,0.5270462766947299,0.49543631365378615,0.44632361378533286,0.5060904399223511
Chinese,preamble3,Zero-Shot,False,Zero-Shot,True,an old brass kettle on a stove,0.7777777777777778,0.7637626158259734,0.7490836021568807,0.7259795291154771,0.7541508812190274
Chinese,karthik_2_generate_knowledge,Zero-Shot,True,Zero-Shot Reasoning,False,an old brass kettle on a stove,0.3333333333333333,0.1740776559556978,0.06900656343516053,0.0428361950754725,0.15481343694991603
Chinese,preamble2,Zero-Shot,False,Zero-Shot,True,an old brass kettle on a stove,0.4444444444444444,0.23570226039551587,0.0948151464331332,0.06030725360407769,0.2088172762192928
Chinese,preamble5,Zero-Shot,False,Zero-Shot,True,an old brass kettle on a stove,0.0625,0.05812381937190965,0.05514095083415881,0.04872252368256047,0.05612182347215723
Chinese,preamble6,Few-Shot,False,Few-Shot,True,an old brass kettle on a stove,0.625,0.2988071523335984,0.11667240223363196,0.07386099955930606,0.2785851385316341
French,karthik_4_meta_prompt,Zero-Shot,True,Zero-Shot Reasoning,False,an old brass kettle on a stove,0.875,0.8660254037844386,0.8563285146644029,0.8408964152537145,0.859562583425639
Hindi,karthik_1_tree_of_thoughts,Zero-Shot,True,Zero-Shot Reasoning,False,large stone birdbath with birds on it,0.2727272727272727,0.2335496832484569,0.18545147779376364,0.09329460218997072,0.19625575898986602
French,karthik_3_self_consistency,Zero-Shot,True,Zero-Shot Reasoning,False,an old brass kettle on a stove,0.16666666666666669,0.14586499149789456,0.13494528779232554,0.11974032927121092,0.14180431880702443
Chinese,karthik_4_meta_prompt,Zero-Shot,True,Zero-Shot Reasoning,False,an old brass kettle on a stove,0.7777777777777778,0.5400617248673217,0.16388163579287182,0.09128709291752769,0.3932520578388748
Hindi,preamble5,Zero-Shot,False,Zero-Shot,True,an old brass kettle on a stove,0.25,0.059761430466719695,0.04033183084278514,0.03303164318013808,0.09578122612241072
Hindi,preamble4,Zero-Shot,False,Zero-Shot,True,an old brass kettle on a stove,0.25,0.059761430466719695,0.04033183084278514,0.03303164318013808,0.09578122612241072
Hindi,preamble1,Zero-Shot,False,Zero-Shot,True,an old brass kettle on a stove,0.25,0.059761430466719695,0.04033183084278514,0.03303164318013808,0.09578122612241072
Chinese,karthik_5_chain_of_thought,Zero-Shot,True,Zero-Shot Reasoning,False,an old brass kettle on a stove,0.6666666666666666,0.408248290463863,0.13624724651304662,0.07936880926086218,0.3226327532261096
Hindi,preamble3,Zero-Shot,False,Zero-Shot,True,an old brass kettle on a stove,0.25,0.059761430466719695,0.04033183084278514,0.03303164318013808,0.09578122612241072
Hindi,preamble2,Zero-Shot,False,Zero-Shot,True,an old brass kettle on a stove,0.25,0.059761430466719695,0.04033183084278514,0.03303164318013808,0.09578122612241072
Hindi,karthik_4_meta_prompt,Zero-Shot,True,Zero-Shot Reasoning,False,large stone birdbath with birds on it,0.15,0.12565617248750868,0.09799894470770983,0.0476608251305123,0.1053289855814327
Chinese,karthik_3_self_consistency,Zero-Shot,True,Zero-Shot Reasoning,False,an old brass kettle on a stove,0.14583333333333334,0.09648062312349497,0.028250125490876573,0.014562215828264894,0.07128157444399244
Hindi,karthik_2_generate_knowledge,Zero-Shot,True,Zero-Shot Reasoning,False,an old brass kettle on a stove,0.25,0.059761430466719695,0.04033183084278514,0.03303164318013808,0.09578122612241072
Hindi,preamble6,Few-Shot,False,Few-Shot,True,an old brass kettle on a stove,0.42857142857142855,0.26726124191242434,0.11511121735118796,0.07730551756939454,0.22206235135110883
French,karthik_1_tree_of_thoughts,Zero-Shot,True,Zero-Shot Reasoning,False,an old brass kettle on a stove,0.875,0.8660254037844386,0.8563285146644029,0.8408964152537145,0.859562583425639
Hindi,karthik_3_self_consistency,Zero-Shot,True,Zero-Shot Reasoning,False,large stone birdbath with birds on it,0.05555555555555554,0.045786854649563,0.03546564246149578,0.016767836295594342,0.03839397224055217
Spanish,preamble5,Zero-Shot,False,Zero-Shot,True,led switch light with touch button on off,0.5841005873035536,0.44153854132913556,0.37266125589818955,0.2979714705451885,0.4240679637690168
Spanish,preamble4,Zero-Shot,False,Zero-Shot,True,led switch light with touch button on off,0.5841005873035536,0.44153854132913556,0.37266125589818955,0.2979714705451885,0.4240679637690168
Spanish,preamble1,Zero-Shot,False,Zero-Shot,True,led switch light with touch button on off,0.6363636363636364,0.35675303400633784,0.24528028241536293,0.11530568323789493,0.338425659005808
Spanish,preamble3,Zero-Shot,False,Zero-Shot,True,led switch light with touch button on off,0.6666666666666666,0.49236596391733095,0.3683409417293896,0.27091988546756285,0.44957336444523754
Chinese,karthik_1_tree_of_thoughts,Zero-Shot,True,Zero-Shot Reasoning,False,an old brass kettle on a stove,0.354274914555761,0.07468770985718297,0.052030672936932656,0.04994668186788306,0.13273499480443993
Spanish,preamble2,Zero-Shot,False,Zero-Shot,True,led switch light with touch button on off,0.5841005873035536,0.44153854132913556,0.37266125589818955,0.2979714705451885,0.4240679637690168
Spanish,preamble6,Few-Shot,False,Few-Shot,True,led switch light with touch button on off,0.5841005873035536,0.44153854132913556,0.37266125589818955,0.2979714705451885,0.4240679637690168
Hindi,karthik_3_self_consistency,Zero-Shot,True,Zero-Shot Reasoning,False,an old brass kettle on a stove,0.2857142857142857,0.06900655593423542,0.047098549390932394,0.039281465090051315,0.11027521403237621
French,preamble5,Zero-Shot,False,Zero-Shot,True,led switch light with touch button on off,0.5367694950537757,0.36668337256566885,0.27515885593148404,0.1395873430390535,0.3295497666474955
Spanish,karthik_2_generate_knowledge,Zero-Shot,True,Zero-Shot Reasoning,False,led switch light with touch button on off,0.2777777777777778,0.22140372138502384,0.18612398784440445,0.14216645907653844,0.20686798652093613
French,preamble4,Zero-Shot,False,Zero-Shot,True,led switch light with touch button on off,0.5367694950537757,0.36668337256566885,0.27515885593148404,0.1395873430390535,0.3295497666474955
French,preamble1,Zero-Shot,False,Zero-Shot,True,led switch light with touch button on off,0.5367694950537757,0.36668337256566885,0.27515885593148404,0.1395873430390535,0.3295497666474955
French,preamble2,Zero-Shot,False,Zero-Shot,True,led switch light with touch button on off,0.6,0.5163977794943222,0.4091569047284194,0.17567205239427922,0.42530668415425515
French,preamble6,Few-Shot,False,Few-Shot,True,led switch light with touch button on off,0.6441233940645307,0.4016815092325757,0.2922222674364656,0.14609701823905347,0.3710310472431564
French,preamble3,Zero-Shot,False,Zero-Shot,True,led switch light with touch button on off,0.17647058823529413,0.10341753799900383,0.07127425320458042,0.03222323801783205,0.0958464043641776
Spanish,karthik_5_chain_of_thought,Zero-Shot,True,Zero-Shot Reasoning,False,led switch light with touch button on off,0.06338028169014084,0.03672215450794146,0.027795227187492215,0.019294603872000514,0.03679806681439376
Spanish,karthik_3_self_consistency,Zero-Shot,True,Zero-Shot Reasoning,False,led switch light with touch button on off,0.2,0.11677484162422844,0.08805334071647637,0.06233797721624644,0.11679153988923781
French,karthik_2_generate_knowledge,Zero-Shot,True,Zero-Shot Reasoning,False,led switch light with touch button on off,0.5367694950537757,0.36668337256566885,0.27515885593148404,0.1395873430390535,0.3295497666474955
French,karthik_4_meta_prompt,Zero-Shot,True,Zero-Shot Reasoning,False,led switch light with touch button on off,0.6618726769384466,0.5777298366654254,0.46433437561526564,0.20403100964609877,0.47699197471630905
Spanish,karthik_4_meta_prompt,Zero-Shot,True,Zero-Shot Reasoning,False,led switch light with touch button on off,0.21052631578947367,0.15294382258037448,0.11369541118456825,0.05415315253510895,0.13282967552238134
Hindi,karthik_5_chain_of_thought,Zero-Shot,True,Zero-Shot Reasoning,False,an old brass kettle on a stove,0.5714285714285714,0.3086066999241838,0.12657485247324374,0.08307018474412793,0.27242007714253175
French,karthik_3_self_consistency,Zero-Shot,True,Zero-Shot Reasoning,False,led switch light with touch button on off,0.5515605641153721,0.45673553902495045,0.3976227661782433,0.32260135189272865,0.4321300553028236
Chinese,karthik_5_chain_of_thought,Zero-Shot,True,Zero-Shot Reasoning,False,led switch light with touch button on off,0.7,0.6236095644623235,0.5297521706139517,0.37991784282579627,0.5583198944755178
French,karthik_5_chain_of_thought,Zero-Shot,True,Zero-Shot Reasoning,False,led switch light with touch button on off,0.3032653298563167,0.19180183554164504,0.08397943760297781,0.05795053470733952,0.15924928442706976
Spanish,karthik_1_tree_of_thoughts,Zero-Shot,True,Zero-Shot Reasoning,False,led switch light with touch button on off,0.45454545454545453,0.3692744729379982,0.3154208515212155,0.24808415001701817,0.3468312322554216
Chinese,preamble6,Few-Shot,False,Few-Shot,True,led switch light with touch button on off,0.12727272727272726,0.08408749651825217,0.05263949352397497,0.02250587529131595,0.07162639815156759
Chinese,preamble4,Zero-Shot,False,Zero-Shot,True,led switch light with touch button on off,0.04402515723270441,0.02891229335334857,0.01818308597664759,0.007643375715745766,0.02469097806961158
French,karthik_1_tree_of_thoughts,Zero-Shot,True,Zero-Shot Reasoning,False,led switch light with touch button on off,0.15517241379310345,0.10435177140809475,0.0749286201072882,0.05156674665890635,0.09650488799184818
Hindi,karthik_1_tree_of_thoughts,Zero-Shot,True,Zero-Shot Reasoning,False,an old brass kettle on a stove,0.07692307692307693,0.054923503638108974,0.04051168739005775,0.01873214866001142,0.047772604152813765
Chinese,preamble2,Zero-Shot,False,Zero-Shot,True,led switch light with touch button on off,0.0898876404494382,0.06392027721005931,0.03729753717390543,0.01528674069852621,0.05159804888298229
Chinese,preamble3,Zero-Shot,False,Zero-Shot,True,led switch light with touch button on off,0.05333333333333334,0.03783870158723216,0.022143769019684206,0.009006858712674847,0.030580665663231137
Chinese,karthik_3_self_consistency,Zero-Shot,True,Zero-Shot Reasoning,False,led switch light with touch button on off,0.36787944117144233,0.21239529438966132,0.095261102933917,0.0743306114738671,0.18746661249222193
Chinese,karthik_2_generate_knowledge,Zero-Shot,True,Zero-Shot Reasoning,False,led switch light with touch button on off,0.6363636363636364,0.5640760748177662,0.4171792884112551,0.17242221289766632,0.44751030312258094
Chinese,preamble5,Zero-Shot,False,Zero-Shot,True,led switch light with touch button on off,0.04123711340206186,0.029234486485018564,0.021544752187050792,0.00826269238947157,0.025069761115900698
Chinese,karthik_4_meta_prompt,Zero-Shot,True,Zero-Shot Reasoning,False,led switch light with touch button on off,0.32928698165641584,0.21255383267970096,0.09551760232306326,0.06900940978236146,0.1765919566103854
Hindi,preamble6,Few-Shot,False,Few-Shot,True,led switch light with touch button on off,0.6666666666666666,0.5,0.15575351255546135,0.08783602619713964,0.3525640513548169
Chinese,preamble1,Zero-Shot,False,Zero-Shot,True,led switch light with touch button on off,0.02649006622516557,0.016248710521339874,0.010039000156108329,0.004142011878463524,0.014229947195269325
Hindi,karthik_2_generate_knowledge,Zero-Shot,True,Zero-Shot Reasoning,False,led switch light with touch button on off,0.3684210526315789,0.24779731389167603,0.07312327064502883,0.038761990534234056,0.18202590692562948
Hindi,karthik_4_meta_prompt,Zero-Shot,True,Zero-Shot Reasoning,False,an old brass kettle on a stove,0.2857142857142857,0.06900655593423542,0.047098549390932394,0.039281465090051315,0.11027521403237621
Chinese,karthik_1_tree_of_thoughts,Zero-Shot,True,Zero-Shot Reasoning,False,led switch light with touch button on off,0.14583333333333334,0.09648062312349497,0.06039769732317477,0.025895688571946365,0.08215183558798736
Hindi,preamble3,Zero-Shot,False,Zero-Shot,True,led switch light with touch button on off,0.13953488372093023,0.09983374884595826,0.030012653743256304,0.015701014973532344,0.07127057532091928
Spanish,preamble5,Zero-Shot,False,Zero-Shot,True,the giants team on fire trucks,0.10000000000000002,0.03333333333333335,0.024950558772614845,0.021105340631872645,0.04484730818445521
Spanish,preamble4,Zero-Shot,False,Zero-Shot,True,the giants team on fire trucks,0.10000000000000002,0.03333333333333335,0.024950558772614845,0.021105340631872645,0.04484730818445521
Spanish,preamble1,Zero-Shot,False,Zero-Shot,True,the giants team on fire trucks,0.10000000000000002,0.03333333333333335,0.024950558772614845,0.021105340631872645,0.04484730818445521
Spanish,preamble3,Zero-Shot,False,Zero-Shot,True,the giants team on fire trucks,0.10000000000000002,0.03333333333333335,0.024950558772614845,0.021105340631872645,0.04484730818445521
Spanish,karthik_5_chain_of_thought,Zero-Shot,True,Zero-Shot Reasoning,False,the giants team on fire trucks,0.11111111111111109,0.03726779962499649,0.028067124621919234,0.023980296761827107,0.050106583029963486
Hindi,preamble4,Zero-Shot,False,Zero-Shot,True,led switch light with touch button on off,0.075,0.05336760502236151,0.016055065139992063,0.008298364838945669,0.038180258750324804
Spanish,preamble6,Few-Shot,False,Few-Shot,True,the giants team on fire trucks,0.12500000000000003,0.04225771273642583,0.032085442892067474,0.02777619034011792,0.05677983649215281
Spanish,karthik_4_meta_prompt,Zero-Shot,True,Zero-Shot Reasoning,False,the giants team on fire trucks,0.0909090909090909,0.03015113445777637,0.022461584318318094,0.018850319022747353,0.04059303217698318
Hindi,preamble5,Zero-Shot,False,Zero-Shot,True,led switch light with touch button on off,0.11475409836065574,0.08746584032663106,0.05214734817180666,0.021744490455731645,0.06902794432870628
Spanish,karthik_3_self_consistency,Zero-Shot,True,Zero-Shot Reasoning,False,the giants team on fire trucks,0.015151515151515157,0.004828045495852677,0.003509536004056586,0.0027574366655649983,0.006561633329247354
Spanish,preamble2,Zero-Shot,False,Zero-Shot,True,the giants team on fire trucks,0.016393442622950817,0.005227083734893164,0.0037990068617645757,0.002989232719814957,0.007102191484855878
Spanish,karthik_2_generate_knowledge,Zero-Shot,True,Zero-Shot Reasoning,False,the giants team on fire trucks,0.0909090909090909,0.03015113445777637,0.022461584318318094,0.018850319022747353,0.04059303217698318
French,preamble5,Zero-Shot,False,Zero-Shot,True,the giants team on fire trucks,0.75,0.6546536707079771,0.5261597794341889,0.23119742295813953,0.5405027182750763
Hindi,karthik_3_self_consistency,Zero-Shot,True,Zero-Shot Reasoning,False,led switch light with touch button on off,0.10638297872340424,0.0680099029628596,0.022591105976371904,0.012362883593468847,0.05233671781402614
Hindi,karthik_1_tree_of_thoughts,Zero-Shot,True,Zero-Shot Reasoning,False,led switch light with touch button on off,0.36363636363636365,0.19069251784911848,0.07587875263140755,0.04740604259878138,0.16940341917891774
French,preamble4,Zero-Shot,False,Zero-Shot,True,the giants team on fire trucks,1.0,1.0,1.0,1.0,1.0
Hindi,preamble2,Zero-Shot,False,Zero-Shot,True,led switch light with touch button on off,0.07228915662650603,0.05938266012266709,0.03637603103828135,0.015273412202916158,0.04583031499759266
French,preamble1,Zero-Shot,False,Zero-Shot,True,the giants team on fire trucks,0.875,0.8660254037844386,0.8563285146644029,0.8408964152537145,0.859562583425639
Spanish,karthik_1_tree_of_thoughts,Zero-Shot,True,Zero-Shot Reasoning,False,the giants team on fire trucks,0.10000000000000002,0.03333333333333335,0.024950558772614845,0.021105340631872645,0.04484730818445521
French,preamble3,Zero-Shot,False,Zero-Shot,True,the giants team on fire trucks,0.875,0.8660254037844386,0.8563285146644029,0.8408964152537145,0.859562583425639
French,preamble2,Zero-Shot,False,Zero-Shot,True,the giants team on fire trucks,0.75,0.6546536707079771,0.5261597794341889,0.23119742295813953,0.5405027182750763
French,preamble6,Few-Shot,False,Few-Shot,True,the giants team on fire trucks,0.875,0.7905694150420949,0.6812405754951913,0.5,0.7117024976343216
Hindi,karthik_5_chain_of_thought,Zero-Shot,True,Zero-Shot Reasoning,False,led switch light with touch button on off,0.625,0.42257712736425823,0.14665877004526578,0.08783602619713961,0.3205179809016659
French,karthik_5_chain_of_thought,Zero-Shot,True,Zero-Shot Reasoning,False,the giants team on fire trucks,0.75,0.6546536707079771,0.5261597794341889,0.23119742295813953,0.5405027182750763
Chinese,preamble5,Zero-Shot,False,Zero-Shot,True,the giants team on fire trucks,0.04301075268817205,0.021621937503220525,0.008405175416582379,0.004887945201591423,0.019481452702391596
French,karthik_2_generate_knowledge,Zero-Shot,True,Zero-Shot Reasoning,False,the giants team on fire trucks,0.7777777777777778,0.7637626158259734,0.7490836021568807,0.7259795291154771,0.7541508812190274
Chinese,karthik_2_generate_knowledge,Zero-Shot,True,Zero-Shot Reasoning,False,the giants team on fire trucks,0.2,0.11952286093343935,0.04937604958709526,0.030934588294313718,0.09995837470371208
Hindi,preamble1,Zero-Shot,False,Zero-Shot,True,led switch light with touch button on off,0.05172413793103449,0.042415804245294134,0.026024936892074052,0.01087096329363732,0.03275896059051
Chinese,preamble4,Zero-Shot,False,Zero-Shot,True,the giants team on fire trucks,0.039603960396039604,0.02814390178921168,0.020798596433220976,0.009505540919320864,0.02451299988444828
Chinese,karthik_5_chain_of_thought,Zero-Shot,True,Zero-Shot Reasoning,False,the giants team on fire trucks,0.6,0.3872983346207417,0.17404441896107775,0.12574334296829354,0.32177152413752824
Chinese,preamble1,Zero-Shot,False,Zero-Shot,True,the giants team on fire trucks,0.03883495145631068,0.03379651542093316,0.029306861747508888,0.021807863384847224,0.030936548002399988
Chinese,karthik_3_self_consistency,Zero-Shot,True,Zero-Shot Reasoning,False,the giants team on fire trucks,1.0,1.0,1.0,1.0,1.0
Chinese,karthik_1_tree_of_thoughts,Zero-Shot,True,Zero-Shot Reasoning,False,the giants team on fire trucks,0.47768754038252614,0.13082012065333476,0.10909005447984235,0.09681772177713914,0.20360385932321057
Chinese,preamble2,Zero-Shot,False,Zero-Shot,True,the giants team on fire trucks,0.06451612903225806,0.032521400024371865,0.01262530217701803,0.007393222919710692,0.029264013538339663
French,karthik_4_meta_prompt,Zero-Shot,True,Zero-Shot Reasoning,False,the giants team on fire trucks,0.6191984998215584,0.5982025827726344,0.5733442699900668,0.5329462628216854,0.5809229038514863
French,karthik_3_self_consistency,Zero-Shot,True,Zero-Shot Reasoning,False,the giants team on fire trucks,0.14814814814814814,0.13988115151037547,0.13387820487624283,0.12197379410305399,0.1359703246594551
Chinese,karthik_4_meta_prompt,Zero-Shot,True,Zero-Shot Reasoning,False,the giants team on fire trucks,0.7165313105737893,0.16022127184500068,0.12470827561623474,0.10714642219733597,0.27715182005809014
French,karthik_1_tree_of_thoughts,Zero-Shot,True,Zero-Shot Reasoning,False,the giants team on fire trucks,0.625,0.5175491695067657,0.35844139094416977,0.17286039232097053,0.4184627381929765
Chinese,preamble6,Few-Shot,False,Few-Shot,True,the giants team on fire trucks,0.040816326530612235,0.029009890432389114,0.02143536640519248,0.009801089040587655,0.02526566810219537
Chinese,preamble3,Zero-Shot,False,Zero-Shot,True,the giants team on fire trucks,0.02105263157894737,0.010554126447688387,0.004120848261764906,0.002372527650550101,0.009525033484737691
Hindi,preamble6,Few-Shot,False,Few-Shot,True,the giants team on fire trucks,0.2222222222222222,0.05270462766947299,0.03528075103412339,0.028517539529041507,0.08468128511371502
Hindi,preamble1,Zero-Shot,False,Zero-Shot,True,the giants team on fire trucks,0.05660377358490567,0.03299294026609379,0.013448062399472148,0.008083053722455262,0.027781957493231715
Hindi,karthik_2_generate_knowledge,Zero-Shot,True,Zero-Shot Reasoning,False,the giants team on fire trucks,0.0,0.0,0.0,0.0,0.0
Hindi,preamble3,Zero-Shot,False,Zero-Shot,True,the giants team on fire trucks,0.030769230769230767,0.006933752452815363,0.004479780326258578,0.003330819561259882,0.011378395777391147
Hindi,preamble2,Zero-Shot,False,Zero-Shot,True,the giants team on fire trucks,0.07547169811320754,0.06598588053218755,0.057105693663861104,0.04298807144691974,0.06038783593904398
Spanish,preamble4,Zero-Shot,False,Zero-Shot,True,lawn lawn die set and die set hedgehogs from lawn fawn,0.5714285714285714,0.36313651960128146,0.2836979771131725,0.21142141714303078,0.35742112132151405
Hindi,preamble4,Zero-Shot,False,Zero-Shot,True,the giants team on fire trucks,0.015151515151515157,0.004828045495852677,0.003509536004056586,0.0027574366655649983,0.006561633329247354
Spanish,preamble1,Zero-Shot,False,Zero-Shot,True,lawn lawn die set and die set hedgehogs from lawn fawn,0.6923076923076923,0.48038446141526137,0.3511793901098903,0.2545093860020286,0.4445952324587181
Hindi,preamble5,Zero-Shot,False,Zero-Shot,True,the giants team on fire trucks,0.025641025641025644,0.004701524481395375,0.0028421517079724214,0.0020263696772438115,0.008802767876909314
Spanish,preamble6,Few-Shot,False,Few-Shot,True,lawn lawn die set and die set hedgehogs from lawn fawn,0.5185727544772025,0.2921826465551294,0.09440917083454008,0.05378188630106793,0.23973661454198497
Hindi,karthik_4_meta_prompt,Zero-Shot,True,Zero-Shot Reasoning,False,led switch light with touch button on off,0.12500000000000003,0.028867513459481287,0.018864614597621485,0.014628063653657535,0.04684004792769009
Spanish,karthik_1_tree_of_thoughts,Zero-Shot,True,Zero-Shot Reasoning,False,lawn lawn die set and die set hedgehogs from lawn fawn,0.5366925752004387,0.29963038023726124,0.20523037923240692,0.09585983826931077,0.28435329323485437
Spanish,preamble3,Zero-Shot,False,Zero-Shot,True,lawn lawn die set and die set hedgehogs from lawn fawn,0.1388888888888889,0.09889847151615445,0.06718660059793118,0.04486064422612572,0.08745865130727506
Spanish,karthik_2_generate_knowledge,Zero-Shot,True,Zero-Shot Reasoning,False,lawn lawn die set and die set hedgehogs from lawn fawn,0.5926545765453743,0.44173864011060315,0.33329693739163085,0.24868467029269142,0.40409370608507494
Spanish,karthik_5_chain_of_thought,Zero-Shot,True,Zero-Shot Reasoning,False,lawn lawn die set and die set hedgehogs from lawn fawn,0.6821614784251477,0.47697132963541783,0.35107303726893635,0.2574478063354877,0.4419134129162474
Spanish,preamble5,Zero-Shot,False,Zero-Shot,True,lawn lawn die set and die set hedgehogs from lawn fawn,0.07575757575757576,0.04809582539138558,0.02707631550311816,0.01083728327388817,0.040441749981491915
Hindi,karthik_1_tree_of_thoughts,Zero-Shot,True,Zero-Shot Reasoning,False,the giants team on fire trucks,0.2222222222222222,0.05270462766947299,0.03528075103412339,0.028517539529041507,0.08468128511371502
French,preamble1,Zero-Shot,False,Zero-Shot,True,lawn lawn die set and die set hedgehogs from lawn fawn,0.2857142857142857,0.046880723093849545,0.02733546260131627,0.020200106912694155,0.09503264458053641
French,preamble4,Zero-Shot,False,Zero-Shot,True,lawn lawn die set and die set hedgehogs from lawn fawn,0.29411764705882354,0.04287464628562722,0.02394099784808892,0.017200673466668964,0.09453349116480216
French,preamble5,Zero-Shot,False,Zero-Shot,True,lawn lawn die set and die set hedgehogs from lawn fawn,0.3157894736842105,0.13245323570650439,0.0483629911886577,0.028339296176052856,0.13123624918885637
Spanish,preamble2,Zero-Shot,False,Zero-Shot,True,lawn lawn die set and die set hedgehogs from lawn fawn,0.12371134020618557,0.09497693697262,0.07434623713355476,0.04483438458146023,0.08446722472345514
French,preamble6,Few-Shot,False,Few-Shot,True,lawn lawn die set and die set hedgehogs from lawn fawn,0.35270071870442254,0.23298642673655665,0.07903658900236418,0.04559460694781592,0.17757958534778984
French,preamble2,Zero-Shot,False,Zero-Shot,True,lawn lawn die set and die set hedgehogs from lawn fawn,0.3888888888888889,0.2138963159732493,0.1447353403637567,0.06607677554655543,0.20339933019311257
Spanish,karthik_3_self_consistency,Zero-Shot,True,Zero-Shot Reasoning,False,lawn lawn die set and die set hedgehogs from lawn fawn,0.19298245614035087,0.14379392104440059,0.10647289776209908,0.06760229884571738,0.12771289344814196
Hindi,karthik_5_chain_of_thought,Zero-Shot,True,Zero-Shot Reasoning,False,the giants team on fire trucks,0.14285714285714285,0.048795003647426664,0.037468614372419724,0.033031643180138064,0.06553810101428183
French,karthik_5_chain_of_thought,Zero-Shot,True,Zero-Shot Reasoning,False,lawn lawn die set and die set hedgehogs from lawn fawn,0.35270071870442254,0.23298642673655665,0.07903658900236418,0.04559460694781592,0.17757958534778984
Hindi,karthik_3_self_consistency,Zero-Shot,True,Zero-Shot Reasoning,False,the giants team on fire trucks,0.3274923012311928,0.25890539701513365,0.12464965750914189,0.09302577375697234,0.20101828237811015
Spanish,karthik_4_meta_prompt,Zero-Shot,True,Zero-Shot Reasoning,False,lawn lawn die set and die set hedgehogs from lawn fawn,0.4,0.29019050004400465,0.2140281402746303,0.1531682455208201,0.26434672145986376
French,preamble3,Zero-Shot,False,Zero-Shot,True,lawn lawn die set and die set hedgehogs from lawn fawn,0.1265822784810127,0.08056921804549294,0.04524073987270086,0.01824981620352301,0.06766051315068237
French,karthik_1_tree_of_thoughts,Zero-Shot,True,Zero-Shot Reasoning,False,lawn lawn die set and die set hedgehogs from lawn fawn,0.3561388764008908,0.2344393091820821,0.07928700783889951,0.04549497296421332,0.17884004159652145
French,karthik_2_generate_knowledge,Zero-Shot,True,Zero-Shot Reasoning,False,lawn lawn die set and die set hedgehogs from lawn fawn,0.5,0.33968311024337877,0.2159628241091146,0.09669265690880861,0.2880846478153255
French,karthik_4_meta_prompt,Zero-Shot,True,Zero-Shot Reasoning,False,lawn lawn die set and die set hedgehogs from lawn fawn,0.4666666666666667,0.18257418583505536,0.06530533771613309,0.038233014078303,0.18819480107403955
French,karthik_3_self_consistency,Zero-Shot,True,Zero-Shot Reasoning,False,lawn lawn die set and die set hedgehogs from lawn fawn,0.1232876712328767,0.0413802944301184,0.014001304649692412,0.007661392126604184,0.046582665609822924
Chinese,preamble5,Zero-Shot,False,Zero-Shot,True,lawn lawn die set and die set hedgehogs from lawn fawn,0.11475409836065574,0.013829563644638,0.00722025325814503,0.004862215879511135,0.03516653278573748
Chinese,preamble6,Few-Shot,False,Few-Shot,True,lawn lawn die set and die set hedgehogs from lawn fawn,0.13636363636363635,0.07963978098028482,0.02564918510479982,0.013853411725680142,0.06387650354360029
Chinese,preamble1,Zero-Shot,False,Zero-Shot,True,lawn lawn die set and die set hedgehogs from lawn fawn,0.08571428571428572,0.04984447862792268,0.016058290746534403,0.008593351966155831,0.04005260176372465
Chinese,karthik_2_generate_knowledge,Zero-Shot,True,Zero-Shot Reasoning,False,lawn lawn die set and die set hedgehogs from lawn fawn,1.0,0.8660254037844387,0.813856741269988,0.7730551756939454,0.8632343301870931
Chinese,preamble2,Zero-Shot,False,Zero-Shot,True,lawn lawn die set and die set hedgehogs from lawn fawn,0.06779661016949153,0.03404286141254435,0.010468056572818539,0.005429052870239978,0.0294341452562736
Chinese,karthik_4_meta_prompt,Zero-Shot,True,Zero-Shot Reasoning,False,lawn lawn die set and die set hedgehogs from lawn fawn,0.5714285714285714,0.36313651960128146,0.22569209116099667,0.09997501561329078,0.3150580494510351
Hindi,preamble4,Zero-Shot,False,Zero-Shot,True,lawn lawn die set and die set hedgehogs from lawn fawn,0.6333861926251716,0.5046941987886602,0.38954073278761897,0.29377167835760565,0.4553482006397641
Chinese,preamble4,Zero-Shot,False,Zero-Shot,True,lawn lawn die set and die set hedgehogs from lawn fawn,0.02336448598130841,0.018140486965414458,0.005662620632725122,0.002928666311288655,0.012524064972684162
Chinese,preamble3,Zero-Shot,False,Zero-Shot,True,lawn lawn die set and die set hedgehogs from lawn fawn,0.06976744186046512,0.0330169089872109,0.009956594140338199,0.005108867505870777,0.029462453123471247
Chinese,karthik_5_chain_of_thought,Zero-Shot,True,Zero-Shot Reasoning,False,lawn lawn die set and die set hedgehogs from lawn fawn,0.6666666666666666,0.49236596391733095,0.3683409417293896,0.27091988546756285,0.44957336444523754
Hindi,preamble6,Few-Shot,False,Few-Shot,True,lawn lawn die set and die set hedgehogs from lawn fawn,0.7238699344287677,0.6032249453573064,0.4381981338415542,0.3211703274087688,0.5216158352590993
Chinese,karthik_3_self_consistency,Zero-Shot,True,Zero-Shot Reasoning,False,lawn lawn die set and die set hedgehogs from lawn fawn,0.06481481481481481,0.03480649171774531,0.010943212441261514,0.005743892913762844,0.02907710297189612
Hindi,karthik_4_meta_prompt,Zero-Shot,True,Zero-Shot Reasoning,False,the giants team on fire trucks,0.12500000000000003,0.04225771273642583,0.032085442892067474,0.02777619034011792,0.05677983649215281
Hindi,preamble2,Zero-Shot,False,Zero-Shot,True,lawn lawn die set and die set hedgehogs from lawn fawn,0.16393442622950818,0.12803687993289598,0.08429462620586876,0.031286360043789714,0.10188807310301566
Hindi,preamble5,Zero-Shot,False,Zero-Shot,True,lawn lawn die set and die set hedgehogs from lawn fawn,0.13846153846153847,0.11393317879691249,0.08730854974952108,0.06682359867655095,0.10163171642113075
Spanish,preamble4,Zero-Shot,False,Zero-Shot,True,"logitech usb gamepad, blue",0.4,0.316227766016838,0.1522474354853864,0.11362193664674995,0.2455242845372436
Spanish,karthik_2_generate_knowledge,Zero-Shot,True,Zero-Shot Reasoning,False,"logitech usb gamepad, blue",0.12500000000000003,0.09128709291752769,0.04033183084278514,0.026012784404037925,0.0706579270410877
Spanish,karthik_5_chain_of_thought,Zero-Shot,True,Zero-Shot Reasoning,False,"logitech usb gamepad, blue",0.4,0.316227766016838,0.1522474354853864,0.11362193664674995,0.2455242845372436
Spanish,preamble1,Zero-Shot,False,Zero-Shot,True,"logitech usb gamepad, blue",0.4,0.316227766016838,0.1522474354853864,0.11362193664674995,0.2455242845372436
Spanish,preamble5,Zero-Shot,False,Zero-Shot,True,"logitech usb gamepad, blue",0.03571428571428572,0.02548235957188128,0.011128284533491205,0.0069016417535906855,0.019806642893312226
Spanish,karthik_4_meta_prompt,Zero-Shot,True,Zero-Shot Reasoning,False,"logitech usb gamepad, blue",0.2857142857142857,0.2182178902359924,0.1006949130683619,0.06985342056580097,0.16862012739611024
Hindi,karthik_5_chain_of_thought,Zero-Shot,True,Zero-Shot Reasoning,False,lawn lawn die set and die set hedgehogs from lawn fawn,0.5,0.3834824944236852,0.2674560110679342,0.10521495173810227,0.31403836430743043
Spanish,preamble2,Zero-Shot,False,Zero-Shot,True,"logitech usb gamepad, blue",0.3333333333333333,0.25819888974716115,0.12111838948674812,0.08633400213704504,0.1997461536760719
Spanish,preamble6,Few-Shot,False,Few-Shot,True,"logitech usb gamepad, blue",0.2857142857142857,0.2182178902359924,0.1006949130683619,0.06985342056580097,0.16862012739611024
Hindi,preamble1,Zero-Shot,False,Zero-Shot,True,lawn lawn die set and die set hedgehogs from lawn fawn,0.10112359550561797,0.07580012424492769,0.052466330510164014,0.03520367733124405,0.06614843189798844
French,preamble5,Zero-Shot,False,Zero-Shot,True,"logitech usb gamepad, blue",1.0,0.7071067811865476,0.46773514128719823,0.223606797749979,0.5996121800559312
Chinese,karthik_1_tree_of_thoughts,Zero-Shot,True,Zero-Shot Reasoning,False,lawn lawn die set and die set hedgehogs from lawn fawn,0.3125,0.14433756729740646,0.05457178254306466,0.032709344708772174,0.1360296736373108
Spanish,preamble3,Zero-Shot,False,Zero-Shot,True,"logitech usb gamepad, blue",0.06818181818181818,0.03981989049014241,0.016232812588182325,0.009795841373797659,0.033507590658485145
French,preamble4,Zero-Shot,False,Zero-Shot,True,"logitech usb gamepad, blue",1.0,0.7071067811865476,0.46773514128719823,0.223606797749979,0.5996121800559312
French,preamble1,Zero-Shot,False,Zero-Shot,True,"logitech usb gamepad, blue",0.875,0.6123724356957945,0.40053493879481106,0.1880301546543197,0.5189843822862312
French,preamble3,Zero-Shot,False,Zero-Shot,True,"logitech usb gamepad, blue",0.875,0.6123724356957945,0.40053493879481106,0.1880301546543197,0.5189843822862312
French,preamble2,Zero-Shot,False,Zero-Shot,True,"logitech usb gamepad, blue",0.875,0.6123724356957945,0.40053493879481106,0.1880301546543197,0.5189843822862312
French,preamble6,Few-Shot,False,Few-Shot,True,"logitech usb gamepad, blue",0.8571428571428571,0.5345224838248488,0.18188523433264572,0.10932651139290935,0.42071927167331524
Spanish,karthik_3_self_consistency,Zero-Shot,True,Zero-Shot Reasoning,False,"logitech usb gamepad, blue",0.05263157894736841,0.03771571432023571,0.016478774754660887,0.010307860500264256,0.029283482130632317
French,karthik_2_generate_knowledge,Zero-Shot,True,Zero-Shot Reasoning,False,"logitech usb gamepad, blue",0.875,0.6123724356957945,0.40053493879481106,0.1880301546543197,0.5189843822862312
Hindi,karthik_4_meta_prompt,Zero-Shot,True,Zero-Shot Reasoning,False,lawn lawn die set and die set hedgehogs from lawn fawn,0.5,0.3834824944236852,0.2674560110679342,0.10521495173810227,0.31403836430743043
French,karthik_3_self_consistency,Zero-Shot,True,Zero-Shot Reasoning,False,"logitech usb gamepad, blue",0.7054014374088451,0.10928032077900922,0.06488553301529469,0.051675473202961675,0.23281069110152763
French,karthik_5_chain_of_thought,Zero-Shot,True,Zero-Shot Reasoning,False,"logitech usb gamepad, blue",1.0,0.7071067811865476,0.46773514128719823,0.223606797749979,0.5996121800559312
Hindi,karthik_2_generate_knowledge,Zero-Shot,True,Zero-Shot Reasoning,False,lawn lawn die set and die set hedgehogs from lawn fawn,0.3125,0.20412414523193154,0.06859746052812911,0.03889818545474848,0.15602994780370227
Spanish,karthik_1_tree_of_thoughts,Zero-Shot,True,Zero-Shot Reasoning,False,"logitech usb gamepad, blue",0.02105263157894737,0.01496543236039249,0.0065457519550402915,0.0040223229805989,0.011646534718744763
Chinese,preamble4,Zero-Shot,False,Zero-Shot,True,"logitech usb gamepad, blue",0.20689655172413796,0.08596023825918794,0.031209469085646927,0.01801210737536247,0.08551959161108381
Chinese,karthik_2_generate_knowledge,Zero-Shot,True,Zero-Shot Reasoning,False,"logitech usb gamepad, blue",0.625,0.2988071523335984,0.11667240223363196,0.07386099955930606,0.2785851385316341
Chinese,preamble1,Zero-Shot,False,Zero-Shot,True,"logitech usb gamepad, blue",0.1724137931034483,0.07847060257179307,0.029387089092047777,0.017209538164201187,0.07437025573287258
Chinese,karthik_4_meta_prompt,Zero-Shot,True,Zero-Shot Reasoning,False,"logitech usb gamepad, blue",0.8333333333333334,0.7071067811865476,0.63287829698514,0.537284965911771,0.677650844354198
Chinese,preamble6,Few-Shot,False,Few-Shot,True,"logitech usb gamepad, blue",0.625,0.2988071523335984,0.11667240223363196,0.07386099955930606,0.2785851385316341
Chinese,preamble2,Zero-Shot,False,Zero-Shot,True,"logitech usb gamepad, blue",0.625,0.2988071523335984,0.11667240223363196,0.07386099955930606,0.2785851385316341
Chinese,preamble3,Zero-Shot,False,Zero-Shot,True,"logitech usb gamepad, blue",0.1935483870967742,0.08032193289024989,0.02914735834319996,0.016789125215525624,0.07995170088643741
Chinese,preamble5,Zero-Shot,False,Zero-Shot,True,"logitech usb gamepad, blue",0.08695652173913045,0.03575992699260758,0.012960957501908394,0.0073332016447467865,0.0357526519695983
Chinese,karthik_5_chain_of_thought,Zero-Shot,True,Zero-Shot Reasoning,False,"logitech usb gamepad, blue",0.625,0.2988071523335984,0.11667240223363196,0.07386099955930606,0.2785851385316341
French,karthik_4_meta_prompt,Zero-Shot,True,Zero-Shot Reasoning,False,"logitech usb gamepad, blue",0.5362560368285115,0.4239476213483084,0.3447561247207954,0.19153996003797966,0.37412493573389877
Hindi,preamble3,Zero-Shot,False,Zero-Shot,True,lawn lawn die set and die set hedgehogs from lawn fawn,0.061224489795918366,0.045790054625430884,0.031783185636948666,0.021169492959105005,0.03999180575435073
Hindi,karthik_3_self_consistency,Zero-Shot,True,Zero-Shot Reasoning,False,lawn lawn die set and die set hedgehogs from lawn fawn,0.09009009009009009,0.07009996372327817,0.05287775560638802,0.03345235114985816,0.061630040142403614
Chinese,karthik_3_self_consistency,Zero-Shot,True,Zero-Shot Reasoning,False,"logitech usb gamepad, blue",0.3333333333333333,0.15430334996209186,0.05844218274062023,0.03514847831369806,0.14530683608743586
Hindi,preamble4,Zero-Shot,False,Zero-Shot,True,"logitech usb gamepad, blue",1.0,1.0,1.0,1.0,1.0
French,karthik_1_tree_of_thoughts,Zero-Shot,True,Zero-Shot Reasoning,False,"logitech usb gamepad, blue",1.0,0.7071067811865476,0.46773514128719823,0.223606797749979,0.5996121800559312
Chinese,karthik_1_tree_of_thoughts,Zero-Shot,True,Zero-Shot Reasoning,False,"logitech usb gamepad, blue",0.625,0.2988071523335984,0.11667240223363196,0.07386099955930606,0.2785851385316341
Hindi,karthik_1_tree_of_thoughts,Zero-Shot,True,Zero-Shot Reasoning,False,lawn lawn die set and die set hedgehogs from lawn fawn,0.11235955056179775,0.061890542279880306,0.03651158417835629,0.015042073901006234,0.056450937730260144
Hindi,preamble6,Few-Shot,False,Few-Shot,True,"logitech usb gamepad, blue",1.0,1.0,1.0,1.0,1.0
Spanish,preamble4,Zero-Shot,False,Zero-Shot,True,the pink flaming party bar set up,0.5,0.2357022603955158,0.09072779948417338,0.056122223243057295,0.22063807078068662
Spanish,preamble1,Zero-Shot,False,Zero-Shot,True,the pink flaming party bar set up,0.45454545454545453,0.30151134457776363,0.10266924911941884,0.059609942732681,0.22958399774382948
Hindi,karthik_3_self_consistency,Zero-Shot,True,Zero-Shot Reasoning,False,"logitech usb gamepad, blue",1.0,1.0,1.0,1.0,1.0
Spanish,karthik_2_generate_knowledge,Zero-Shot,True,Zero-Shot Reasoning,False,the pink flaming party bar set up,0.2,0.14509525002200235,0.05040239599571998,0.028800248893410603,0.10607447372778324
Hindi,karthik_2_generate_knowledge,Zero-Shot,True,Zero-Shot Reasoning,False,"logitech usb gamepad, blue",1.0,1.0,1.0,1.0,1.0
Spanish,karthik_5_chain_of_thought,Zero-Shot,True,Zero-Shot Reasoning,False,the pink flaming party bar set up,0.2,0.0324442842261525,0.018754750180155714,0.013618796864073041,0.06620445781759532
Spanish,karthik_3_self_consistency,Zero-Shot,True,Zero-Shot Reasoning,False,the pink flaming party bar set up,0.09230769230769233,0.05370861555295747,0.017300021018422013,0.009270196054984463,0.04314663123351407
Spanish,preamble6,Few-Shot,False,Few-Shot,True,the pink flaming party bar set up,0.5,0.2357022603955158,0.09072779948417338,0.056122223243057295,0.22063807078068662
Spanish,karthik_4_meta_prompt,Zero-Shot,True,Zero-Shot Reasoning,False,the pink flaming party bar set up,0.23809523809523808,0.2182178902359924,0.19912645330691867,0.17001078098404226,0.20636259065554785
Hindi,preamble3,Zero-Shot,False,Zero-Shot,True,"logitech usb gamepad, blue",0.07042253521126761,0.06343614796955512,0.0575668020759388,0.04762847908639895,0.05976349108579011
Hindi,karthik_1_tree_of_thoughts,Zero-Shot,True,Zero-Shot Reasoning,False,"logitech usb gamepad, blue",0.6666666666666666,0.5163977794943222,0.4091569047284194,0.21711852081087685,0.4523349679250713
Hindi,preamble1,Zero-Shot,False,Zero-Shot,True,"logitech usb gamepad, blue",0.07142857142857141,0.06434894520877868,0.05839281581578146,0.048323969324751616,0.06062357544447079
Hindi,karthik_5_chain_of_thought,Zero-Shot,True,Zero-Shot Reasoning,False,"logitech usb gamepad, blue",1.0,1.0,1.0,1.0,1.0
Hindi,preamble5,Zero-Shot,False,Zero-Shot,True,"logitech usb gamepad, blue",0.0588235294117647,0.0529256124024963,0.04805888960450847,0.03964128941571812,0.049862330208621894
French,preamble4,Zero-Shot,False,Zero-Shot,True,the pink flaming party bar set up,0.2727272727272727,0.05222329678670937,0.03227679469808881,0.024808415001701823,0.09550894480344317
French,preamble1,Zero-Shot,False,Zero-Shot,True,the pink flaming party bar set up,0.1875,0.03535533905932738,0.021565426544625413,0.01618861356572822,0.06515234479242026
French,karthik_5_chain_of_thought,Zero-Shot,True,Zero-Shot Reasoning,False,the pink flaming party bar set up,0.3,0.05773502691896258,0.03585339536577223,0.02777619034011792,0.10534115315621317
Hindi,preamble2,Zero-Shot,False,Zero-Shot,True,"logitech usb gamepad, blue",0.05555555555555554,0.049968779266390755,0.0453849540948402,0.03740130030684651,0.04707764730590825
French,preamble2,Zero-Shot,False,Zero-Shot,True,the pink flaming party bar set up,0.21428571428571425,0.040599897147057515,0.024859743585800658,0.018798317647335087,0.07463591816647688
French,karthik_2_generate_knowledge,Zero-Shot,True,Zero-Shot Reasoning,False,the pink flaming party bar set up,0.30769230769230765,0.22645540682891918,0.17007050142090102,0.08263103182212594,0.19671231194106342
French,preamble6,Few-Shot,False,Few-Shot,True,the pink flaming party bar set up,0.25,0.21320071635561041,0.16865550266337087,0.08430118946484098,0.1790393521209556
Spanish,karthik_1_tree_of_thoughts,Zero-Shot,True,Zero-Shot Reasoning,False,the pink flaming party bar set up,0.4,0.21081851067789192,0.08428689847931439,0.05307712171072445,0.18704563271698268
French,karthik_3_self_consistency,Zero-Shot,True,Zero-Shot Reasoning,False,the pink flaming party bar set up,0.08333333333333333,0.013315591032282689,0.0076448296284044705,0.005409880072118434,0.02742590851653473
Chinese,karthik_2_generate_knowledge,Zero-Shot,True,Zero-Shot Reasoning,False,the pink flaming party bar set up,0.2,0.07071067811865477,0.05665132701906204,0.05372849659117709,0.09527262543222348
French,karthik_4_meta_prompt,Zero-Shot,True,Zero-Shot Reasoning,False,the pink flaming party bar set up,0.15789473684210523,0.13245323570650439,0.10339824169628065,0.05039518688486959,0.11103535028243997
Chinese,karthik_3_self_consistency,Zero-Shot,True,Zero-Shot Reasoning,False,the pink flaming party bar set up,0.07692307692307693,0.044992127066584765,0.018346935658154574,0.011103047724581823,0.03784129684309952
French,karthik_1_tree_of_thoughts,Zero-Shot,True,Zero-Shot Reasoning,False,the pink flaming party bar set up,0.36363636363636365,0.06030226891555274,0.03549115908274777,0.026658376817028855,0.12152204211292325
Chinese,karthik_5_chain_of_thought,Zero-Shot,True,Zero-Shot Reasoning,False,the pink flaming party bar set up,0.16666666666666669,0.05773502691896258,0.04506819749679463,0.040824829046386304,0.07757368003220255
Chinese,preamble6,Few-Shot,False,Few-Shot,True,the pink flaming party bar set up,0.6,0.3872983346207417,0.17404441896107775,0.12574334296829354,0.32177152413752824
Hindi,karthik_4_meta_prompt,Zero-Shot,True,Zero-Shot Reasoning,False,"logitech usb gamepad, blue",1.0,1.0,1.0,1.0,1.0
Spanish,preamble5,Zero-Shot,False,Zero-Shot,True,the pink flaming party bar set up,0.017994858611825187,0.00681017632494703,0.0024318674333690853,0.0013274085505876965,0.007141077730182249
Spanish,preamble2,Zero-Shot,False,Zero-Shot,True,the pink flaming party bar set up,0.021875,0.01171099207681388,0.0037108285043293285,0.001920548363170172,0.009804342236078345
Chinese,karthik_4_meta_prompt,Zero-Shot,True,Zero-Shot Reasoning,False,the pink flaming party bar set up,0.12500000000000003,0.09128709291752769,0.04033183084278514,0.026012784404037925,0.0706579270410877
Chinese,karthik_1_tree_of_thoughts,Zero-Shot,True,Zero-Shot Reasoning,False,the pink flaming party bar set up,0.6,0.12247448713915889,0.081406690893008,0.07071067811865477,0.2186479640377054
French,preamble5,Zero-Shot,False,Zero-Shot,True,the pink flaming party bar set up,0.013812154696132593,0.006185532825293006,0.0023373786417533707,0.0013117145038493076,0.005911695166757069
Hindi,preamble1,Zero-Shot,False,Zero-Shot,True,the pink flaming party bar set up,0.03921568627450981,0.0280056016805602,0.012229731789415797,0.007599116882217506,0.021762534156675832
Hindi,karthik_2_generate_knowledge,Zero-Shot,True,Zero-Shot Reasoning,False,the pink flaming party bar set up,0.49123845184678916,0.3170930571698881,0.142495518205023,0.10294994188297393,0.2634442422761686
Spanish,preamble3,Zero-Shot,False,Zero-Shot,True,the pink flaming party bar set up,0.011428571428571425,0.006604581866838264,0.002157706446221096,0.0011242932828261709,0.005328788256114239
Chinese,preamble5,Zero-Shot,False,Zero-Shot,True,the pink flaming party bar set up,0.002444987775061124,0.000774119958129103,0.0005694391199782904,0.0004363892277678421,0.0010562340202340899
Hindi,preamble6,Few-Shot,False,Few-Shot,True,the pink flaming party bar set up,0.3274923012311928,0.25890539701513365,0.12464965750914189,0.09302577375697234,0.20101828237811015
Chinese,preamble4,Zero-Shot,False,Zero-Shot,True,the pink flaming party bar set up,0.004587155963302753,0.0010268975665827173,0.0006717942643151362,0.0004867087521050646,0.001693139136576418
Chinese,preamble1,Zero-Shot,False,Zero-Shot,True,the pink flaming party bar set up,0.005434782608695651,0.0038482037313919315,0.0016995015265742553,0.001026090202266523,0.0030021445172320905
Hindi,karthik_5_chain_of_thought,Zero-Shot,True,Zero-Shot Reasoning,False,the pink flaming party bar set up,0.45489799478447507,0.30326532985631666,0.14283448174223617,0.11404605374835301,0.25376096503284523
Hindi,karthik_1_tree_of_thoughts,Zero-Shot,True,Zero-Shot Reasoning,False,the pink flaming party bar set up,0.3274923012311928,0.25890539701513365,0.12464965750914189,0.09302577375697234,0.20101828237811015
Spanish,preamble4,Zero-Shot,False,Zero-Shot,True,we r onyx heavyweight hoodie navy size large,0.26666666666666666,0.1951800145897066,0.14591032411921354,0.07029695662739609,0.16951349050074574
Hindi,karthik_3_self_consistency,Zero-Shot,True,Zero-Shot Reasoning,False,the pink flaming party bar set up,0.09302325581395347,0.06655583256397216,0.04910030239365105,0.022797230914240133,0.057869155421454196
Spanish,preamble5,Zero-Shot,False,Zero-Shot,True,we r onyx heavyweight hoodie navy size large,0.0975609756097561,0.06984302957695782,0.05153115842306253,0.023952424716024538,0.060721897081450246
Spanish,preamble1,Zero-Shot,False,Zero-Shot,True,we r onyx heavyweight hoodie navy size large,0.25,0.1825741858350554,0.13624724651304662,0.06541868941754436,0.1585600304414116
Spanish,karthik_5_chain_of_thought,Zero-Shot,True,Zero-Shot Reasoning,False,we r onyx heavyweight hoodie navy size large,0.36363636363636365,0.33028912953790823,0.293028657606374,0.23462350320528,0.30539441349648144
French,preamble3,Zero-Shot,False,Zero-Shot,True,the pink flaming party bar set up,0.007707129094412335,0.0012197797996110029,0.0007103851415012043,0.00048596574464405626,0.0025308149450421493
Spanish,preamble3,Zero-Shot,False,Zero-Shot,True,we r onyx heavyweight hoodie navy size large,0.2222222222222222,0.16169041669088866,0.12032947744440442,0.05744990696182412,0.14042300582983486
Spanish,preamble2,Zero-Shot,False,Zero-Shot,True,we r onyx heavyweight hoodie navy size large,0.23529411764705885,0.17149858514250885,0.1277914629322513,0.061175206929160446,0.14893984316274486
Spanish,preamble6,Few-Shot,False,Few-Shot,True,we r onyx heavyweight hoodie navy size large,0.2727272727272727,0.1651445647689541,0.06900656343516053,0.04411629359322707,0.13774867363115362
Chinese,preamble3,Zero-Shot,False,Zero-Shot,True,the pink flaming party bar set up,0.003944773175542406,0.0008829492860899769,0.0005784042117029586,0.00041834771500396517,0.0014561185970848266
Spanish,karthik_2_generate_knowledge,Zero-Shot,True,Zero-Shot Reasoning,False,we r onyx heavyweight hoodie navy size large,0.18518518518518515,0.14617633655117152,0.09716249662404082,0.043441091034192414,0.11799127734864748
Chinese,preamble2,Zero-Shot,False,Zero-Shot,True,the pink flaming party bar set up,0.0022727272727272735,0.0007195175669120603,0.0005296157215922257,0.0004055382417906339,0.0009818497007555483
French,preamble4,Zero-Shot,False,Zero-Shot,True,we r onyx heavyweight hoodie navy size large,0.3333333333333333,0.15430334996209186,0.05844218274062023,0.03514847831369806,0.14530683608743586
French,preamble1,Zero-Shot,False,Zero-Shot,True,we r onyx heavyweight hoodie navy size large,0.4,0.3380617018914066,0.30129092468604046,0.2574866101628968,0.32420980918508596
Spanish,karthik_3_self_consistency,Zero-Shot,True,Zero-Shot Reasoning,False,we r onyx heavyweight hoodie navy size large,0.057142857142857134,0.040697846377823976,0.03003234203011386,0.013808286367206981,0.03542033297950049
French,preamble3,Zero-Shot,False,Zero-Shot,True,we r onyx heavyweight hoodie navy size large,0.4444444444444444,0.28005601680560194,0.08087644342980282,0.042517688262127665,0.2119736482354942
French,preamble2,Zero-Shot,False,Zero-Shot,True,we r onyx heavyweight hoodie navy size large,0.4,0.3380617018914066,0.30129092468604046,0.2574866101628968,0.32420980918508596
French,preamble5,Zero-Shot,False,Zero-Shot,True,we r onyx heavyweight hoodie navy size large,0.16666666666666669,0.09712858623572643,0.058259662049984014,0.02442193965253938,0.08661921365122913
Hindi,karthik_4_meta_prompt,Zero-Shot,True,Zero-Shot Reasoning,False,the pink flaming party bar set up,0.21428571428571425,0.12838814775327384,0.053149189341188084,0.03342866121562732,0.10731292814895087
French,preamble6,Few-Shot,False,Few-Shot,True,we r onyx heavyweight hoodie navy size large,0.42857142857142855,0.25677629550654774,0.08398011054317454,0.047275266063115634,0.2041507751710666
Spanish,karthik_1_tree_of_thoughts,Zero-Shot,True,Zero-Shot Reasoning,False,we r onyx heavyweight hoodie navy size large,0.3333333333333333,0.24618298195866542,0.08674217316778574,0.05094110796339642,0.17929989910579525
French,karthik_2_generate_knowledge,Zero-Shot,True,Zero-Shot Reasoning,False,we r onyx heavyweight hoodie navy size large,0.47619047619047616,0.3086066999241838,0.17418824478398642,0.07264339766175722,0.2579072046401009
French,karthik_3_self_consistency,Zero-Shot,True,Zero-Shot Reasoning,False,we r onyx heavyweight hoodie navy size large,0.08999999999999998,0.07385489458759964,0.06709433039637562,0.05820331056545202,0.07228813388735682
French,karthik_5_chain_of_thought,Zero-Shot,True,Zero-Shot Reasoning,False,we r onyx heavyweight hoodie navy size large,0.4,0.3380617018914066,0.30129092468604046,0.2574866101628968,0.32420980918508596
Spanish,karthik_4_meta_prompt,Zero-Shot,True,Zero-Shot Reasoning,False,we r onyx heavyweight hoodie navy size large,0.09433962264150943,0.07377445721257568,0.04890123383405457,0.02149403572345987,0.059627337352899885
Chinese,karthik_2_generate_knowledge,Zero-Shot,True,Zero-Shot Reasoning,False,we r onyx heavyweight hoodie navy size large,0.4666666666666667,0.25819888974716115,0.08208968293684407,0.045466972369917126,0.21310555293014724
French,karthik_4_meta_prompt,Zero-Shot,True,Zero-Shot Reasoning,False,we r onyx heavyweight hoodie navy size large,0.2857142857142857,0.20701966780270625,0.1338378565110538,0.05949757664833034,0.17151734666909402
French,karthik_1_tree_of_thoughts,Zero-Shot,True,Zero-Shot Reasoning,False,we r onyx heavyweight hoodie navy size large,0.4444909324090307,0.3825568841689739,0.3465067151186941,0.30457527453468203,0.3695324515578452
Chinese,preamble2,Zero-Shot,False,Zero-Shot,True,we r onyx heavyweight hoodie navy size large,0.4844638824434651,0.4294313338852201,0.36306877915548214,0.30720591871309694,0.39604247854931607
Chinese,preamble1,Zero-Shot,False,Zero-Shot,True,we r onyx heavyweight hoodie navy size large,0.12121212121212123,0.06107048165524594,0.018733084686676876,0.009806985693721234,0.05270566831194132
Chinese,karthik_5_chain_of_thought,Zero-Shot,True,Zero-Shot Reasoning,False,we r onyx heavyweight hoodie navy size large,0.47058823529411764,0.24253562503633297,0.07513490479756357,0.04091032653880249,0.20729227291670416
Chinese,karthik_3_self_consistency,Zero-Shot,True,Zero-Shot Reasoning,False,we r onyx heavyweight hoodie navy size large,0.16666666666666669,0.13315591032282686,0.10735389974960217,0.08466919880918329,0.12296141888706975
Chinese,karthik_4_meta_prompt,Zero-Shot,True,Zero-Shot Reasoning,False,we r onyx heavyweight hoodie navy size large,0.6348612936679605,0.5847912899264608,0.5275585571405181,0.483065600887459,0.5575691854055995
Chinese,preamble6,Few-Shot,False,Few-Shot,True,we r onyx heavyweight hoodie navy size large,0.4844638824434651,0.4294313338852201,0.36306877915548214,0.30720591871309694,0.39604247854931607
Chinese,preamble5,Zero-Shot,False,Zero-Shot,True,we r onyx heavyweight hoodie navy size large,0.03375527426160337,0.02674236555938789,0.021724485580861305,0.016713476430830893,0.024733900458170865
Chinese,preamble4,Zero-Shot,False,Zero-Shot,True,we r onyx heavyweight hoodie navy size large,0.019841269841269844,0.012573693477237325,0.004210418745744205,0.0022448979093678077,0.009717569993404795
Hindi,preamble5,Zero-Shot,False,Zero-Shot,True,we r onyx heavyweight hoodie navy size large,0.3032653298563167,0.051261196767942635,0.030749679578528265,0.023825412935547602,0.1022754047845838
Hindi,preamble4,Zero-Shot,False,Zero-Shot,True,we r onyx heavyweight hoodie navy size large,0.3032653298563167,0.051261196767942635,0.030749679578528265,0.023825412935547602,0.1022754047845838
Hindi,preamble1,Zero-Shot,False,Zero-Shot,True,we r onyx heavyweight hoodie navy size large,0.3032653298563167,0.051261196767942635,0.030749679578528265,0.023825412935547602,0.1022754047845838
Chinese,preamble3,Zero-Shot,False,Zero-Shot,True,we r onyx heavyweight hoodie navy size large,0.02702702702702703,0.017139779254776527,0.005725779092786372,0.0030645872663692215,0.013239293160239786
Hindi,preamble2,Zero-Shot,False,Zero-Shot,True,we r onyx heavyweight hoodie navy size large,0.22744899739223753,0.04439349862943108,0.027964741655073903,0.022172045047934612,0.08049482068116928
Hindi,preamble6,Few-Shot,False,Few-Shot,True,we r onyx heavyweight hoodie navy size large,0.22744899739223753,0.04439349862943108,0.027964741655073903,0.022172045047934612,0.08049482068116928
Hindi,preamble3,Zero-Shot,False,Zero-Shot,True,we r onyx heavyweight hoodie navy size large,0.13333333333333336,0.09589266029707683,0.033144860232908434,0.01867506984330751,0.07026148092665653
Chinese,karthik_1_tree_of_thoughts,Zero-Shot,True,Zero-Shot Reasoning,False,we r onyx heavyweight hoodie navy size large,0.10714285714285714,0.01992047682223989,0.012039171932923394,0.008839374326825921,0.03698547005621158
Hindi,karthik_3_self_consistency,Zero-Shot,True,Zero-Shot Reasoning,False,we r onyx heavyweight hoodie navy size large,0.23076923076923078,0.1386750490563073,0.057551852907951895,0.036362270465000714,0.11583960079962267
Spanish,karthik_2_generate_knowledge,Zero-Shot,True,Zero-Shot Reasoning,False,"the movie rogue one, with star wars characters",0.38461538461538464,0.31008683647302115,0.2630627225467731,0.2044800736021839,0.29056125430934066
Spanish,karthik_5_chain_of_thought,Zero-Shot,True,Zero-Shot Reasoning,False,"the movie rogue one, with star wars characters",0.38461538461538464,0.31008683647302115,0.2630627225467731,0.2044800736021839,0.29056125430934066
Spanish,karthik_4_meta_prompt,Zero-Shot,True,Zero-Shot Reasoning,False,"the movie rogue one, with star wars characters",0.3333333333333333,0.21821789023599233,0.15706026521556773,0.07432998184513635,0.19573536765750743
Hindi,karthik_1_tree_of_thoughts,Zero-Shot,True,Zero-Shot Reasoning,False,we r onyx heavyweight hoodie navy size large,0.24902746807698065,0.15079362038065447,0.06300994250082245,0.040282619279694225,0.12577841255953795
Hindi,karthik_2_generate_knowledge,Zero-Shot,True,Zero-Shot Reasoning,False,we r onyx heavyweight hoodie navy size large,0.4375,0.05400617248673217,0.02852268407996134,0.020008008009612506,0.13500921614407652
Spanish,preamble6,Few-Shot,False,Few-Shot,True,"the movie rogue one, with star wars characters",0.3,0.21764287503300347,0.14082229348267794,0.0627251733901403,0.1802975854764554
Spanish,karthik_3_self_consistency,Zero-Shot,True,Zero-Shot Reasoning,False,"the movie rogue one, with star wars characters",0.05454545454545455,0.044740005104089216,0.034496055555752754,0.024260716912789172,0.03951055802952142
Hindi,karthik_4_meta_prompt,Zero-Shot,True,Zero-Shot Reasoning,False,we r onyx heavyweight hoodie navy size large,0.23884377019126307,0.04625189721480768,0.02889901961162121,0.022613617379612153,0.08415207609932603
Hindi,karthik_5_chain_of_thought,Zero-Shot,True,Zero-Shot Reasoning,False,we r onyx heavyweight hoodie navy size large,0.27973809117540177,0.1510758360312796,0.06196366333792826,0.04066631609934308,0.13336097666098817
Hindi,preamble4,Zero-Shot,False,Zero-Shot,True,the pink flaming party bar set up,0.009063444108761332,0.005240704356072915,0.002158353270032664,0.0012630699267144401,0.004431392915395338
Hindi,preamble5,Zero-Shot,False,Zero-Shot,True,the pink flaming party bar set up,0.012232415902140675,0.006125581455345744,0.00240212565524524,0.0013739362016714177,0.00553351480360077
Spanish,preamble1,Zero-Shot,False,Zero-Shot,True,"the movie rogue one, with star wars characters",0.03846153846153846,0.004981354813867177,0.002681436377443244,0.0018014437280429029,0.011981443345222945
French,karthik_4_meta_prompt,Zero-Shot,True,Zero-Shot Reasoning,False,"the movie rogue one, with star wars characters",0.5555555555555556,0.4428074427700477,0.33619578300865144,0.26460159523593296,0.39979009414254696
Spanish,preamble4,Zero-Shot,False,Zero-Shot,True,"the movie rogue one, with star wars characters",0.027149321266968323,0.01110882557964373,0.004053166269048213,0.0022548046504123624,0.011141529441518156
Spanish,preamble5,Zero-Shot,False,Zero-Shot,True,"the movie rogue one, with star wars characters",0.02352941176470588,0.009624732691800112,0.0035156590841359985,0.0019523787534297104,0.009655545573517926
Spanish,karthik_1_tree_of_thoughts,Zero-Shot,True,Zero-Shot Reasoning,False,"the movie rogue one, with star wars characters",0.2857142857142857,0.14824986333222023,0.05844218274062023,0.03592143420342892,0.13208194149763877
French,karthik_5_chain_of_thought,Zero-Shot,True,Zero-Shot Reasoning,False,"the movie rogue one, with star wars characters",0.7857142857142857,0.6953534953651154,0.5893672699909538,0.5202556880807584,0.6476726847877783
French,preamble6,Few-Shot,False,Few-Shot,True,"the movie rogue one, with star wars characters",0.5263157894736842,0.45241392835886407,0.3956085741073259,0.35025412310639736,0.43114810376156787
French,karthik_2_generate_knowledge,Zero-Shot,True,Zero-Shot Reasoning,False,"the movie rogue one, with star wars characters",0.7857142857142857,0.6953534953651154,0.5893672699909538,0.5202556880807584,0.6476726847877783
French,karthik_3_self_consistency,Zero-Shot,True,Zero-Shot Reasoning,False,"the movie rogue one, with star wars characters",0.75,0.5838742081211423,0.4712167789711148,0.3264971028628052,0.5328970224887656
Spanish,preamble3,Zero-Shot,False,Zero-Shot,True,"the movie rogue one, with star wars characters",0.021428571428571425,0.008763841367493648,0.0032036391517781255,0.0017771173736643691,0.008793292330376892
French,preamble1,Zero-Shot,False,Zero-Shot,True,"the movie rogue one, with star wars characters",0.1098901098901099,0.07813453848974923,0.0422646923128236,0.016709111456324106,0.06174961303725171
Spanish,preamble2,Zero-Shot,False,Zero-Shot,True,"the movie rogue one, with star wars characters",0.0196078431372549,0.011339136676668256,0.003687011658619745,0.0019329069250764402,0.009141724599404835
French,karthik_1_tree_of_thoughts,Zero-Shot,True,Zero-Shot Reasoning,False,"the movie rogue one, with star wars characters",0.9166666666666666,0.9128709291752768,0.9094319693204537,0.9036020036098448,0.9106428921930605
Chinese,karthik_3_self_consistency,Zero-Shot,True,Zero-Shot Reasoning,False,"the movie rogue one, with star wars characters",0.5367694950537757,0.36668337256566885,0.27515885593148404,0.1395873430390535,0.3295497666474955
Chinese,karthik_4_meta_prompt,Zero-Shot,True,Zero-Shot Reasoning,False,"the movie rogue one, with star wars characters",0.6666666666666666,0.49236596391733095,0.3683409417293896,0.27091988546756285,0.44957336444523754
Chinese,karthik_5_chain_of_thought,Zero-Shot,True,Zero-Shot Reasoning,False,"the movie rogue one, with star wars characters",0.6363636363636364,0.504524979109513,0.44304980544556494,0.38163309113713373,0.491392878013962
Chinese,karthik_2_generate_knowledge,Zero-Shot,True,Zero-Shot Reasoning,False,"the movie rogue one, with star wars characters",0.5833333333333334,0.39886201760873286,0.3205404693698485,0.24384183193426084,0.38664441306154385
Chinese,preamble6,Few-Shot,False,Few-Shot,True,"the movie rogue one, with star wars characters",0.6153846153846154,0.4529108136578383,0.38615245775041185,0.32523403430389786,0.44492048027419084
Hindi,preamble2,Zero-Shot,False,Zero-Shot,True,the pink flaming party bar set up,0.005434782608695651,0.0038482037313919315,0.0016995015265742553,0.001026090202266523,0.0030021445172320905
French,preamble4,Zero-Shot,False,Zero-Shot,True,"the movie rogue one, with star wars characters",0.03937007874015749,0.024948984704573678,0.014112134929715336,0.005600900697598485,0.021008024768011245
Hindi,preamble3,Zero-Shot,False,Zero-Shot,True,the pink flaming party bar set up,0.010075566750629721,0.005044140202291973,0.0019813558294368826,0.0011307595004364228,0.004557955570698749
Chinese,karthik_1_tree_of_thoughts,Zero-Shot,True,Zero-Shot Reasoning,False,"the movie rogue one, with star wars characters",0.4043537731417556,0.22147368276206617,0.09234273748450801,0.06227190212960362,0.19511052387948336
French,preamble3,Zero-Shot,False,Zero-Shot,True,"the movie rogue one, with star wars characters",0.03184713375796178,0.0201740458188829,0.011431214282859033,0.004525512363084347,0.016994476555697018
Hindi,karthik_5_chain_of_thought,Zero-Shot,True,Zero-Shot Reasoning,False,"the movie rogue one, with star wars characters",0.18181818181818182,0.042640143271122095,0.028234511901075607,0.022416933501922302,0.06877744262307546
French,preamble5,Zero-Shot,False,Zero-Shot,True,"the movie rogue one, with star wars characters",0.026178010471204192,0.014357091164382673,0.0040025362641117205,0.001945035477991444,0.011620668344422507
Chinese,preamble5,Zero-Shot,False,Zero-Shot,True,"the movie rogue one, with star wars characters",0.030201342281879196,0.024700771787671955,0.02100595727465267,0.017016574575007076,0.023231161479802726
Chinese,preamble1,Zero-Shot,False,Zero-Shot,True,"the movie rogue one, with star wars characters",0.029702970297029705,0.024292493443229167,0.020661623132105292,0.01673437207834237,0.022847864737676634
Hindi,preamble6,Few-Shot,False,Few-Shot,True,"the movie rogue one, with star wars characters",0.25,0.1507556722888818,0.06275677488087485,0.03986357128268015,0.12584400461310918
Chinese,preamble4,Zero-Shot,False,Zero-Shot,True,"the movie rogue one, with star wars characters",0.02769230769230769,0.018490006540840966,0.013411628930094515,0.009004537950769815,0.017149620278503246
Hindi,karthik_2_generate_knowledge,Zero-Shot,True,Zero-Shot Reasoning,False,"the movie rogue one, with star wars characters",0.16666666666666669,0.03892494720807617,0.025677367760996977,0.020255986027125642,0.06288124191571637
French,preamble2,Zero-Shot,False,Zero-Shot,True,"the movie rogue one, with star wars characters",0.024154589371980676,0.01529518728908035,0.008687405355623932,0.003428409107767518,0.01289139778111312
Hindi,karthik_1_tree_of_thoughts,Zero-Shot,True,Zero-Shot Reasoning,False,"the movie rogue one, with star wars characters",0.18181818181818182,0.042640143271122095,0.028234511901075607,0.022416933501922302,0.06877744262307546
Spanish,preamble5,Zero-Shot,False,Zero-Shot,True,a girl and her cat are looking at a clear air shelters ad,0.7333333333333333,0.7237468644557459,0.7155268590282667,0.7012055133086459,0.718453142531498
Chinese,preamble2,Zero-Shot,False,Zero-Shot,True,"the movie rogue one, with star wars characters",0.026392961876832845,0.019701060689880773,0.015734293807018122,0.011939977747776772,0.018442073530377127
Hindi,karthik_3_self_consistency,Zero-Shot,True,Zero-Shot Reasoning,False,"the movie rogue one, with star wars characters",0.06666666666666667,0.010629880069054682,0.006103479395506313,0.004299703119715468,0.021924932312735783
Spanish,preamble4,Zero-Shot,False,Zero-Shot,True,a girl and her cat are looking at a clear air shelters ad,0.7333333333333333,0.7237468644557459,0.7155268590282667,0.7012055133086459,0.718453142531498
Chinese,preamble3,Zero-Shot,False,Zero-Shot,True,"the movie rogue one, with star wars characters",0.025280898876404487,0.02067081996223328,0.017605355763122936,0.014232450166817037,0.019447381192144435
Spanish,preamble1,Zero-Shot,False,Zero-Shot,True,a girl and her cat are looking at a clear air shelters ad,0.8,0.7928249671720919,0.7867843699874804,0.7760114635728617,0.7889052001831085
Spanish,preamble3,Zero-Shot,False,Zero-Shot,True,a girl and her cat are looking at a clear air shelters ad,0.7333333333333333,0.7237468644557459,0.7155268590282667,0.7012055133086459,0.718453142531498
Hindi,karthik_4_meta_prompt,Zero-Shot,True,Zero-Shot Reasoning,False,"the movie rogue one, with star wars characters",0.16666666666666669,0.03892494720807617,0.025677367760996977,0.020255986027125642,0.06288124191571637
Spanish,preamble2,Zero-Shot,False,Zero-Shot,True,a girl and her cat are looking at a clear air shelters ad,0.8,0.7928249671720919,0.7867843699874804,0.7760114635728617,0.7889052001831085
Spanish,preamble6,Few-Shot,False,Few-Shot,True,a girl and her cat are looking at a clear air shelters ad,0.7333333333333333,0.7237468644557459,0.7155268590282667,0.7012055133086459,0.718453142531498
Spanish,karthik_2_generate_knowledge,Zero-Shot,True,Zero-Shot Reasoning,False,a girl and her cat are looking at a clear air shelters ad,0.8,0.7928249671720919,0.7867843699874804,0.7760114635728617,0.7889052001831085
French,preamble5,Zero-Shot,False,Zero-Shot,True,a girl and her cat are looking at a clear air shelters ad,0.5714285714285714,0.5135525910130955,0.48252113480269265,0.44710186192584195,0.5036510397925503
Spanish,karthik_4_meta_prompt,Zero-Shot,True,Zero-Shot Reasoning,False,a girl and her cat are looking at a clear air shelters ad,0.8,0.7928249671720919,0.7867843699874804,0.7760114635728617,0.7889052001831085
Spanish,karthik_5_chain_of_thought,Zero-Shot,True,Zero-Shot Reasoning,False,a girl and her cat are looking at a clear air shelters ad,0.7333333333333333,0.6866065623255951,0.6647305464149239,0.6413865258981679,0.681514241993005
Hindi,preamble5,Zero-Shot,False,Zero-Shot,True,"the movie rogue one, with star wars characters",0.03149606299212598,0.015810400181708293,0.006156331327002599,0.00356359636092974,0.014256597715441653
French,preamble4,Zero-Shot,False,Zero-Shot,True,a girl and her cat are looking at a clear air shelters ad,0.8,0.7559289460184545,0.7363701338146165,0.7166258375282707,0.7522312293403354
French,preamble3,Zero-Shot,False,Zero-Shot,True,a girl and her cat are looking at a clear air shelters ad,0.5714285714285714,0.5135525910130955,0.48252113480269265,0.44710186192584195,0.5036510397925503
French,preamble1,Zero-Shot,False,Zero-Shot,True,a girl and her cat are looking at a clear air shelters ad,0.6,0.50709255283711,0.46603267623931405,0.42610827239170174,0.4998083753670315
French,preamble2,Zero-Shot,False,Zero-Shot,True,a girl and her cat are looking at a clear air shelters ad,0.8,0.7559289460184545,0.7363701338146165,0.7166258375282707,0.7522312293403354
French,preamble6,Few-Shot,False,Few-Shot,True,a girl and her cat are looking at a clear air shelters ad,0.7333333333333333,0.6473388749701496,0.5814809896495694,0.5038920485259633,0.6165113116197539
Spanish,karthik_3_self_consistency,Zero-Shot,True,Zero-Shot Reasoning,False,a girl and her cat are looking at a clear air shelters ad,0.16393442622950818,0.14784425419091454,0.13319247414143512,0.11127177976187139,0.13906073358093232
French,karthik_2_generate_knowledge,Zero-Shot,True,Zero-Shot Reasoning,False,a girl and her cat are looking at a clear air shelters ad,0.7333333333333333,0.6473388749701496,0.5814809896495694,0.5038920485259633,0.6165113116197539
French,karthik_5_chain_of_thought,Zero-Shot,True,Zero-Shot Reasoning,False,a girl and her cat are looking at a clear air shelters ad,0.5714285714285714,0.5135525910130955,0.48252113480269265,0.44710186192584195,0.5036510397925503
Chinese,preamble5,Zero-Shot,False,Zero-Shot,True,a girl and her cat are looking at a clear air shelters ad,0.16363636363636364,0.14564381625088382,0.13663174931529432,0.12326975573451894,0.14229542123426517
Chinese,preamble4,Zero-Shot,False,Zero-Shot,True,a girl and her cat are looking at a clear air shelters ad,0.10843373493975902,0.0962109055591725,0.09034786535164169,0.08090935022038798,0.0939754640177403
Chinese,preamble1,Zero-Shot,False,Zero-Shot,True,a girl and her cat are looking at a clear air shelters ad,0.10843373493975902,0.0962109055591725,0.09034786535164169,0.08090935022038798,0.0939754640177403
Spanish,karthik_1_tree_of_thoughts,Zero-Shot,True,Zero-Shot Reasoning,False,a girl and her cat are looking at a clear air shelters ad,0.8,0.7928249671720919,0.7867843699874804,0.7760114635728617,0.7889052001831085
Hindi,preamble2,Zero-Shot,False,Zero-Shot,True,"the movie rogue one, with star wars characters",0.02962962962962963,0.014869991224849019,0.005792339764043276,0.003350032058409692,0.013410498169232904
Chinese,karthik_5_chain_of_thought,Zero-Shot,True,Zero-Shot Reasoning,False,a girl and her cat are looking at a clear air shelters ad,0.6,0.5477225575051662,0.5207612016073497,0.49009410393069486,0.5396444657608027
French,karthik_1_tree_of_thoughts,Zero-Shot,True,Zero-Shot Reasoning,False,a girl and her cat are looking at a clear air shelters ad,0.5698222022414253,0.5136307920198175,0.483806544005391,0.45033035241661884,0.5043974726708131
French,karthik_3_self_consistency,Zero-Shot,True,Zero-Shot Reasoning,False,a girl and her cat are looking at a clear air shelters ad,0.12048192771084336,0.10841740824615753,0.09775865332954467,0.08122852545111854,0.10197162868441602
Chinese,preamble3,Zero-Shot,False,Zero-Shot,True,a girl and her cat are looking at a clear air shelters ad,0.15,0.1334039361094399,0.12516127529095203,0.11272984846977976,0.13032376496754292
Chinese,karthik_2_generate_knowledge,Zero-Shot,True,Zero-Shot Reasoning,False,a girl and her cat are looking at a clear air shelters ad,0.13636363636363635,0.12118298018003469,0.1137161103092707,0.10224003680109194,0.11837569091350843
Chinese,preamble6,Few-Shot,False,Few-Shot,True,a girl and her cat are looking at a clear air shelters ad,0.10588235294117647,0.09393364366277242,0.0882177777685562,0.07897104990424102,0.09175120606918653
Chinese,karthik_3_self_consistency,Zero-Shot,True,Zero-Shot Reasoning,False,a girl and her cat are looking at a clear air shelters ad,0.06382978723404255,0.05649326828660321,0.053200149277813864,0.04726669019350458,0.05519747374799105
Hindi,preamble5,Zero-Shot,False,Zero-Shot,True,a girl and her cat are looking at a clear air shelters ad,0.5,0.316227766016838,0.19578424841096842,0.08609583710384033,0.2745269628829117
French,karthik_4_meta_prompt,Zero-Shot,True,Zero-Shot Reasoning,False,a girl and her cat are looking at a clear air shelters ad,0.6875,0.6055300708194984,0.5429717480080821,0.46892438882117243,0.5762315519121882
Hindi,preamble1,Zero-Shot,False,Zero-Shot,True,"the movie rogue one, with star wars characters",0.024242424242424242,0.012158110873601293,0.004742307557054424,0.002735315301999447,0.010969539493769852
Chinese,karthik_4_meta_prompt,Zero-Shot,True,Zero-Shot Reasoning,False,a girl and her cat are looking at a clear air shelters ad,0.17647058823529413,0.15718104959867515,0.14745154518213352,0.1332358437599213,0.153584756694006
Hindi,preamble4,Zero-Shot,False,Zero-Shot,True,a girl and her cat are looking at a clear air shelters ad,0.5,0.316227766016838,0.19578424841096842,0.08609583710384033,0.2745269628829117
Chinese,preamble2,Zero-Shot,False,Zero-Shot,True,a girl and her cat are looking at a clear air shelters ad,0.05625,0.04976359205623749,0.04690237232885939,0.04160035047195025,0.04862907871426178
Hindi,preamble4,Zero-Shot,False,Zero-Shot,True,"the movie rogue one, with star wars characters",0.017699115044247784,0.00886920140316986,0.003467543637573909,0.001992067445091942,0.008006981882520874
Hindi,preamble1,Zero-Shot,False,Zero-Shot,True,a girl and her cat are looking at a clear air shelters ad,0.5,0.316227766016838,0.19578424841096842,0.08609583710384033,0.2745269628829117
Hindi,preamble3,Zero-Shot,False,Zero-Shot,True,a girl and her cat are looking at a clear air shelters ad,0.5,0.316227766016838,0.19578424841096842,0.08609583710384033,0.2745269628829117
Hindi,preamble2,Zero-Shot,False,Zero-Shot,True,a girl and her cat are looking at a clear air shelters ad,0.5,0.316227766016838,0.19578424841096842,0.08609583710384033,0.2745269628829117
Hindi,preamble6,Few-Shot,False,Few-Shot,True,a girl and her cat are looking at a clear air shelters ad,0.4,0.2390457218668787,0.16680003509279864,0.07779637090949697,0.22091053196729357
Spanish,preamble5,Zero-Shot,False,Zero-Shot,True,a silver elephant on a shelf and a brown bucket,0.7272727272727273,0.6605782590758164,0.6264841611001575,0.5900468726392808,0.6510955050219955
Spanish,preamble4,Zero-Shot,False,Zero-Shot,True,a silver elephant on a shelf and a brown bucket,0.7272727272727273,0.6605782590758164,0.6264841611001575,0.5900468726392808,0.6510955050219955
Spanish,preamble1,Zero-Shot,False,Zero-Shot,True,a silver elephant on a shelf and a brown bucket,0.5833333333333334,0.46056618647183833,0.40292365707340405,0.3448444257953326,0.4479169006684771
Spanish,preamble3,Zero-Shot,False,Zero-Shot,True,a silver elephant on a shelf and a brown bucket,0.7272727272727273,0.6605782590758164,0.6264841611001575,0.5900468726392808,0.6510955050219955
Spanish,preamble2,Zero-Shot,False,Zero-Shot,True,a silver elephant on a shelf and a brown bucket,0.7272727272727273,0.6605782590758164,0.6264841611001575,0.5900468726392808,0.6510955050219955
Spanish,preamble6,Few-Shot,False,Few-Shot,True,a silver elephant on a shelf and a brown bucket,0.9,0.8366600265340756,0.8084488919290386,0.7825422900366437,0.8319128021249393
Spanish,karthik_2_generate_knowledge,Zero-Shot,True,Zero-Shot Reasoning,False,a silver elephant on a shelf and a brown bucket,0.3,0.21764287503300347,0.14082229348267794,0.0627251733901403,0.1802975854764554
Spanish,karthik_5_chain_of_thought,Zero-Shot,True,Zero-Shot Reasoning,False,a silver elephant on a shelf and a brown bucket,0.5833333333333334,0.46056618647183833,0.40292365707340405,0.3448444257953326,0.4479169006684771
Hindi,karthik_5_chain_of_thought,Zero-Shot,True,Zero-Shot Reasoning,False,a girl and her cat are looking at a clear air shelters ad,0.7692307692307693,0.6201736729460423,0.5224912311808712,0.4089601472043678,0.5802139551405125
Chinese,karthik_1_tree_of_thoughts,Zero-Shot,True,Zero-Shot Reasoning,False,a girl and her cat are looking at a clear air shelters ad,0.6,0.5477225575051662,0.5207612016073497,0.49009410393069486,0.5396444657608027
French,preamble5,Zero-Shot,False,Zero-Shot,True,a silver elephant on a shelf and a brown bucket,0.8181818181818182,0.8090398349558905,0.8002809201472867,0.7860753021519787,0.8033944688592436
French,preamble4,Zero-Shot,False,Zero-Shot,True,a silver elephant on a shelf and a brown bucket,0.8181818181818182,0.8090398349558905,0.8002809201472867,0.7860753021519787,0.8033944688592436
French,preamble1,Zero-Shot,False,Zero-Shot,True,a silver elephant on a shelf and a brown bucket,0.8181818181818182,0.8090398349558905,0.8002809201472867,0.7860753021519787,0.8033944688592436
French,preamble3,Zero-Shot,False,Zero-Shot,True,a silver elephant on a shelf and a brown bucket,0.8181818181818182,0.8090398349558905,0.8002809201472867,0.7860753021519787,0.8033944688592436
Spanish,karthik_4_meta_prompt,Zero-Shot,True,Zero-Shot Reasoning,False,a silver elephant on a shelf and a brown bucket,0.5833333333333334,0.46056618647183833,0.40292365707340405,0.3448444257953326,0.4479169006684771
Spanish,karthik_3_self_consistency,Zero-Shot,True,Zero-Shot Reasoning,False,a silver elephant on a shelf and a brown bucket,0.16071428571428573,0.14301938838683886,0.12633707145865722,0.10175432217862926,0.13295626693460277
Hindi,preamble3,Zero-Shot,False,Zero-Shot,True,"the movie rogue one, with star wars characters",0.020242914979757082,0.009071288347056079,0.003416934971143457,0.0019261739644036587,0.008664328065590069
French,karthik_2_generate_knowledge,Zero-Shot,True,Zero-Shot Reasoning,False,a silver elephant on a shelf and a brown bucket,0.8181818181818182,0.8090398349558905,0.8002809201472867,0.7860753021519787,0.8033944688592436
French,preamble2,Zero-Shot,False,Zero-Shot,True,a silver elephant on a shelf and a brown bucket,0.7272727272727273,0.7135060680126758,0.7000552990300564,0.6786502681586727,0.704871090618533
Hindi,karthik_1_tree_of_thoughts,Zero-Shot,True,Zero-Shot Reasoning,False,a girl and her cat are looking at a clear air shelters ad,0.4666666666666667,0.3162277660168379,0.20063130302379137,0.08947853200770763,0.2682510669287509
French,preamble6,Few-Shot,False,Few-Shot,True,a silver elephant on a shelf and a brown bucket,1.0,1.0,1.0,1.0,1.0
French,karthik_4_meta_prompt,Zero-Shot,True,Zero-Shot Reasoning,False,a silver elephant on a shelf and a brown bucket,0.8181818181818182,0.8090398349558905,0.8002809201472867,0.7860753021519787,0.8033944688592436
French,karthik_5_chain_of_thought,Zero-Shot,True,Zero-Shot Reasoning,False,a silver elephant on a shelf and a brown bucket,0.7272727272727273,0.6605782590758164,0.6264841611001575,0.5900468726392808,0.6510955050219955
Spanish,karthik_1_tree_of_thoughts,Zero-Shot,True,Zero-Shot Reasoning,False,a silver elephant on a shelf and a brown bucket,0.6666666666666666,0.6030226891555271,0.5697447243773885,0.5331675363405771,0.5931504041350398
French,karthik_3_self_consistency,Zero-Shot,True,Zero-Shot Reasoning,False,a silver elephant on a shelf and a brown bucket,0.5833333333333334,0.46056618647183833,0.40292365707340405,0.3448444257953326,0.4479169006684771
Hindi,karthik_4_meta_prompt,Zero-Shot,True,Zero-Shot Reasoning,False,a girl and her cat are looking at a clear air shelters ad,0.5333333333333333,0.3380617018914066,0.2096698749823582,0.0925159978069645,0.29339522700351567
Chinese,preamble1,Zero-Shot,False,Zero-Shot,True,a silver elephant on a shelf and a brown bucket,0.10294117647058823,0.055433482115239206,0.017395628605555664,0.009199659576045625,0.04624248669185718
Chinese,karthik_4_meta_prompt,Zero-Shot,True,Zero-Shot Reasoning,False,a silver elephant on a shelf and a brown bucket,0.5333333333333333,0.3380617018914066,0.2096698749823582,0.0925159978069645,0.29339522700351567
Chinese,preamble4,Zero-Shot,False,Zero-Shot,True,a silver elephant on a shelf and a brown bucket,0.047945205479452045,0.02571601016928803,0.00809980840783153,0.004233281630261191,0.0214985764217082
Chinese,preamble5,Zero-Shot,False,Zero-Shot,True,a silver elephant on a shelf and a brown bucket,0.04697986577181208,0.02519648886195126,0.007937243368162027,0.004147175988212835,0.02106519349753455
Chinese,karthik_2_generate_knowledge,Zero-Shot,True,Zero-Shot Reasoning,False,a silver elephant on a shelf and a brown bucket,0.20454545454545456,0.09753841331435327,0.029321331450725848,0.015331320282974655,0.0866841298983771
French,karthik_1_tree_of_thoughts,Zero-Shot,True,Zero-Shot Reasoning,False,a silver elephant on a shelf and a brown bucket,0.9,0.8944271909999159,0.888960273227615,0.8801117367933934,0.890874800255231
Chinese,karthik_5_chain_of_thought,Zero-Shot,True,Zero-Shot Reasoning,False,a silver elephant on a shelf and a brown bucket,0.25,0.047673129462279626,0.02935354896563489,0.022416933501922302,0.08736090298245922
Hindi,karthik_2_generate_knowledge,Zero-Shot,True,Zero-Shot Reasoning,False,a girl and her cat are looking at a clear air shelters ad,0.13636363636363635,0.10241831129983782,0.08095801398526423,0.06285596338261261,0.09564898125783776
Chinese,karthik_3_self_consistency,Zero-Shot,True,Zero-Shot Reasoning,False,a silver elephant on a shelf and a brown bucket,0.08602150537634408,0.05296271413323761,0.03245911647007977,0.01360392224538088,0.04626181455626058
Chinese,preamble6,Few-Shot,False,Few-Shot,True,a silver elephant on a shelf and a brown bucket,0.075,0.043574467033059505,0.014044360104768741,0.007498419095156794,0.03502931155824626
Hindi,preamble5,Zero-Shot,False,Zero-Shot,True,a silver elephant on a shelf and a brown bucket,0.5810640921796215,0.5642180635756614,0.5473831651748421,0.5210833656670609,0.5534371716492965
Hindi,preamble4,Zero-Shot,False,Zero-Shot,True,a silver elephant on a shelf and a brown bucket,0.5810640921796215,0.5642180635756614,0.5473831651748421,0.5210833656670609,0.5534371716492965
Chinese,preamble3,Zero-Shot,False,Zero-Shot,True,a silver elephant on a shelf and a brown bucket,0.04188481675392671,0.025716516325196656,0.007404702506777133,0.003693611000802966,0.019674911646675865
Chinese,preamble2,Zero-Shot,False,Zero-Shot,True,a silver elephant on a shelf and a brown bucket,0.04022988505747127,0.02156583817955961,0.006800821847418909,0.0035461085996143465,0.018035663421016035
Hindi,preamble1,Zero-Shot,False,Zero-Shot,True,a silver elephant on a shelf and a brown bucket,0.6640732482052818,0.651502901774115,0.6392209949815378,0.6196760459608335,0.643618297730442
Hindi,preamble3,Zero-Shot,False,Zero-Shot,True,a silver elephant on a shelf and a brown bucket,0.5810640921796215,0.5642180635756614,0.5473831651748421,0.5210833656670609,0.5534371716492965
Hindi,preamble2,Zero-Shot,False,Zero-Shot,True,a silver elephant on a shelf and a brown bucket,0.6640732482052818,0.651502901774115,0.6392209949815378,0.6196760459608335,0.643618297730442
Hindi,preamble6,Few-Shot,False,Few-Shot,True,a silver elephant on a shelf and a brown bucket,0.5810640921796215,0.5642180635756614,0.5473831651748421,0.5210833656670609,0.5534371716492965
Hindi,karthik_2_generate_knowledge,Zero-Shot,True,Zero-Shot Reasoning,False,a silver elephant on a shelf and a brown bucket,0.49123845184678916,0.29895820132266854,0.09916335023607761,0.05719114362491122,0.23663778675761163
Spanish,preamble1,Zero-Shot,False,Zero-Shot,True,magnificent land for sale in ubud bali tjub036,0.6666666666666666,0.408248290463863,0.29129144784395883,0.14113991930789777,0.37683658107059653
Hindi,karthik_3_self_consistency,Zero-Shot,True,Zero-Shot Reasoning,False,a girl and her cat are looking at a clear air shelters ad,0.04065040650406505,0.018253768194868927,0.006841849209182576,0.0038921055686187197,0.017409532369183814
Spanish,preamble6,Few-Shot,False,Few-Shot,True,magnificent land for sale in ubud bali tjub036,0.5,0.3779644730092272,0.29129144784395894,0.1477219991186121,0.32924447999294953
Hindi,karthik_5_chain_of_thought,Zero-Shot,True,Zero-Shot Reasoning,False,a silver elephant on a shelf and a brown bucket,0.5810640921796215,0.4606821198071898,0.35388415534281187,0.2647795226140597,0.4151024724859207
Chinese,karthik_1_tree_of_thoughts,Zero-Shot,True,Zero-Shot Reasoning,False,a silver elephant on a shelf and a brown bucket,0.4666666666666667,0.25819888974716115,0.17550463005823083,0.08085298080223222,0.2453057918185727
Spanish,karthik_2_generate_knowledge,Zero-Shot,True,Zero-Shot Reasoning,False,magnificent land for sale in ubud bali tjub036,0.5,0.3333333333333333,0.24382614716244752,0.1186840521952098,0.2989608831727476
Spanish,karthik_3_self_consistency,Zero-Shot,True,Zero-Shot Reasoning,False,magnificent land for sale in ubud bali tjub036,0.05434782608695652,0.03456092759456618,0.02457911997178428,0.01105056710178162,0.03113461018877215
Spanish,karthik_5_chain_of_thought,Zero-Shot,True,Zero-Shot Reasoning,False,magnificent land for sale in ubud bali tjub036,0.625,0.42257712736425823,0.3135508904498039,0.1561969968460128,0.37933125366501874
Spanish,karthik_4_meta_prompt,Zero-Shot,True,Zero-Shot Reasoning,False,magnificent land for sale in ubud bali tjub036,0.2857142857142857,0.20965696734438366,0.15706026521556773,0.07596458453655348,0.18209902570269765
French,preamble5,Zero-Shot,False,Zero-Shot,True,magnificent land for sale in ubud bali tjub036,0.5841005873035536,0.5098447913879421,0.46844018283012595,0.4213952948452608,0.4959452140917206
French,preamble4,Zero-Shot,False,Zero-Shot,True,magnificent land for sale in ubud bali tjub036,0.6959861353000654,0.6834448173540699,0.6703094587909103,0.6496350258549114,0.6748438593249892
Hindi,karthik_3_self_consistency,Zero-Shot,True,Zero-Shot Reasoning,False,a silver elephant on a shelf and a brown bucket,0.6640732482052818,0.6031744815226179,0.5314329458465943,0.47417975608185275,0.5682151079140867
French,preamble1,Zero-Shot,False,Zero-Shot,True,magnificent land for sale in ubud bali tjub036,0.7272727272727273,0.6605782590758164,0.6264841611001575,0.5900468726392808,0.6510955050219955
French,preamble2,Zero-Shot,False,Zero-Shot,True,magnificent land for sale in ubud bali tjub036,0.6363636363636364,0.6179143806533247,0.5994773144013525,0.5706745777055999,0.6061074772809784
French,karthik_5_chain_of_thought,Zero-Shot,True,Zero-Shot Reasoning,False,magnificent land for sale in ubud bali tjub036,0.596559544542913,0.5776162952589461,0.5572791461963453,0.525624059490303,0.5642697613721268
French,karthik_2_generate_knowledge,Zero-Shot,True,Zero-Shot Reasoning,False,magnificent land for sale in ubud bali tjub036,0.6,0.5773502691896258,0.5536178537956703,0.5169731539571706,0.5619853192356167
French,karthik_3_self_consistency,Zero-Shot,True,Zero-Shot Reasoning,False,magnificent land for sale in ubud bali tjub036,0.3,0.2809757434745081,0.26336696414900734,0.23588448106534202,0.27005679717221437
French,preamble6,Few-Shot,False,Few-Shot,True,magnificent land for sale in ubud bali tjub036,0.7,0.6831300510639732,0.6659055636437067,0.6389431042462724,0.671994679738488
French,preamble3,Zero-Shot,False,Zero-Shot,True,magnificent land for sale in ubud bali tjub036,0.1842105263157895,0.1728351157618101,0.16365051870568112,0.14756414813723254,0.1670650772301283
French,karthik_1_tree_of_thoughts,Zero-Shot,True,Zero-Shot Reasoning,False,magnificent land for sale in ubud bali tjub036,0.9,0.8366600265340756,0.8084488919290386,0.7825422900366437,0.8319128021249393
Spanish,karthik_1_tree_of_thoughts,Zero-Shot,True,Zero-Shot Reasoning,False,magnificent land for sale in ubud bali tjub036,0.07352941176470587,0.05737910526322038,0.04782642174496435,0.03519816815769828,0.05348327673264722
Chinese,preamble4,Zero-Shot,False,Zero-Shot,True,magnificent land for sale in ubud bali tjub036,0.14285714285714285,0.06482037235521643,0.02424487805138157,0.014123416972389431,0.061511452559032564
Spanish,preamble5,Zero-Shot,False,Zero-Shot,True,magnificent land for sale in ubud bali tjub036,0.010869565217391302,0.008891084489487739,0.006947882110281028,0.003206262430220927,0.007478698561845249
Chinese,preamble1,Zero-Shot,False,Zero-Shot,True,magnificent land for sale in ubud bali tjub036,0.5,0.2357022603955158,0.09072779948417338,0.056122223243057295,0.22063807078068662
Spanish,preamble3,Zero-Shot,False,Zero-Shot,True,magnificent land for sale in ubud bali tjub036,0.014705882352941173,0.012759143607802009,0.008861192366507922,0.003869294194539243,0.010048878130447587
Spanish,preamble4,Zero-Shot,False,Zero-Shot,True,magnificent land for sale in ubud bali tjub036,0.009966777408637871,0.008151391459392225,0.006374431563791164,0.002938623937215013,0.006857806092259068
Chinese,preamble2,Zero-Shot,False,Zero-Shot,True,magnificent land for sale in ubud bali tjub036,0.4,0.21081851067789192,0.08428689847931439,0.05307712171072445,0.18704563271698268
Chinese,preamble6,Few-Shot,False,Few-Shot,True,magnificent land for sale in ubud bali tjub036,0.4,0.21081851067789192,0.08428689847931439,0.05307712171072445,0.18704563271698268
Hindi,karthik_4_meta_prompt,Zero-Shot,True,Zero-Shot Reasoning,False,a silver elephant on a shelf and a brown bucket,0.5384615384615384,0.29957234475763905,0.095682287205018,0.05344445934790546,0.24679015744302524
Chinese,karthik_2_generate_knowledge,Zero-Shot,True,Zero-Shot Reasoning,False,magnificent land for sale in ubud bali tjub036,0.4444444444444444,0.23570226039551587,0.0948151464331332,0.06030725360407769,0.2088172762192928
Hindi,karthik_1_tree_of_thoughts,Zero-Shot,True,Zero-Shot Reasoning,False,a silver elephant on a shelf and a brown bucket,0.1126760563380282,0.09827485785345458,0.09096030366370812,0.08010123465547879,0.09550311312766742
Spanish,preamble2,Zero-Shot,False,Zero-Shot,True,magnificent land for sale in ubud bali tjub036,0.016501650165016493,0.012803268220885074,0.010770719404489657,0.004365117949503771,0.011110188934973748
French,karthik_4_meta_prompt,Zero-Shot,True,Zero-Shot Reasoning,False,magnificent land for sale in ubud bali tjub036,0.4117647058823529,0.35871502698971963,0.32862787454531706,0.2928298013714697,0.3479843521972148
Chinese,karthik_5_chain_of_thought,Zero-Shot,True,Zero-Shot Reasoning,False,magnificent land for sale in ubud bali tjub036,0.45454545454545453,0.21320071635561047,0.08167713343422024,0.05012578715739066,0.199887272873169
Hindi,preamble1,Zero-Shot,False,Zero-Shot,True,magnificent land for sale in ubud bali tjub036,0.5,0.3692744729379982,0.2423541882452667,0.11094660471566163,0.3056438164747316
Chinese,karthik_3_self_consistency,Zero-Shot,True,Zero-Shot Reasoning,False,magnificent land for sale in ubud bali tjub036,0.6666666666666666,0.5773502691896257,0.46026455517844755,0.3549481056010053,0.5148073991589364
Hindi,preamble4,Zero-Shot,False,Zero-Shot,True,magnificent land for sale in ubud bali tjub036,0.3478260869565218,0.25147784538477264,0.1472303874679294,0.06229275558531618,0.202206768848635
Chinese,karthik_4_meta_prompt,Zero-Shot,True,Zero-Shot Reasoning,False,magnificent land for sale in ubud bali tjub036,0.14285714285714285,0.10223972648864954,0.06571570796796146,0.028610713594879544,0.08485582272715834
Hindi,preamble6,Few-Shot,False,Few-Shot,True,magnificent land for sale in ubud bali tjub036,0.8888888888888888,0.7453559924999299,0.5447755636125111,0.22679164443904004,0.6014530223600923
Chinese,karthik_1_tree_of_thoughts,Zero-Shot,True,Zero-Shot Reasoning,False,magnificent land for sale in ubud bali tjub036,0.4444444444444444,0.33333333333333337,0.11918390717369406,0.07171781507224269,0.24216987500592865
Hindi,preamble2,Zero-Shot,False,Zero-Shot,True,magnificent land for sale in ubud bali tjub036,0.391304347826087,0.26673253468463226,0.15306566668873864,0.06415428562903544,0.21881420870712334
Spanish,preamble5,Zero-Shot,False,Zero-Shot,True,"the cover of the book peace is with you, depicting a city that looks like a bombed world",0.7368421052631579,0.6069769786668839,0.5100766386809824,0.42461633178803443,0.5696280135997647
Spanish,preamble4,Zero-Shot,False,Zero-Shot,True,"the cover of the book peace is with you, depicting a city that looks like a bombed world",0.7894736842105263,0.7254762501100117,0.6791460320276163,0.6272517339014033,0.7053369250623894
Spanish,preamble1,Zero-Shot,False,Zero-Shot,True,"the cover of the book peace is with you, depicting a city that looks like a bombed world",0.8095238095238095,0.725389878748302,0.6546188339360821,0.5923136157487711,0.6954615344892412
Chinese,preamble3,Zero-Shot,False,Zero-Shot,True,magnificent land for sale in ubud bali tjub036,0.02155172413793104,0.009659063468608672,0.0036365279274023538,0.0020515243699689464,0.009224709975977753
Spanish,preamble3,Zero-Shot,False,Zero-Shot,True,"the cover of the book peace is with you, depicting a city that looks like a bombed world",0.6842105263157895,0.5158312430873389,0.4007621497393089,0.25010742987310103,0.46272783725388456
Chinese,preamble5,Zero-Shot,False,Zero-Shot,True,magnificent land for sale in ubud bali tjub036,0.020408163265306117,0.00834580339767123,0.0030520569837257224,0.0016920574903300657,0.008374520284258283
Spanish,preamble2,Zero-Shot,False,Zero-Shot,True,"the cover of the book peace is with you, depicting a city that looks like a bombed world",0.6655575133093234,0.560150116035958,0.49416824165485856,0.42254876310519374,0.5356061585263334
Hindi,karthik_3_self_consistency,Zero-Shot,True,Zero-Shot Reasoning,False,magnificent land for sale in ubud bali tjub036,0.6,0.5163977794943222,0.4677351412871982,0.4111336169005197,0.49881663442051
Spanish,preamble6,Few-Shot,False,Few-Shot,True,"the cover of the book peace is with you, depicting a city that looks like a bombed world",0.7619047619047619,0.6473388749701496,0.5398095697146119,0.45506803308128024,0.6010303099177009
Spanish,karthik_2_generate_knowledge,Zero-Shot,True,Zero-Shot Reasoning,False,"the cover of the book peace is with you, depicting a city that looks like a bombed world",0.4642857142857143,0.39339789623472154,0.3329951051503864,0.274941620352113,0.3664050840057338
Hindi,karthik_2_generate_knowledge,Zero-Shot,True,Zero-Shot Reasoning,False,magnificent land for sale in ubud bali tjub036,0.3684210526315789,0.24779731389167603,0.19651490999078455,0.1457684614972261,0.23962543450281643
Spanish,karthik_5_chain_of_thought,Zero-Shot,True,Zero-Shot Reasoning,False,"the cover of the book peace is with you, depicting a city that looks like a bombed world",0.7894736842105263,0.7254762501100117,0.6559386108394244,0.5685488870277223,0.6848593580469211
French,preamble5,Zero-Shot,False,Zero-Shot,True,"the cover of the book peace is with you, depicting a city that looks like a bombed world",0.4583333333333333,0.42349477692995996,0.38868930155947007,0.34141338730348464,0.402982699781562
Spanish,karthik_3_self_consistency,Zero-Shot,True,Zero-Shot Reasoning,False,"the cover of the book peace is with you, depicting a city that looks like a bombed world",0.18181818181818182,0.1516196087157807,0.1258335385443293,0.10242721222074787,0.14042463532475993
French,preamble4,Zero-Shot,False,Zero-Shot,True,"the cover of the book peace is with you, depicting a city that looks like a bombed world",0.6363636363636364,0.5773502691896257,0.5346999155254861,0.48485170206034506,0.5583163807847733
Hindi,karthik_4_meta_prompt,Zero-Shot,True,Zero-Shot Reasoning,False,magnificent land for sale in ubud bali tjub036,0.6153846153846154,0.5063696835418333,0.36360428458052196,0.1469410625195576,0.408074911506632
French,preamble1,Zero-Shot,False,Zero-Shot,True,"the cover of the book peace is with you, depicting a city that looks like a bombed world",0.5714285714285714,0.5345224838248488,0.4971512695149139,0.44749354154971166,0.5126489665795114
Spanish,karthik_4_meta_prompt,Zero-Shot,True,Zero-Shot Reasoning,False,"the cover of the book peace is with you, depicting a city that looks like a bombed world",0.6,0.4701623459816272,0.3982022890871977,0.32263864160302524,0.44775081916796255
French,preamble3,Zero-Shot,False,Zero-Shot,True,"the cover of the book peace is with you, depicting a city that looks like a bombed world",0.5714285714285714,0.5345224838248488,0.4971512695149139,0.44749354154971166,0.5126489665795114
French,preamble6,Few-Shot,False,Few-Shot,True,"the cover of the book peace is with you, depicting a city that looks like a bombed world",0.6363636363636364,0.5773502691896257,0.5346999155254861,0.48485170206034506,0.5583163807847733
Spanish,karthik_1_tree_of_thoughts,Zero-Shot,True,Zero-Shot Reasoning,False,"the cover of the book peace is with you, depicting a city that looks like a bombed world",0.6655575133093234,0.560150116035958,0.49416824165485856,0.42254876310519374,0.5356061585263334
French,preamble2,Zero-Shot,False,Zero-Shot,True,"the cover of the book peace is with you, depicting a city that looks like a bombed world",0.5714285714285714,0.5345224838248488,0.4971512695149139,0.44749354154971166,0.5126489665795114
French,karthik_2_generate_knowledge,Zero-Shot,True,Zero-Shot Reasoning,False,"the cover of the book peace is with you, depicting a city that looks like a bombed world",0.4583333333333333,0.42349477692995996,0.38868930155947007,0.34141338730348464,0.402982699781562
Hindi,karthik_5_chain_of_thought,Zero-Shot,True,Zero-Shot Reasoning,False,magnificent land for sale in ubud bali tjub036,0.8888888888888888,0.7453559924999299,0.5447755636125111,0.22679164443904004,0.6014530223600923
French,karthik_5_chain_of_thought,Zero-Shot,True,Zero-Shot Reasoning,False,"the cover of the book peace is with you, depicting a city that looks like a bombed world",0.5714285714285714,0.5345224838248488,0.4971512695149139,0.44749354154971166,0.5126489665795114
Chinese,preamble1,Zero-Shot,False,Zero-Shot,True,"the cover of the book peace is with you, depicting a city that looks like a bombed world",0.7391304347826086,0.6608773662947101,0.5752378317359488,0.4867955018661336,0.6155102836698503
French,karthik_4_meta_prompt,Zero-Shot,True,Zero-Shot Reasoning,False,"the cover of the book peace is with you, depicting a city that looks like a bombed world",0.5652173913043478,0.5068698018697019,0.4644286085014163,0.413948387915005,0.48761604739761777
French,karthik_3_self_consistency,Zero-Shot,True,Zero-Shot Reasoning,False,"the cover of the book peace is with you, depicting a city that looks like a bombed world",0.10833333333333335,0.09541300465126669,0.08726490718425152,0.07500619390555745,0.09150435976860226
Chinese,karthik_5_chain_of_thought,Zero-Shot,True,Zero-Shot Reasoning,False,"the cover of the book peace is with you, depicting a city that looks like a bombed world",0.6,0.5244044240850758,0.441054194129723,0.37137490638415865,0.48420838114973935
Chinese,preamble2,Zero-Shot,False,Zero-Shot,True,"the cover of the book peace is with you, depicting a city that looks like a bombed world",0.7391304347826086,0.6349504353380414,0.5156538571090717,0.42812895531865647,0.5794659206370945
Chinese,preamble5,Zero-Shot,False,Zero-Shot,True,"the cover of the book peace is with you, depicting a city that looks like a bombed world",0.16304347826086957,0.1403871515390492,0.12312768856785404,0.10424755105013445,0.1327014673544768
Chinese,preamble4,Zero-Shot,False,Zero-Shot,True,"the cover of the book peace is with you, depicting a city that looks like a bombed world",0.1595744680851064,0.13738413100109695,0.12050577207343093,0.10199321693512407,0.1298643970236896
Chinese,preamble3,Zero-Shot,False,Zero-Shot,True,"the cover of the book peace is with you, depicting a city that looks like a bombed world",0.17045454545454541,0.13997312773896353,0.11344749323148386,0.08955622932515915,0.128357848937538
Hindi,preamble5,Zero-Shot,False,Zero-Shot,True,magnificent land for sale in ubud bali tjub036,0.05844155844155843,0.03908815524970521,0.022425463663925612,0.009032697235292098,0.03224696864762034
French,karthik_1_tree_of_thoughts,Zero-Shot,True,Zero-Shot Reasoning,False,"the cover of the book peace is with you, depicting a city that looks like a bombed world",0.4444444444444444,0.3615507630310936,0.2940912790516731,0.20105373454060027,0.32528505526695284
Chinese,karthik_2_generate_knowledge,Zero-Shot,True,Zero-Shot Reasoning,False,"the cover of the book peace is with you, depicting a city that looks like a bombed world",0.28301886792452824,0.22132337163772703,0.15955104105263232,0.11133996756497443,0.1938083120449655
Hindi,preamble5,Zero-Shot,False,Zero-Shot,True,"the cover of the book peace is with you, depicting a city that looks like a bombed world",0.575027759143327,0.40126742391514575,0.30313890581425057,0.22041104385720944,0.37496128318248323
Chinese,preamble6,Few-Shot,False,Few-Shot,True,"the cover of the book peace is with you, depicting a city that looks like a bombed world",0.12612612612612614,0.11230588859277423,0.09975498787236352,0.08468354113178365,0.10571763593076189
Hindi,karthik_1_tree_of_thoughts,Zero-Shot,True,Zero-Shot Reasoning,False,magnificent land for sale in ubud bali tjub036,0.8888888888888888,0.8819171036881969,0.8747619509674373,0.8633400213704505,0.8772269912287434
Chinese,karthik_3_self_consistency,Zero-Shot,True,Zero-Shot Reasoning,False,"the cover of the book peace is with you, depicting a city that looks like a bombed world",0.14018691588785046,0.1259770490722981,0.10894807761144927,0.0873182561569593,0.11560757468213928
Hindi,preamble4,Zero-Shot,False,Zero-Shot,True,"the cover of the book peace is with you, depicting a city that looks like a bombed world",0.5925925925925926,0.42700841014689905,0.311492530781394,0.22205108445785451,0.388286154494685
Hindi,preamble3,Zero-Shot,False,Zero-Shot,True,"the cover of the book peace is with you, depicting a city that looks like a bombed world",0.5366925752004387,0.38766116106181886,0.2963151215586981,0.21664194471512113,0.3593277006340192
Hindi,preamble1,Zero-Shot,False,Zero-Shot,True,"the cover of the book peace is with you, depicting a city that looks like a bombed world",0.5366925752004387,0.38766116106181886,0.2963151215586981,0.21664194471512113,0.3593277006340192
Chinese,karthik_4_meta_prompt,Zero-Shot,True,Zero-Shot Reasoning,False,"the cover of the book peace is with you, depicting a city that looks like a bombed world",0.325,0.25819888974716115,0.1770155063385643,0.10920968859591808,0.2173560211704109
Hindi,preamble2,Zero-Shot,False,Zero-Shot,True,"the cover of the book peace is with you, depicting a city that looks like a bombed world",0.575027759143327,0.40126742391514575,0.30313890581425057,0.22041104385720944,0.37496128318248323
Chinese,karthik_1_tree_of_thoughts,Zero-Shot,True,Zero-Shot Reasoning,False,"the cover of the book peace is with you, depicting a city that looks like a bombed world",0.6666666666666666,0.5601120336112039,0.4646885198191247,0.3742031646082125,0.5164175961763019
Hindi,preamble6,Few-Shot,False,Few-Shot,True,"the cover of the book peace is with you, depicting a city that looks like a bombed world",0.5366925752004387,0.3589044948121963,0.2561129811268815,0.19398634661761335,0.3364240994392825
Spanish,preamble1,Zero-Shot,False,Zero-Shot,True,a set of 5 printable curriculum map templates for kids,1.0,1.0,1.0,1.0,1.0
Hindi,preamble3,Zero-Shot,False,Zero-Shot,True,magnificent land for sale in ubud bali tjub036,0.029914529914529912,0.0226617334205226,0.017108909419849258,0.011766006147098695,0.020362794725500115
Spanish,karthik_2_generate_knowledge,Zero-Shot,True,Zero-Shot Reasoning,False,a set of 5 printable curriculum map templates for kids,0.38095238095238093,0.2760262237369417,0.20341287461652638,0.14528679532351443,0.2514195686573409
Hindi,karthik_1_tree_of_thoughts,Zero-Shot,True,Zero-Shot Reasoning,False,"the cover of the book peace is with you, depicting a city that looks like a bombed world",0.4230769230769231,0.1300887271175982,0.04265092639413959,0.023530711690995257,0.15483682206991403
Spanish,karthik_5_chain_of_thought,Zero-Shot,True,Zero-Shot Reasoning,False,a set of 5 printable curriculum map templates for kids,0.9090909090909091,0.9045340337332909,0.9002437389487007,0.8931539818068694,0.9017556658949425
Spanish,preamble6,Few-Shot,False,Few-Shot,True,a set of 5 printable curriculum map templates for kids,0.8181818181818182,0.7567874686642695,0.6853033716639876,0.587728372510532,0.7120002577551519
Spanish,karthik_4_meta_prompt,Zero-Shot,True,Zero-Shot Reasoning,False,a set of 5 printable curriculum map templates for kids,0.6666666666666666,0.49236596391733095,0.3683409417293896,0.27091988546756285,0.44957336444523754
Spanish,karthik_1_tree_of_thoughts,Zero-Shot,True,Zero-Shot Reasoning,False,a set of 5 printable curriculum map templates for kids,0.8333333333333334,0.8257228238447705,0.8187104363805253,0.8070557274927982,0.8212055802628568
Hindi,karthik_2_generate_knowledge,Zero-Shot,True,Zero-Shot Reasoning,False,"the cover of the book peace is with you, depicting a city that looks like a bombed world",0.48148148148148145,0.3600411499115478,0.31817212039081777,0.28373869773074895,0.36085836237864904
Spanish,karthik_3_self_consistency,Zero-Shot,True,Zero-Shot Reasoning,False,a set of 5 printable curriculum map templates for kids,0.15151515151515155,0.14484136487558028,0.140659615523664,0.13065113298388567,0.14191681622457036
French,preamble1,Zero-Shot,False,Zero-Shot,True,a set of 5 printable curriculum map templates for kids,0.8333333333333334,0.778498944161523,0.7161767386056302,0.6340466277046861,0.7405139109512932
French,preamble3,Zero-Shot,False,Zero-Shot,True,a set of 5 printable curriculum map templates for kids,0.4090909090909091,0.3692744729379982,0.3279221345263467,0.2708641692927984,0.34428792146201315
French,karthik_2_generate_knowledge,Zero-Shot,True,Zero-Shot Reasoning,False,a set of 5 printable curriculum map templates for kids,0.7857142857142857,0.7375337578416624,0.6846815074766505,0.6162607099729586,0.7060475652513893
Hindi,karthik_3_self_consistency,Zero-Shot,True,Zero-Shot Reasoning,False,"the cover of the book peace is with you, depicting a city that looks like a bombed world",0.333368199306773,0.22801903717490546,0.1648400986210556,0.06571560700473172,0.1979857355268665
French,preamble2,Zero-Shot,False,Zero-Shot,True,a set of 5 printable curriculum map templates for kids,0.8333333333333334,0.778498944161523,0.7161767386056302,0.6340466277046861,0.7405139109512932
French,preamble6,Few-Shot,False,Few-Shot,True,a set of 5 printable curriculum map templates for kids,0.8333333333333334,0.778498944161523,0.7161767386056302,0.6340466277046861,0.7405139109512932
French,karthik_3_self_consistency,Zero-Shot,True,Zero-Shot Reasoning,False,a set of 5 printable curriculum map templates for kids,0.8461538461538461,0.7510676161988107,0.6777639901315372,0.6262844962765468,0.7253174871901853
Spanish,preamble2,Zero-Shot,False,Zero-Shot,True,a set of 5 printable curriculum map templates for kids,0.04032258064516129,0.03833071652312172,0.03751043401842959,0.03418181959487592,0.037586387695397135
Hindi,karthik_4_meta_prompt,Zero-Shot,True,Zero-Shot Reasoning,False,"the cover of the book peace is with you, depicting a city that looks like a bombed world",0.5366925752004387,0.293044292893751,0.19597982265558847,0.13318890104317924,0.28972639794823934
Hindi,karthik_5_chain_of_thought,Zero-Shot,True,Zero-Shot Reasoning,False,"the cover of the book peace is with you, depicting a city that looks like a bombed world",0.3052917333155417,0.1911539409345393,0.11752237665555908,0.05088101336358697,0.16621226606730677
French,karthik_5_chain_of_thought,Zero-Shot,True,Zero-Shot Reasoning,False,a set of 5 printable curriculum map templates for kids,0.7857142857142857,0.7375337578416624,0.6846815074766505,0.6162607099729586,0.7060475652513893
French,karthik_4_meta_prompt,Zero-Shot,True,Zero-Shot Reasoning,False,a set of 5 printable curriculum map templates for kids,0.8461538461538461,0.7966275068156915,0.7413977502861777,0.6703420896351792,0.7636302982227237
Chinese,karthik_4_meta_prompt,Zero-Shot,True,Zero-Shot Reasoning,False,a set of 5 printable curriculum map templates for kids,0.42105263157894735,0.26490647141300877,0.16337776502819226,0.0712695567709093,0.2301516061977644
Chinese,karthik_2_generate_knowledge,Zero-Shot,True,Zero-Shot Reasoning,False,a set of 5 printable curriculum map templates for kids,0.9048374180359595,0.6744259917712666,0.471683655927529,0.19096901924113063,0.5604790212439714
Spanish,preamble3,Zero-Shot,False,Zero-Shot,True,a set of 5 printable curriculum map templates for kids,0.030219780219780213,0.028853090519055883,0.028461195801131565,0.026024077889900254,0.02838953610746698
Chinese,preamble6,Few-Shot,False,Few-Shot,True,a set of 5 printable curriculum map templates for kids,0.6923076923076923,0.48038446141526137,0.27937601717521904,0.12035005811198446,0.3931045572525393
Chinese,karthik_5_chain_of_thought,Zero-Shot,True,Zero-Shot Reasoning,False,a set of 5 printable curriculum map templates for kids,0.75,0.5222329678670936,0.30464245599568107,0.13193849171325928,0.4272034788940085
Spanish,preamble5,Zero-Shot,False,Zero-Shot,True,a set of 5 printable curriculum map templates for kids,0.017467248908296942,0.010708158276051441,0.006639774925185647,0.002726549151244476,0.009385432815194626
French,karthik_1_tree_of_thoughts,Zero-Shot,True,Zero-Shot Reasoning,False,a set of 5 printable curriculum map templates for kids,0.23529411764705885,0.18881372801234028,0.15238165130897594,0.12117880855911829,0.17441707638187334
French,preamble4,Zero-Shot,False,Zero-Shot,True,a set of 5 printable curriculum map templates for kids,0.03333333333333333,0.027267094157460592,0.023169515978356443,0.018791144256906523,0.025640271931514223
Chinese,karthik_1_tree_of_thoughts,Zero-Shot,True,Zero-Shot Reasoning,False,a set of 5 printable curriculum map templates for kids,0.6153846153846154,0.5063696835418333,0.41566083684640853,0.3438931217657843,0.4703270643846604
Chinese,karthik_3_self_consistency,Zero-Shot,True,Zero-Shot Reasoning,False,a set of 5 printable curriculum map templates for kids,0.16393442622950818,0.11688114555304609,0.09073611773573964,0.0699584278264471,0.11037752933618525
Spanish,preamble4,Zero-Shot,False,Zero-Shot,True,a set of 5 printable curriculum map templates for kids,0.020661157024793392,0.016020622201141855,0.013438867271198866,0.01073586328460917,0.015214127445435821
Chinese,preamble1,Zero-Shot,False,Zero-Shot,True,a set of 5 printable curriculum map templates for kids,0.03731343283582089,0.023643238761079696,0.013379369835585806,0.005306664194260598,0.01991067640668675
Hindi,karthik_2_generate_knowledge,Zero-Shot,True,Zero-Shot Reasoning,False,a set of 5 printable curriculum map templates for kids,0.47619047619047616,0.40824829046386296,0.3563538871466277,0.2924007455652194,0.38329834984154654
French,preamble5,Zero-Shot,False,Zero-Shot,True,a set of 5 printable curriculum map templates for kids,0.02597402597402598,0.021759706994462228,0.019100974044817625,0.01595028642448041,0.020696248359446563
Hindi,preamble6,Few-Shot,False,Few-Shot,True,a set of 5 printable curriculum map templates for kids,0.6666666666666666,0.49236596391733095,0.3683409417293896,0.27091988546756285,0.44957336444523754
Hindi,karthik_3_self_consistency,Zero-Shot,True,Zero-Shot Reasoning,False,a set of 5 printable curriculum map templates for kids,0.3032653298563167,0.28076913794513086,0.25388117947103866,0.20969025558524573,0.261901475714433
Chinese,preamble2,Zero-Shot,False,Zero-Shot,True,a set of 5 printable curriculum map templates for kids,0.02875399361022364,0.021466280060854045,0.01713162533135439,0.013013247430689696,0.020091286608280443
Spanish,karthik_5_chain_of_thought,Zero-Shot,True,Zero-Shot Reasoning,False,the marseille caper by peter mayle,0.5714285714285714,0.3086066999241838,0.12657485247324374,0.08307018474412793,0.27242007714253175
Hindi,karthik_5_chain_of_thought,Zero-Shot,True,Zero-Shot Reasoning,False,a set of 5 printable curriculum map templates for kids,0.5731115271545874,0.5105683283388704,0.43372439359145626,0.31105042156452656,0.45711366766236017
Spanish,karthik_4_meta_prompt,Zero-Shot,True,Zero-Shot Reasoning,False,the marseille caper by peter mayle,0.5555555555555556,0.372677996249965,0.12829151181128146,0.07583235673413397,0.283089355087734
Chinese,preamble5,Zero-Shot,False,Zero-Shot,True,a set of 5 printable curriculum map templates for kids,0.011204481792717083,0.007928319044816065,0.004700468430583683,0.0018771680794299236,0.006427609336886689
Spanish,preamble1,Zero-Shot,False,Zero-Shot,True,the marseille caper by peter mayle,0.7142857142857143,0.48795003647426655,0.17126461110867217,0.10445522730720382,0.3694888972939642
Spanish,karthik_2_generate_knowledge,Zero-Shot,True,Zero-Shot Reasoning,False,the marseille caper by peter mayle,0.2777777777777778,0.18077538151554684,0.12952462243334986,0.060745880708766846,0.16220591560886033
Spanish,preamble5,Zero-Shot,False,Zero-Shot,True,the marseille caper by peter mayle,0.078125,0.060993754559283325,0.040438876871869915,0.01770974479138858,0.04931684405563545
Spanish,preamble3,Zero-Shot,False,Zero-Shot,True,the marseille caper by peter mayle,0.2727272727272727,0.1973855084879307,0.1275170262320814,0.056586356745712406,0.1635540410482493
Spanish,karthik_3_self_consistency,Zero-Shot,True,Zero-Shot Reasoning,False,the marseille caper by peter mayle,0.10344827586206899,0.08520286456846099,0.0749286201072882,0.061323542024314226,0.0812258256405331
Hindi,karthik_1_tree_of_thoughts,Zero-Shot,True,Zero-Shot Reasoning,False,a set of 5 printable curriculum map templates for kids,0.3333333333333333,0.25819888974716115,0.19464403309995135,0.14051676978912422,0.2316732564923925
Spanish,preamble6,Few-Shot,False,Few-Shot,True,the marseille caper by peter mayle,0.5555555555555556,0.372677996249965,0.12829151181128146,0.07583235673413397,0.283089355087734
Chinese,preamble3,Zero-Shot,False,Zero-Shot,True,a set of 5 printable curriculum map templates for kids,0.010101010101010102,0.0071470061632403995,0.004241358700921496,0.0016919442728288681,0.005795329809500216
Chinese,preamble4,Zero-Shot,False,Zero-Shot,True,a set of 5 printable curriculum map templates for kids,0.008705114254624596,0.006158797046981039,0.003660036433160895,0.0014577456163143428,0.004995423337770219
Hindi,karthik_4_meta_prompt,Zero-Shot,True,Zero-Shot Reasoning,False,a set of 5 printable curriculum map templates for kids,0.5,0.42919753763947605,0.3749505034497538,0.30826276460621843,0.40310270142386206
French,preamble1,Zero-Shot,False,Zero-Shot,True,the marseille caper by peter mayle,0.25,0.18898223650461357,0.08622792534209149,0.05873949094699214,0.1459874131984243
French,preamble5,Zero-Shot,False,Zero-Shot,True,the marseille caper by peter mayle,0.0909090909090909,0.0753778361444409,0.05845631850718321,0.02795767782472112,0.06317523084635904
Spanish,preamble4,Zero-Shot,False,Zero-Shot,True,the marseille caper by peter mayle,0.04195804195804195,0.024309634662767157,0.007859075446928146,0.004159608231507195,0.019571590074811112
French,karthik_5_chain_of_thought,Zero-Shot,True,Zero-Shot Reasoning,False,the marseille caper by peter mayle,0.375,0.32732683535398854,0.2649097550589377,0.1374708101760565,0.2761768501472457
Spanish,karthik_1_tree_of_thoughts,Zero-Shot,True,Zero-Shot Reasoning,False,the marseille caper by peter mayle,0.5714285714285714,0.4364357804719847,0.15910628243699468,0.09878765474230743,0.31643957226996455
French,preamble6,Few-Shot,False,Few-Shot,True,the marseille caper by peter mayle,0.3333333333333333,0.20412414523193154,0.08622792534209153,0.056122223243057295,0.1699519067876034
French,preamble4,Zero-Shot,False,Zero-Shot,True,the marseille caper by peter mayle,0.039473684210526314,0.0324442842261525,0.025148074759777022,0.01181491097853976,0.0272202385437489
French,preamble2,Zero-Shot,False,Zero-Shot,True,the marseille caper by peter mayle,0.1153846153846154,0.09607689228305226,0.07465498201414572,0.0359604157411963,0.08051922635575241
Spanish,preamble2,Zero-Shot,False,Zero-Shot,True,the marseille caper by peter mayle,0.03749999999999999,0.021718612138153466,0.007026714806948977,0.003713443751475442,0.01748969267414447
French,preamble3,Zero-Shot,False,Zero-Shot,True,the marseille caper by peter mayle,0.04285714285714286,0.035245368842512066,0.027312371955751893,0.012850058389196098,0.029566235511150733
French,karthik_3_self_consistency,Zero-Shot,True,Zero-Shot Reasoning,False,the marseille caper by peter mayle,0.04285714285714286,0.035245368842512066,0.027312371955751893,0.012850058389196098,0.029566235511150733
French,karthik_1_tree_of_thoughts,Zero-Shot,True,Zero-Shot Reasoning,False,the marseille caper by peter mayle,0.3274923012311928,0.25890539701513365,0.12464965750914189,0.09302577375697234,0.20101828237811015
Chinese,karthik_4_meta_prompt,Zero-Shot,True,Zero-Shot Reasoning,False,the marseille caper by peter mayle,0.5555555555555556,0.372677996249965,0.12829151181128146,0.07583235673413397,0.283089355087734
Chinese,karthik_2_generate_knowledge,Zero-Shot,True,Zero-Shot Reasoning,False,the marseille caper by peter mayle,0.6191984998215584,0.4229931028018367,0.14846550637941736,0.09054992806599667,0.3203017592672023
French,karthik_4_meta_prompt,Zero-Shot,True,Zero-Shot Reasoning,False,the marseille caper by peter mayle,0.12500000000000003,0.09128709291752769,0.04033183084278514,0.026012784404037925,0.0706579270410877
Chinese,karthik_3_self_consistency,Zero-Shot,True,Zero-Shot Reasoning,False,the marseille caper by peter mayle,0.2727272727272727,0.1651445647689541,0.06900656343516053,0.04411629359322707,0.13774867363115362
Chinese,karthik_5_chain_of_thought,Zero-Shot,True,Zero-Shot Reasoning,False,the marseille caper by peter mayle,0.6363636363636364,0.504524979109513,0.38756311218730594,0.28997844147152074,0.454607542282994
French,karthik_2_generate_knowledge,Zero-Shot,True,Zero-Shot Reasoning,False,the marseille caper by peter mayle,0.06818181818181818,0.03981989049014241,0.016232812588182325,0.009795841373797659,0.033507590658485145
Chinese,preamble6,Few-Shot,False,Few-Shot,True,the marseille caper by peter mayle,0.7430381997858699,0.5675047991270782,0.38535898603131136,0.18651176671349295,0.47060343791443815
Chinese,karthik_1_tree_of_thoughts,Zero-Shot,True,Zero-Shot Reasoning,False,the marseille caper by peter mayle,0.875,0.6123724356957945,0.5034777750283593,0.3976353643835253,0.5971213937769198
Chinese,preamble5,Zero-Shot,False,Zero-Shot,True,the marseille caper by peter mayle,0.035,0.02297037637816963,0.014470096942644553,0.006064586593924272,0.019626264978684613
Chinese,preamble3,Zero-Shot,False,Zero-Shot,True,the marseille caper by peter mayle,0.031111111111111117,0.02041241452319315,0.01287033008628854,0.0053862031579728405,0.01744501471964141
Chinese,preamble1,Zero-Shot,False,Zero-Shot,True,the marseille caper by peter mayle,0.024590163934426233,0.014226319992543994,0.004617235514183078,0.0024271028732870585,0.011465205578610091
Chinese,preamble2,Zero-Shot,False,Zero-Shot,True,the marseille caper by peter mayle,0.03174603174603174,0.018377261547332376,0.005952749338063794,0.003139075493725821,0.014803779531288431
Hindi,karthik_5_chain_of_thought,Zero-Shot,True,Zero-Shot Reasoning,False,the marseille caper by peter mayle,0.3,0.05773502691896258,0.03585339536577223,0.02777619034011792,0.10534115315621317
Hindi,karthik_3_self_consistency,Zero-Shot,True,Zero-Shot Reasoning,False,the marseille caper by peter mayle,0.375,0.07319250547114,0.04610606439635425,0.03655552228545124,0.13271352303823636
Chinese,preamble4,Zero-Shot,False,Zero-Shot,True,the marseille caper by peter mayle,0.023728813559322038,0.015560551102236923,0.009832640667873049,0.0041015675562104895,0.013305893221410623
Hindi,preamble6,Few-Shot,False,Few-Shot,True,the marseille caper by peter mayle,0.375,0.07319250547114,0.04610606439635425,0.03655552228545124,0.13271352303823636
Hindi,preamble2,Zero-Shot,False,Zero-Shot,True,a set of 5 printable curriculum map templates for kids,0.030303030303030304,0.024784079854830488,0.02107621303405793,0.015428246178782322,0.02289789234267526
Hindi,karthik_2_generate_knowledge,Zero-Shot,True,Zero-Shot Reasoning,False,the marseille caper by peter mayle,0.2727272727272727,0.05222329678670937,0.03227679469808881,0.024808415001701823,0.09550894480344317
Hindi,preamble4,Zero-Shot,False,Zero-Shot,True,a set of 5 printable curriculum map templates for kids,0.023460410557184754,0.014387620462167983,0.008898295452874757,0.003666193531282454,0.012603130000877488
Hindi,preamble1,Zero-Shot,False,Zero-Shot,True,a set of 5 printable curriculum map templates for kids,0.02486187845303867,0.02032773515160984,0.01731564636599537,0.01264642451921301,0.018787921122464222
Hindi,karthik_4_meta_prompt,Zero-Shot,True,Zero-Shot Reasoning,False,the marseille caper by peter mayle,0.3333333333333333,0.06454972243679029,0.04033183084278514,0.03155984539112946,0.11744368300100955
Spanish,preamble5,Zero-Shot,False,Zero-Shot,True,uncle lincoln wants you to join the army basic round button keychain,0.23076923076923078,0.19026059766179765,0.1748205560124411,0.15783206179378728,0.1884206115593142
Spanish,preamble1,Zero-Shot,False,Zero-Shot,True,uncle lincoln wants you to join the army basic round button keychain,0.7980538111748767,0.676205794704027,0.6310408246351591,0.5959334546593729,0.6753084712933589
Spanish,preamble4,Zero-Shot,False,Zero-Shot,True,uncle lincoln wants you to join the army basic round button keychain,0.7980538111748767,0.676205794704027,0.6310408246351591,0.5959334546593729,0.6753084712933589
Spanish,karthik_2_generate_knowledge,Zero-Shot,True,Zero-Shot Reasoning,False,uncle lincoln wants you to join the army basic round button keychain,0.5454545454545454,0.4558423058385518,0.42107563243008606,0.3892904392414698,0.4529157307411633
Spanish,karthik_5_chain_of_thought,Zero-Shot,True,Zero-Shot Reasoning,False,uncle lincoln wants you to join the army basic round button keychain,0.9333333333333333,0.816496580927726,0.7452607924460546,0.6994280452414162,0.7986296879871325
Spanish,karthik_4_meta_prompt,Zero-Shot,True,Zero-Shot Reasoning,False,uncle lincoln wants you to join the army basic round button keychain,0.5625,0.33541019662496846,0.2558573981686843,0.1875114458383465,0.3353197601579998
Spanish,preamble6,Few-Shot,False,Few-Shot,True,uncle lincoln wants you to join the army basic round button keychain,0.7139007178154544,0.6358881766016378,0.6056177804852938,0.5816413315488633,0.6342620016128123
Spanish,preamble2,Zero-Shot,False,Zero-Shot,True,uncle lincoln wants you to join the army basic round button keychain,0.35294117647058826,0.29250896965085227,0.2690510705758011,0.2453318866111749,0.28995827582710415
Spanish,karthik_3_self_consistency,Zero-Shot,True,Zero-Shot Reasoning,False,uncle lincoln wants you to join the army basic round button keychain,0.15625,0.08625819491779428,0.05083220907858192,0.02106055451080167,0.07860023962679448
Hindi,preamble3,Zero-Shot,False,Zero-Shot,True,a set of 5 printable curriculum map templates for kids,0.02356020942408377,0.01112095499592715,0.0072297817649301785,0.0030441450342998844,0.011238772804810247
French,preamble5,Zero-Shot,False,Zero-Shot,True,uncle lincoln wants you to join the army basic round button keychain,0.5,0.408248290463863,0.3329951051503863,0.22894156860669912,0.3675462410552371
Spanish,preamble3,Zero-Shot,False,Zero-Shot,True,uncle lincoln wants you to join the army basic round button keychain,0.13,0.10249414863810767,0.0930763054089713,0.08253960881825707,0.102027515716334
French,preamble4,Zero-Shot,False,Zero-Shot,True,uncle lincoln wants you to join the army basic round button keychain,0.5333333333333333,0.47809144373375745,0.4164431587284029,0.3290385879986622,0.4392266309485389
French,preamble1,Zero-Shot,False,Zero-Shot,True,uncle lincoln wants you to join the army basic round button keychain,0.6410499775216034,0.6290666783150715,0.6180222426214117,0.599941435602712,0.6220200835151997
French,preamble3,Zero-Shot,False,Zero-Shot,True,uncle lincoln wants you to join the army basic round button keychain,0.4,0.3779644730092273,0.3566121515560455,0.3237722713145643,0.3645872239699593
Hindi,preamble5,Zero-Shot,False,Zero-Shot,True,the marseille caper by peter mayle,0.018181818181818177,0.0033296357910601346,0.002017250970871704,0.0014314385561947753,0.006240035874986198
French,karthik_3_self_consistency,Zero-Shot,True,Zero-Shot Reasoning,False,uncle lincoln wants you to join the army basic round button keychain,0.6410499775216034,0.5447877240951453,0.4672741611144608,0.36883688707312123,0.5054871874510827
French,preamble2,Zero-Shot,False,Zero-Shot,True,uncle lincoln wants you to join the army basic round button keychain,0.5333333333333333,0.47809144373375745,0.4164431587284029,0.3290385879986622,0.4392266309485389
French,karthik_2_generate_knowledge,Zero-Shot,True,Zero-Shot Reasoning,False,uncle lincoln wants you to join the army basic round button keychain,0.6666666666666666,0.5345224838248488,0.4482662440229543,0.38503228868787126,0.5086219208005853
French,preamble6,Few-Shot,False,Few-Shot,True,uncle lincoln wants you to join the army basic round button keychain,0.4666666666666667,0.408248290463863,0.3412391057457694,0.23793665482062612,0.3635226794242313
Hindi,preamble2,Zero-Shot,False,Zero-Shot,True,the marseille caper by peter mayle,0.020979020979020983,0.0038436907310461722,0.0023264389528476824,0.0016540073348280744,0.007200789499435728
French,karthik_5_chain_of_thought,Zero-Shot,True,Zero-Shot Reasoning,False,uncle lincoln wants you to join the army basic round button keychain,0.5625,0.27386127875258304,0.17805245459431193,0.08012120435729668,0.27363373442604794
Spanish,karthik_1_tree_of_thoughts,Zero-Shot,True,Zero-Shot Reasoning,False,uncle lincoln wants you to join the army basic round button keychain,0.5935873286495363,0.4118835199212229,0.23953809204546758,0.10318861149640234,0.33704938802815726
Hindi,preamble1,Zero-Shot,False,Zero-Shot,True,the marseille caper by peter mayle,0.018181818181818177,0.0033296357910601346,0.002017250970871704,0.0014314385561947753,0.006240035874986198
Hindi,preamble4,Zero-Shot,False,Zero-Shot,True,the marseille caper by peter mayle,0.018749999999999996,0.003434014098717223,0.002080044039254929,0.0014765965592356623,0.006435163674301953
Hindi,preamble5,Zero-Shot,False,Zero-Shot,True,a set of 5 printable curriculum map templates for kids,0.017167381974248924,0.008592915805463255,0.005709286456256775,0.0024212829027063414,0.008472716784668825
Hindi,preamble3,Zero-Shot,False,Zero-Shot,True,the marseille caper by peter mayle,0.02054794520547945,0.003764438430023011,0.0022787805738137264,0.0016196660044770497,0.00705270755344831
French,karthik_4_meta_prompt,Zero-Shot,True,Zero-Shot Reasoning,False,uncle lincoln wants you to join the army basic round button keychain,0.3478260869565218,0.1257389226923863,0.043583053854270956,0.02476980256562109,0.13547946651720003
Hindi,karthik_1_tree_of_thoughts,Zero-Shot,True,Zero-Shot Reasoning,False,the marseille caper by peter mayle,0.375,0.23145502494313785,0.098573017775554,0.06500593260343691,0.1925084938305322
Chinese,preamble6,Few-Shot,False,Few-Shot,True,uncle lincoln wants you to join the army basic round button keychain,0.4,0.06666666666666667,0.039423944368881844,0.02984745896009824,0.1339845174989117
Chinese,preamble5,Zero-Shot,False,Zero-Shot,True,uncle lincoln wants you to join the army basic round button keychain,0.07954545454545456,0.060475303041422894,0.04537294041388584,0.031627668729686184,0.05425534168261237
Chinese,preamble1,Zero-Shot,False,Zero-Shot,True,uncle lincoln wants you to join the army basic round button keychain,0.10169491525423731,0.04187314900782694,0.015171859370748048,0.008608987765421757,0.04183722784955852
Chinese,preamble3,Zero-Shot,False,Zero-Shot,True,uncle lincoln wants you to join the army basic round button keychain,0.08695652173913045,0.05057217374241736,0.016292096926507876,0.008720695571682532,0.040635371994934555
Chinese,preamble2,Zero-Shot,False,Zero-Shot,True,uncle lincoln wants you to join the army basic round button keychain,0.07894736842105263,0.04588314677411235,0.014785793663850424,0.007901107171057957,0.036879354007518336
Chinese,karthik_5_chain_of_thought,Zero-Shot,True,Zero-Shot Reasoning,False,uncle lincoln wants you to join the army basic round button keychain,0.30769230769230765,0.050636968354183326,0.029599821602219877,0.021972813874997166,0.10247547788092701
Chinese,karthik_2_generate_knowledge,Zero-Shot,True,Zero-Shot Reasoning,False,uncle lincoln wants you to join the army basic round button keychain,0.2857142857142857,0.14824986333222023,0.05844218274062023,0.03592143420342892,0.13208194149763877
Chinese,preamble4,Zero-Shot,False,Zero-Shot,True,uncle lincoln wants you to join the army basic round button keychain,0.03333333333333333,0.005292561240249634,0.00304718222474337,0.0021223449814958342,0.010948855444955543
Hindi,preamble5,Zero-Shot,False,Zero-Shot,True,uncle lincoln wants you to join the army basic round button keychain,0.5,0.36514837167011077,0.2706122360721329,0.195647514979229,0.3328520306803681
Hindi,preamble4,Zero-Shot,False,Zero-Shot,True,uncle lincoln wants you to join the army basic round button keychain,0.47058823529411764,0.3429971702850177,0.2538174856378778,0.18295654224495206,0.31258985836549136
Hindi,preamble1,Zero-Shot,False,Zero-Shot,True,uncle lincoln wants you to join the army basic round button keychain,0.5,0.3834824944236852,0.2674560110679342,0.18710158230410626,0.3345100219489314
Chinese,karthik_3_self_consistency,Zero-Shot,True,Zero-Shot Reasoning,False,uncle lincoln wants you to join the army basic round button keychain,0.08219178082191782,0.06757373783994859,0.052008949955685786,0.036817760899933355,0.059648057379371386
French,karthik_1_tree_of_thoughts,Zero-Shot,True,Zero-Shot Reasoning,False,uncle lincoln wants you to join the army basic round button keychain,0.08527131782945735,0.05771404380835896,0.048626203399794225,0.039755067701270935,0.05784165818472037
Hindi,preamble6,Few-Shot,False,Few-Shot,True,uncle lincoln wants you to join the army basic round button keychain,0.6666666666666666,0.5345224838248488,0.4482662440229543,0.38503228868787126,0.5086219208005853
Chinese,karthik_4_meta_prompt,Zero-Shot,True,Zero-Shot Reasoning,False,uncle lincoln wants you to join the army basic round button keychain,0.3,0.21764287503300347,0.1770155063385643,0.13264759167412227,0.2068264932614225
Chinese,karthik_1_tree_of_thoughts,Zero-Shot,True,Zero-Shot Reasoning,False,uncle lincoln wants you to join the army basic round button keychain,0.030075187969924807,0.015094447095057544,0.005879221610850584,0.0034009867722573145,0.013612460862022563
Hindi,preamble2,Zero-Shot,False,Zero-Shot,True,uncle lincoln wants you to join the army basic round button keychain,0.1126760563380282,0.08024108542850394,0.05880599236455375,0.040702060496066096,0.073106298656788
Hindi,preamble3,Zero-Shot,False,Zero-Shot,True,uncle lincoln wants you to join the army basic round button keychain,0.10126582278481011,0.07206329937748998,0.052831056186924706,0.03649963240704604,0.06566495268906772
Spanish,preamble1,Zero-Shot,False,Zero-Shot,True,"a poster for the film the interview, starring actors jay and patton",0.5882352941176471,0.4696682183138622,0.357044274227646,0.28175950490399515,0.4241768228907876
Spanish,karthik_5_chain_of_thought,Zero-Shot,True,Zero-Shot Reasoning,False,"a poster for the film the interview, starring actors jay and patton",0.5625,0.4330127018922193,0.3461929201608134,0.2803950119994003,0.4055251585131083
Spanish,karthik_2_generate_knowledge,Zero-Shot,True,Zero-Shot Reasoning,False,"a poster for the film the interview, starring actors jay and patton",0.2962962962962963,0.23870495801314426,0.1929826924705226,0.15450079547146167,0.2206211855628562
Spanish,karthik_3_self_consistency,Zero-Shot,True,Zero-Shot Reasoning,False,"a poster for the film the interview, starring actors jay and patton",0.09401709401709402,0.0697348774919352,0.0569280801335467,0.04150465851222034,0.06554617753869905
Spanish,karthik_4_meta_prompt,Zero-Shot,True,Zero-Shot Reasoning,False,"a poster for the film the interview, starring actors jay and patton",0.4444444444444444,0.3615507630310936,0.2940912790516731,0.23909453161355018,0.3347952545351903
Hindi,karthik_2_generate_knowledge,Zero-Shot,True,Zero-Shot Reasoning,False,uncle lincoln wants you to join the army basic round button keychain,0.2564102564102564,0.21733262131143555,0.18864963900843504,0.16319013503995053,0.20639566294251938
French,karthik_5_chain_of_thought,Zero-Shot,True,Zero-Shot Reasoning,False,"a poster for the film the interview, starring actors jay and patton",0.8235294117647058,0.7524469885568253,0.6735714637852908,0.5997820163128024,0.7123324701049062
Spanish,karthik_1_tree_of_thoughts,Zero-Shot,True,Zero-Shot Reasoning,False,"a poster for the film the interview, starring actors jay and patton",0.4444444444444444,0.3615507630310936,0.2940912790516731,0.23909453161355018,0.3347952545351903
French,preamble1,Zero-Shot,False,Zero-Shot,True,"a poster for the film the interview, starring actors jay and patton",0.6111111111111112,0.5362664443598958,0.47953634570245085,0.41180376356915777,0.5096794161856539
Hindi,karthik_4_meta_prompt,Zero-Shot,True,Zero-Shot Reasoning,False,uncle lincoln wants you to join the army basic round button keychain,0.5882352941176471,0.5072996561958923,0.4722309116066277,0.4378826865860794,0.5014121371265616
Spanish,preamble5,Zero-Shot,False,Zero-Shot,True,"a poster for the film the interview, starring actors jay and patton",0.05063291139240507,0.038753369440541106,0.030514878973872124,0.02162003044068333,0.035380297561875405
Hindi,karthik_5_chain_of_thought,Zero-Shot,True,Zero-Shot Reasoning,False,uncle lincoln wants you to join the army basic round button keychain,0.75,0.7071067811865475,0.6613898798842306,0.6026080978557137,0.680276189731623
Spanish,preamble4,Zero-Shot,False,Zero-Shot,True,"a poster for the film the interview, starring actors jay and patton",0.05357142857142857,0.041007491386035606,0.032275503730359305,0.022883254246170142,0.037434419483498405
French,karthik_2_generate_knowledge,Zero-Shot,True,Zero-Shot Reasoning,False,"a poster for the film the interview, starring actors jay and patton",0.6842105263157895,0.5848976518656018,0.4977536896339003,0.41682189465797687,0.5459209406183171
French,preamble2,Zero-Shot,False,Zero-Shot,True,"a poster for the film the interview, starring actors jay and patton",0.6111111111111112,0.5362664443598958,0.47953634570245085,0.41180376356915777,0.5096794161856539
French,karthik_4_meta_prompt,Zero-Shot,True,Zero-Shot Reasoning,False,"a poster for the film the interview, starring actors jay and patton",0.6111111111111112,0.5362664443598958,0.47953634570245085,0.41180376356915777,0.5096794161856539
French,preamble4,Zero-Shot,False,Zero-Shot,True,"a poster for the film the interview, starring actors jay and patton",0.14285714285714285,0.1173429297697715,0.10258241366012083,0.08398593398751007,0.11169210506863632
French,karthik_3_self_consistency,Zero-Shot,True,Zero-Shot Reasoning,False,"a poster for the film the interview, starring actors jay and patton",0.7058823529411765,0.6301260378126045,0.5448812933308369,0.4615425015629849,0.5856080464119007
Spanish,preamble2,Zero-Shot,False,Zero-Shot,True,"a poster for the film the interview, starring actors jay and patton",0.04979253112033194,0.03528191148461629,0.02852284749305884,0.02045525205145516,0.033513135537365554
Hindi,karthik_1_tree_of_thoughts,Zero-Shot,True,Zero-Shot Reasoning,False,uncle lincoln wants you to join the army basic round button keychain,0.5789473684210527,0.4744957310981937,0.43356587535112767,0.39696685122270786,0.4709939565232705
Spanish,preamble6,Few-Shot,False,Few-Shot,True,"a poster for the film the interview, starring actors jay and patton",0.04467353951890035,0.03040197572489736,0.02428279660860677,0.01726437330279351,0.0291556712887995
Spanish,preamble3,Zero-Shot,False,Zero-Shot,True,"a poster for the film the interview, starring actors jay and patton",0.028795811518324606,0.019439593333050748,0.01313847162579488,0.004786250062165391,0.016540031634833908
Chinese,karthik_4_meta_prompt,Zero-Shot,True,Zero-Shot Reasoning,False,"a poster for the film the interview, starring actors jay and patton",0.4547743189500984,0.2753795255607423,0.19436030141835586,0.09250205543221647,0.25425405034035325
Chinese,karthik_2_generate_knowledge,Zero-Shot,True,Zero-Shot Reasoning,False,"a poster for the film the interview, starring actors jay and patton",0.21052631578947367,0.0238535121664348,0.01217880605928284,0.008197539732074256,0.06368904343681639
French,karthik_1_tree_of_thoughts,Zero-Shot,True,Zero-Shot Reasoning,False,"a poster for the film the interview, starring actors jay and patton",0.5613041910189707,0.43305558510994563,0.34683546946404104,0.28187204239031843,0.4057668219958189
Chinese,karthik_5_chain_of_thought,Zero-Shot,True,Zero-Shot Reasoning,False,"a poster for the film the interview, starring actors jay and patton",0.46002220731466165,0.19615412827794998,0.07257872063487462,0.04361566471268858,0.1930926802350437
French,preamble5,Zero-Shot,False,Zero-Shot,True,"a poster for the film the interview, starring actors jay and patton",0.05327868852459015,0.020940576030334584,0.012740703854812047,0.00523644094275958,0.023049102338124086
Chinese,karthik_3_self_consistency,Zero-Shot,True,Zero-Shot Reasoning,False,"a poster for the film the interview, starring actors jay and patton",0.14705882352941177,0.09369968652822305,0.05258933417603656,0.021269375860739192,0.07865430502360264
French,preamble3,Zero-Shot,False,Zero-Shot,True,"a poster for the film the interview, starring actors jay and patton",0.05851063829787235,0.030637776382712513,0.022455896953470465,0.015283223061964958,0.031721883674005066
Hindi,karthik_3_self_consistency,Zero-Shot,True,Zero-Shot Reasoning,False,uncle lincoln wants you to join the army basic round button keychain,0.13978494623655913,0.1232640089210073,0.11258693244329965,0.10095879895917599,0.11914867164001051
Chinese,preamble5,Zero-Shot,False,Zero-Shot,True,"a poster for the film the interview, starring actors jay and patton",0.047058823529411764,0.016686958293742775,0.005786512240706628,0.0031563281747004684,0.01817215555964041
French,preamble6,Few-Shot,False,Few-Shot,True,"a poster for the film the interview, starring actors jay and patton",0.06,0.042532872300500166,0.034335121961749614,0.02731334016320451,0.041045333606363574
Chinese,preamble1,Zero-Shot,False,Zero-Shot,True,"a poster for the film the interview, starring actors jay and patton",0.05660377358490567,0.0059854133654246135,0.003007705106054006,0.0019556494575284867,0.016888135378478195
Chinese,preamble2,Zero-Shot,False,Zero-Shot,True,"a poster for the film the interview, starring actors jay and patton",0.07079646017699115,0.007950542444263022,0.004067291310526767,0.00268237482367139,0.021374167188863084
Chinese,karthik_1_tree_of_thoughts,Zero-Shot,True,Zero-Shot Reasoning,False,"a poster for the film the interview, starring actors jay and patton",0.5625,0.3872983346207417,0.22381431679149066,0.09528070628428423,0.31722333942412917
Hindi,preamble1,Zero-Shot,False,Zero-Shot,True,"a poster for the film the interview, starring actors jay and patton",0.625,0.5773502691896257,0.5261597794341888,0.48415247130346006,0.5531656299818186
Chinese,preamble6,Few-Shot,False,Few-Shot,True,"a poster for the film the interview, starring actors jay and patton",0.08737864077669903,0.04139210893269464,0.012466356220490625,0.006417685546149352,0.036913697869008416
Hindi,karthik_2_generate_knowledge,Zero-Shot,True,Zero-Shot Reasoning,False,"a poster for the film the interview, starring actors jay and patton",0.47368421052631576,0.39735970711951313,0.3068055388167067,0.2042819529610956,0.34553285235590775
Chinese,preamble3,Zero-Shot,False,Zero-Shot,True,"a poster for the film the interview, starring actors jay and patton",0.024024024024024027,0.008506557361509452,0.0029654751772123173,0.0016043216122268427,0.009275094543743161
Chinese,preamble4,Zero-Shot,False,Zero-Shot,True,"a poster for the film the interview, starring actors jay and patton",0.025787965616045842,0.008608330237124744,0.0029426442408478637,0.001576188179547394,0.009728782068391461
Hindi,karthik_3_self_consistency,Zero-Shot,True,Zero-Shot Reasoning,False,"a poster for the film the interview, starring actors jay and patton",0.38416814526581844,0.34224418535645096,0.29073415547900466,0.20850333290253842,0.30641245475095313
Spanish,karthik_2_generate_knowledge,Zero-Shot,True,Zero-Shot Reasoning,False,yoga a way of life a begin's guide to yoga so much more than just a fitness routine,0.40625,0.34342910241721913,0.29039717093915673,0.2388314661261249,0.31972693487062515
Spanish,preamble4,Zero-Shot,False,Zero-Shot,True,yoga a way of life a begin's guide to yoga so much more than just a fitness routine,0.8,0.7302967433402215,0.6731947192795489,0.6084121675336108,0.7029759075383454
Spanish,karthik_4_meta_prompt,Zero-Shot,True,Zero-Shot Reasoning,False,yoga a way of life a begin's guide to yoga so much more than just a fitness routine,0.6521739130434783,0.5710402407201607,0.5024436472206901,0.419793811546288,0.5363629031326542
Spanish,karthik_5_chain_of_thought,Zero-Shot,True,Zero-Shot Reasoning,False,yoga a way of life a begin's guide to yoga so much more than just a fitness routine,0.4375,0.394007532267939,0.34962515161782903,0.3042164950089497,0.37133729472367943
Spanish,preamble1,Zero-Shot,False,Zero-Shot,True,yoga a way of life a begin's guide to yoga so much more than just a fitness routine,0.8,0.7302967433402215,0.6731947192795489,0.6084121675336108,0.7029759075383454
Hindi,preamble2,Zero-Shot,False,Zero-Shot,True,"a poster for the film the interview, starring actors jay and patton",0.14606741573033707,0.11523391851137053,0.09940118852655316,0.08542127567095884,0.11153094960980489
Spanish,preamble2,Zero-Shot,False,Zero-Shot,True,yoga a way of life a begin's guide to yoga so much more than just a fitness routine,0.6521739130434783,0.5444655064804708,0.4427901897555989,0.36076605997271954,0.5000489173130669
Hindi,karthik_5_chain_of_thought,Zero-Shot,True,Zero-Shot Reasoning,False,"a poster for the film the interview, starring actors jay and patton",0.625,0.5400617248673217,0.44042320075255215,0.37239098949398236,0.4944689787784641
Spanish,preamble6,Few-Shot,False,Few-Shot,True,yoga a way of life a begin's guide to yoga so much more than just a fitness routine,0.625,0.5212860351426869,0.44581336947084443,0.378786561257948,0.4927214914678698
Hindi,karthik_4_meta_prompt,Zero-Shot,True,Zero-Shot Reasoning,False,"a poster for the film the interview, starring actors jay and patton",0.6811183498037142,0.6027865776460589,0.5709080896848872,0.5429121887783135,0.5994313014782435
Spanish,karthik_3_self_consistency,Zero-Shot,True,Zero-Shot Reasoning,False,yoga a way of life a begin's guide to yoga so much more than just a fitness routine,0.11333333333333331,0.0914707077720141,0.07536021576415582,0.0605707942250401,0.08518376277363583
French,preamble4,Zero-Shot,False,Zero-Shot,True,yoga a way of life a begin's guide to yoga so much more than just a fitness routine,0.56,0.458257569495584,0.40350092493459844,0.3471636178393148,0.4422305280673743
Hindi,preamble6,Few-Shot,False,Few-Shot,True,"a poster for the film the interview, starring actors jay and patton",0.11111111111111109,0.09114479026995506,0.07977411557673811,0.06878954669347044,0.08770489091281868
French,preamble1,Zero-Shot,False,Zero-Shot,True,yoga a way of life a begin's guide to yoga so much more than just a fitness routine,0.6956521739130435,0.6159924028072145,0.549145457847739,0.4699739598002697,0.5826909985920667
French,karthik_4_meta_prompt,Zero-Shot,True,Zero-Shot Reasoning,False,yoga a way of life a begin's guide to yoga so much more than just a fitness routine,0.65,0.5548826333938605,0.4442146959803692,0.31671615012203974,0.49145336987406735
Hindi,karthik_1_tree_of_thoughts,Zero-Shot,True,Zero-Shot Reasoning,False,"a poster for the film the interview, starring actors jay and patton",0.6191984998215584,0.5747344510849006,0.5532311315418994,0.5301288270677014,0.569323227379015
French,karthik_2_generate_knowledge,Zero-Shot,True,Zero-Shot Reasoning,False,yoga a way of life a begin's guide to yoga so much more than just a fitness routine,0.75,0.6282808624375432,0.5387954941327553,0.435949382480739,0.5882564347627595
Spanish,karthik_1_tree_of_thoughts,Zero-Shot,True,Zero-Shot Reasoning,False,yoga a way of life a begin's guide to yoga so much more than just a fitness routine,0.47619047619047616,0.3450327796711771,0.18749908266158546,0.07681104116622756,0.27138334492236654
French,preamble6,Few-Shot,False,Few-Shot,True,yoga a way of life a begin's guide to yoga so much more than just a fitness routine,0.625,0.5212860351426869,0.46589755453729714,0.4099093841051793,0.5055232434462908
French,karthik_5_chain_of_thought,Zero-Shot,True,Zero-Shot Reasoning,False,yoga a way of life a begin's guide to yoga so much more than just a fitness routine,0.6818181818181818,0.5698028822981898,0.4636905847375489,0.3784157746763232,0.5234318558825609
French,preamble5,Zero-Shot,False,Zero-Shot,True,yoga a way of life a begin's guide to yoga so much more than just a fitness routine,0.10791366906474818,0.08389188269721677,0.07301628405339826,0.060299278078728265,0.08128027847352287
Hindi,preamble4,Zero-Shot,False,Zero-Shot,True,"a poster for the film the interview, starring actors jay and patton",0.07106598984771575,0.042578256238113635,0.02747213878703869,0.017595124704336152,0.039677877394301064
French,karthik_3_self_consistency,Zero-Shot,True,Zero-Shot Reasoning,False,yoga a way of life a begin's guide to yoga so much more than just a fitness routine,0.12500000000000003,0.10067340828210364,0.08414999140093234,0.06245550386517266,0.09306972588705217
Chinese,karthik_2_generate_knowledge,Zero-Shot,True,Zero-Shot Reasoning,False,yoga a way of life a begin's guide to yoga so much more than just a fitness routine,0.6,0.46291004988627577,0.3243144912732185,0.12874330508144843,0.3789919615602357
Spanish,preamble5,Zero-Shot,False,Zero-Shot,True,yoga a way of life a begin's guide to yoga so much more than just a fitness routine,0.05172413793103449,0.04229339185656763,0.035765511773444905,0.027824505674274053,0.03940188680883027
Chinese,preamble5,Zero-Shot,False,Zero-Shot,True,yoga a way of life a begin's guide to yoga so much more than just a fitness routine,0.11827956989247315,0.08017629009973055,0.05364466908044433,0.01990487716596906,0.06800135155965428
French,karthik_1_tree_of_thoughts,Zero-Shot,True,Zero-Shot Reasoning,False,yoga a way of life a begin's guide to yoga so much more than just a fitness routine,0.3448275862068966,0.24814583349273261,0.2122444617728858,0.18012107375362468,0.24633473880653495
Chinese,karthik_4_meta_prompt,Zero-Shot,True,Zero-Shot Reasoning,False,yoga a way of life a begin's guide to yoga so much more than just a fitness routine,0.5333333333333333,0.3380617018914066,0.2096698749823582,0.0925159978069645,0.29339522700351567
French,preamble2,Zero-Shot,False,Zero-Shot,True,yoga a way of life a begin's guide to yoga so much more than just a fitness routine,0.10191082802547774,0.08853979028379437,0.07892270655865842,0.06489400526511926,0.08356683253326244
Chinese,karthik_5_chain_of_thought,Zero-Shot,True,Zero-Shot Reasoning,False,yoga a way of life a begin's guide to yoga so much more than just a fitness routine,0.5294117647058824,0.31506301890630223,0.1909115432683808,0.08291705932865436,0.27957584655230494
Chinese,preamble4,Zero-Shot,False,Zero-Shot,True,yoga a way of life a begin's guide to yoga so much more than just a fitness routine,0.08695652173913045,0.056334675679459364,0.03722066136686677,0.013635693443851026,0.0485368880573269
Chinese,karthik_3_self_consistency,Zero-Shot,True,Zero-Shot Reasoning,False,yoga a way of life a begin's guide to yoga so much more than just a fitness routine,0.13333333333333336,0.07741129997161836,0.042163008912692077,0.016726369986598516,0.06740850305106058
Hindi,preamble3,Zero-Shot,False,Zero-Shot,True,"a poster for the film the interview, starring actors jay and patton",0.048780487804878044,0.034563335937664794,0.022232463424596487,0.007967394108968094,0.028385920319026856
French,preamble3,Zero-Shot,False,Zero-Shot,True,yoga a way of life a begin's guide to yoga so much more than just a fitness routine,0.05947955390334572,0.0516068174528569,0.046188938645462654,0.03772278550008033,0.04874952387543641
Chinese,karthik_1_tree_of_thoughts,Zero-Shot,True,Zero-Shot Reasoning,False,yoga a way of life a begin's guide to yoga so much more than just a fitness routine,0.423240862445307,0.25522384303227363,0.08393788079445266,0.047720917798355585,0.20253087601759723
Chinese,preamble6,Few-Shot,False,Few-Shot,True,yoga a way of life a begin's guide to yoga so much more than just a fitness routine,0.09790209790209792,0.06947056755013031,0.04828322449498488,0.029264691485941914,0.06123014535828875
Hindi,preamble1,Zero-Shot,False,Zero-Shot,True,yoga a way of life a begin's guide to yoga so much more than just a fitness routine,0.625,0.4361391879943235,0.29964228651219166,0.10542227284525635,0.3665509368379429
Hindi,preamble5,Zero-Shot,False,Zero-Shot,True,"a poster for the film the interview, starring actors jay and patton",0.04577464788732395,0.02543602739370839,0.013772548858364115,0.005345468626756484,0.022582173191538234
Chinese,preamble3,Zero-Shot,False,Zero-Shot,True,yoga a way of life a begin's guide to yoga so much more than just a fitness routine,0.06818181818181818,0.04413674147523747,0.029209681589438104,0.010666177201940078,0.038048604612108454
Hindi,preamble6,Few-Shot,False,Few-Shot,True,yoga a way of life a begin's guide to yoga so much more than just a fitness routine,0.6818181818181818,0.5096471914376255,0.37682339482063515,0.22866722231574907,0.44923899759804786
Chinese,preamble1,Zero-Shot,False,Zero-Shot,True,yoga a way of life a begin's guide to yoga so much more than just a fitness routine,0.04363636363636364,0.03338858504261563,0.023938174596285583,0.008192122413400687,0.027288811422166385
Hindi,karthik_3_self_consistency,Zero-Shot,True,Zero-Shot Reasoning,False,yoga a way of life a begin's guide to yoga so much more than just a fitness routine,0.7191070868408715,0.488678402371065,0.33330543044947175,0.11772352396296748,0.414703610906094
Spanish,preamble5,Zero-Shot,False,Zero-Shot,True,"theia sleeveless sequind dress, silver",0.75,0.46291004988627577,0.15575351255546135,0.09193227152249185,0.3651489584910573
Hindi,karthik_2_generate_knowledge,Zero-Shot,True,Zero-Shot Reasoning,False,yoga a way of life a begin's guide to yoga so much more than just a fitness routine,0.5338249352778719,0.3884146930127961,0.28589870487136176,0.1864749012645226,0.34865330860663807
Spanish,preamble4,Zero-Shot,False,Zero-Shot,True,"theia sleeveless sequind dress, silver",0.625,0.2988071523335984,0.11667240223363196,0.07386099955930606,0.2785851385316341
Spanish,karthik_5_chain_of_thought,Zero-Shot,True,Zero-Shot Reasoning,False,"theia sleeveless sequind dress, silver",0.5,0.26726124191242434,0.1083896554122787,0.06985342056580097,0.236376079472626
Spanish,preamble1,Zero-Shot,False,Zero-Shot,True,"theia sleeveless sequind dress, silver",0.4444444444444444,0.23570226039551587,0.0948151464331332,0.06030725360407769,0.2088172762192928
Spanish,karthik_2_generate_knowledge,Zero-Shot,True,Zero-Shot Reasoning,False,"theia sleeveless sequind dress, silver",0.29411764705882354,0.19174124721184263,0.06434016142474894,0.036374995670960676,0.14664351284159396
Spanish,preamble3,Zero-Shot,False,Zero-Shot,True,"theia sleeveless sequind dress, silver",0.4444444444444444,0.23570226039551587,0.0948151464331332,0.06030725360407769,0.2088172762192928
Spanish,preamble2,Zero-Shot,False,Zero-Shot,True,"theia sleeveless sequind dress, silver",0.4444444444444444,0.23570226039551587,0.0948151464331332,0.06030725360407769,0.2088172762192928
Spanish,preamble6,Few-Shot,False,Few-Shot,True,"theia sleeveless sequind dress, silver",0.625,0.2988071523335984,0.11667240223363196,0.07386099955930606,0.2785851385316341
Spanish,karthik_4_meta_prompt,Zero-Shot,True,Zero-Shot Reasoning,False,"theia sleeveless sequind dress, silver",0.2631578947368421,0.1709963920141923,0.05724311265414088,0.03219965714728962,0.13089926413811623
Hindi,karthik_5_chain_of_thought,Zero-Shot,True,Zero-Shot Reasoning,False,yoga a way of life a begin's guide to yoga so much more than just a fitness routine,0.6292187009857626,0.5183217182039824,0.4101406443060172,0.3223991481175862,0.47002005290333704
Chinese,preamble2,Zero-Shot,False,Zero-Shot,True,yoga a way of life a begin's guide to yoga so much more than just a fitness routine,0.031553398058252434,0.023182014717123528,0.014391995111033964,0.005031602176788948,0.018539752515799715
Spanish,preamble3,Zero-Shot,False,Zero-Shot,True,yoga a way of life a begin's guide to yoga so much more than just a fitness routine,0.027700831024930754,0.02400625396365479,0.021466140312555722,0.01711076917557932,0.022570998619180146
French,preamble5,Zero-Shot,False,Zero-Shot,True,"theia sleeveless sequind dress, silver",0.6666666666666666,0.6454972243679028,0.6227700724866008,0.5873949094699213,0.6305822182477729
Spanish,karthik_1_tree_of_thoughts,Zero-Shot,True,Zero-Shot Reasoning,False,"theia sleeveless sequind dress, silver",0.375,0.23145502494313785,0.098573017775554,0.06500593260343691,0.1925084938305322
French,preamble4,Zero-Shot,False,Zero-Shot,True,"theia sleeveless sequind dress, silver",0.875,0.8660254037844386,0.8563285146644029,0.8408964152537145,0.859562583425639
French,preamble3,Zero-Shot,False,Zero-Shot,True,"theia sleeveless sequind dress, silver",0.8888888888888888,0.8819171036881969,0.8747619509674373,0.8633400213704505,0.8772269912287434
French,preamble1,Zero-Shot,False,Zero-Shot,True,"theia sleeveless sequind dress, silver",0.6666666666666666,0.5,0.3329951051503863,0.1561969968460128,0.4139646921657664
French,karthik_2_generate_knowledge,Zero-Shot,True,Zero-Shot Reasoning,False,"theia sleeveless sequind dress, silver",0.6666666666666666,0.5773502691896257,0.46026455517844755,0.3549481056010053,0.5148073991589364
French,preamble2,Zero-Shot,False,Zero-Shot,True,"theia sleeveless sequind dress, silver",0.5,0.408248290463863,0.27873428524501964,0.13134549472120793,0.3295820176075227
Spanish,karthik_3_self_consistency,Zero-Shot,True,Zero-Shot Reasoning,False,"theia sleeveless sequind dress, silver",0.08823529411764706,0.07257946509373268,0.06384657414373367,0.052099118006280795,0.06919011284034855
French,preamble6,Few-Shot,False,Few-Shot,True,"theia sleeveless sequind dress, silver",0.625,0.42257712736425823,0.14665877004526578,0.08783602619713961,0.3205179809016659
Hindi,karthik_4_meta_prompt,Zero-Shot,True,Zero-Shot Reasoning,False,yoga a way of life a begin's guide to yoga so much more than just a fitness routine,0.4583333333333333,0.31565436977716665,0.24206406450695736,0.1896632646081197,0.3014287580563943
Chinese,preamble4,Zero-Shot,False,Zero-Shot,True,"theia sleeveless sequind dress, silver",0.7054014374088451,0.6911494341909904,0.6734070949822775,0.6431870218238024,0.6782862471014788
French,karthik_5_chain_of_thought,Zero-Shot,True,Zero-Shot Reasoning,False,"theia sleeveless sequind dress, silver",0.75,0.5669467095138409,0.3806693978654565,0.18092176081223305,0.4696344670478826
French,karthik_1_tree_of_thoughts,Zero-Shot,True,Zero-Shot Reasoning,False,"theia sleeveless sequind dress, silver",0.47768754038252614,0.45317419124773295,0.4212841027806105,0.36409302398068727,0.4290597145978892
Chinese,preamble5,Zero-Shot,False,Zero-Shot,True,"theia sleeveless sequind dress, silver",0.15,0.12403473458920843,0.10910886033021695,0.09001463882570905,0.1182895584362836
Chinese,preamble1,Zero-Shot,False,Zero-Shot,True,"theia sleeveless sequind dress, silver",0.7142857142857143,0.3450327796711771,0.13624724651304665,0.08783602619713961,0.3208504416667694
French,karthik_3_self_consistency,Zero-Shot,True,Zero-Shot Reasoning,False,"theia sleeveless sequind dress, silver",0.5555555555555556,0.26352313834736496,0.10206057820194947,0.06376715693797415,0.24622660726071105
Chinese,preamble2,Zero-Shot,False,Zero-Shot,True,"theia sleeveless sequind dress, silver",0.7054014374088451,0.6911494341909904,0.6734070949822775,0.6431870218238024,0.6782862471014788
Chinese,preamble6,Few-Shot,False,Few-Shot,True,"theia sleeveless sequind dress, silver",0.45454545454545453,0.21320071635561047,0.08167713343422024,0.05012578715739066,0.199887272873169
French,karthik_4_meta_prompt,Zero-Shot,True,Zero-Shot Reasoning,False,"theia sleeveless sequind dress, silver",0.3571428571428572,0.23440361546924776,0.1690622446251985,0.08032276872815308,0.2102328714913641
Chinese,preamble3,Zero-Shot,False,Zero-Shot,True,"theia sleeveless sequind dress, silver",0.1590909090909091,0.12165177489061986,0.10422116536474309,0.0847400567745194,0.11742597653019786
Chinese,karthik_2_generate_knowledge,Zero-Shot,True,Zero-Shot Reasoning,False,"theia sleeveless sequind dress, silver",0.4166666666666667,0.27524094128159016,0.1996230113443496,0.09578464408619825,0.24682881584470118
Chinese,karthik_5_chain_of_thought,Zero-Shot,True,Zero-Shot Reasoning,False,"theia sleeveless sequind dress, silver",0.40219202762138356,0.0820971038573123,0.05456853678701019,0.04739878501170794,0.14656411331935348
Hindi,preamble4,Zero-Shot,False,Zero-Shot,True,"theia sleeveless sequind dress, silver",0.375,0.23145502494313785,0.098573017775554,0.06500593260343691,0.1925084938305322
Chinese,karthik_3_self_consistency,Zero-Shot,True,Zero-Shot Reasoning,False,"theia sleeveless sequind dress, silver",0.10416666666666666,0.014887283354385336,0.00822901995601097,0.005720251726917803,0.0332508054259952
Chinese,karthik_1_tree_of_thoughts,Zero-Shot,True,Zero-Shot Reasoning,False,"theia sleeveless sequind dress, silver",0.7054014374088451,0.6911494341909904,0.6734070949822775,0.6431870218238024,0.6782862471014788
Hindi,preamble1,Zero-Shot,False,Zero-Shot,True,"theia sleeveless sequind dress, silver",0.0,0.0,0.0,0.0,0.0
Hindi,preamble3,Zero-Shot,False,Zero-Shot,True,"theia sleeveless sequind dress, silver",0.375,0.23145502494313785,0.098573017775554,0.06500593260343691,0.1925084938305322
Chinese,karthik_4_meta_prompt,Zero-Shot,True,Zero-Shot Reasoning,False,"theia sleeveless sequind dress, silver",0.12000000000000001,0.0989743318610787,0.07613339421722977,0.030526992108938653,0.08140867954681179
Hindi,preamble2,Zero-Shot,False,Zero-Shot,True,"theia sleeveless sequind dress, silver",0.2,0.14907119849998599,0.06705330284284157,0.0446323613785333,0.11518921568034021
Hindi,karthik_1_tree_of_thoughts,Zero-Shot,True,Zero-Shot Reasoning,False,yoga a way of life a begin's guide to yoga so much more than just a fitness routine,0.6071428571428571,0.3967460238079361,0.23303277050201615,0.08342293231587197,0.3300861459421703
Hindi,karthik_5_chain_of_thought,Zero-Shot,True,Zero-Shot Reasoning,False,"theia sleeveless sequind dress, silver",0.0909090909090909,0.03015113445777637,0.022461584318318094,0.018850319022747353,0.04059303217698318
Hindi,preamble6,Few-Shot,False,Few-Shot,True,"theia sleeveless sequind dress, silver",0.25,0.18898223650461357,0.08622792534209149,0.05873949094699214,0.1459874131984243
Spanish,preamble5,Zero-Shot,False,Zero-Shot,True,chandelier ceiling light with crystal droplets and chrome metal frame,0.7980538111748767,0.7929215790909236,0.7885241403968746,0.7807675336587018,0.7900667660803441
Spanish,preamble4,Zero-Shot,False,Zero-Shot,True,chandelier ceiling light with crystal droplets and chrome metal frame,0.8645582954394498,0.8619966356000875,0.8598373374036872,0.8559471626823624,0.8605848577813967
Spanish,preamble1,Zero-Shot,False,Zero-Shot,True,chandelier ceiling light with crystal droplets and chrome metal frame,0.8645582954394498,0.8619966356000875,0.8598373374036872,0.8559471626823624,0.8605848577813967
Spanish,preamble3,Zero-Shot,False,Zero-Shot,True,chandelier ceiling light with crystal droplets and chrome metal frame,0.8645582954394498,0.8619966356000875,0.8598373374036872,0.8559471626823624,0.8605848577813967
Hindi,preamble5,Zero-Shot,False,Zero-Shot,True,"theia sleeveless sequind dress, silver",0.03529411764705883,0.020498001542269696,0.00836438151713126,0.0049846282507060285,0.017285282239291454
Spanish,preamble2,Zero-Shot,False,Zero-Shot,True,chandelier ceiling light with crystal droplets and chrome metal frame,0.9333333333333333,0.8944271909999159,0.8791803553924225,0.8666415730847504,0.8933956132026055
Hindi,karthik_2_generate_knowledge,Zero-Shot,True,Zero-Shot Reasoning,False,"theia sleeveless sequind dress, silver",0.0,0.0,0.0,0.0,0.0
Spanish,karthik_5_chain_of_thought,Zero-Shot,True,Zero-Shot Reasoning,False,chandelier ceiling light with crystal droplets and chrome metal frame,0.9333333333333333,0.8944271909999159,0.8791803553924225,0.8666415730847504,0.8933956132026055
Spanish,karthik_2_generate_knowledge,Zero-Shot,True,Zero-Shot Reasoning,False,chandelier ceiling light with crystal droplets and chrome metal frame,0.8,0.7171371656006362,0.6840941262204715,0.6554913610595183,0.7141806632201565
Spanish,preamble6,Few-Shot,False,Few-Shot,True,chandelier ceiling light with crystal droplets and chrome metal frame,0.7980538111748767,0.7929215790909236,0.7885241403968746,0.7807675336587018,0.7900667660803441
Spanish,karthik_4_meta_prompt,Zero-Shot,True,Zero-Shot Reasoning,False,chandelier ceiling light with crystal droplets and chrome metal frame,0.9333333333333333,0.8944271909999159,0.8791803553924225,0.8666415730847504,0.8933956132026055
Spanish,karthik_3_self_consistency,Zero-Shot,True,Zero-Shot Reasoning,False,chandelier ceiling light with crystal droplets and chrome metal frame,0.1346153846153846,0.1252331656568385,0.12170720984312937,0.1137568255546543,0.1238281464175017
Hindi,preamble3,Zero-Shot,False,Zero-Shot,True,yoga a way of life a begin's guide to yoga so much more than just a fitness routine,0.06574394463667821,0.0399742804664218,0.023196053678929258,0.007899249731147029,0.034203382128294074
French,preamble4,Zero-Shot,False,Zero-Shot,True,chandelier ceiling light with crystal droplets and chrome metal frame,0.3333333333333333,0.20851441405707477,0.1610535225120186,0.1171291646655074,0.2050076086419835
French,preamble1,Zero-Shot,False,Zero-Shot,True,chandelier ceiling light with crystal droplets and chrome metal frame,0.4152547563801129,0.30796116960254716,0.25502118616645514,0.197674377662711,0.29397787245295653
French,preamble3,Zero-Shot,False,Zero-Shot,True,chandelier ceiling light with crystal droplets and chrome metal frame,0.45,0.3441236008058426,0.2738051610442039,0.21951524426618454,0.3218610015290577
French,preamble2,Zero-Shot,False,Zero-Shot,True,chandelier ceiling light with crystal droplets and chrome metal frame,0.4152547563801129,0.30796116960254716,0.25502118616645514,0.197674377662711,0.29397787245295653
Spanish,karthik_1_tree_of_thoughts,Zero-Shot,True,Zero-Shot Reasoning,False,chandelier ceiling light with crystal droplets and chrome metal frame,0.9333333333333333,0.8944271909999159,0.8791803553924225,0.8666415730847504,0.8933956132026055
French,preamble6,Few-Shot,False,Few-Shot,True,chandelier ceiling light with crystal droplets and chrome metal frame,0.3561388764008908,0.2344393091820821,0.16951261694963343,0.080902773682538,0.21024839405378606
French,karthik_2_generate_knowledge,Zero-Shot,True,Zero-Shot Reasoning,False,chandelier ceiling light with crystal droplets and chrome metal frame,0.5698222022414253,0.4688786183641642,0.38488575683566817,0.267768029597763,0.4228386517597552
Hindi,preamble5,Zero-Shot,False,Zero-Shot,True,yoga a way of life a begin's guide to yoga so much more than just a fitness routine,0.05357142857142857,0.03793721667942527,0.021315070403646344,0.007132512745003142,0.02998905709987583
French,karthik_5_chain_of_thought,Zero-Shot,True,Zero-Shot Reasoning,False,chandelier ceiling light with crystal droplets and chrome metal frame,0.5294117647058824,0.4067446084099803,0.32470747744544015,0.2204887282071633,0.3703381446921165
Hindi,karthik_1_tree_of_thoughts,Zero-Shot,True,Zero-Shot Reasoning,False,"theia sleeveless sequind dress, silver",0.11111111111111109,0.03726779962499649,0.028067124621919234,0.023980296761827107,0.050106583029963486
French,karthik_3_self_consistency,Zero-Shot,True,Zero-Shot Reasoning,False,chandelier ceiling light with crystal droplets and chrome metal frame,0.12790697674418605,0.109719203850422,0.0916715309811484,0.06446173332801432,0.09843986122594268
French,preamble5,Zero-Shot,False,Zero-Shot,True,chandelier ceiling light with crystal droplets and chrome metal frame,0.08108108108108107,0.06070834938872646,0.04808872141436314,0.031130920528447705,0.055252268103154596
Chinese,preamble4,Zero-Shot,False,Zero-Shot,True,chandelier ceiling light with crystal droplets and chrome metal frame,0.5,0.3333333333333333,0.24382614716244752,0.1186840521952098,0.2989608831727476
French,karthik_4_meta_prompt,Zero-Shot,True,Zero-Shot Reasoning,False,chandelier ceiling light with crystal droplets and chrome metal frame,0.3181818181818182,0.21320071635561041,0.16865550266337087,0.12436722085116984,0.20610131451299232
Chinese,preamble1,Zero-Shot,False,Zero-Shot,True,chandelier ceiling light with crystal droplets and chrome metal frame,0.5,0.3333333333333333,0.24382614716244752,0.1186840521952098,0.2989608831727476
Hindi,karthik_4_meta_prompt,Zero-Shot,True,Zero-Shot Reasoning,False,"theia sleeveless sequind dress, silver",0.0909090909090909,0.03015113445777637,0.022461584318318094,0.018850319022747353,0.04059303217698318
Chinese,preamble3,Zero-Shot,False,Zero-Shot,True,chandelier ceiling light with crystal droplets and chrome metal frame,0.5,0.3333333333333333,0.24382614716244752,0.1186840521952098,0.2989608831727476
French,karthik_1_tree_of_thoughts,Zero-Shot,True,Zero-Shot Reasoning,False,chandelier ceiling light with crystal droplets and chrome metal frame,0.7142857142857143,0.6201736729460422,0.5077018911399525,0.32857020447977725,0.5426828707128716
Chinese,preamble6,Few-Shot,False,Few-Shot,True,chandelier ceiling light with crystal droplets and chrome metal frame,0.5454545454545454,0.40451991747794525,0.33498102801830926,0.2596535889340338,0.38615226997120844
Chinese,preamble2,Zero-Shot,False,Zero-Shot,True,chandelier ceiling light with crystal droplets and chrome metal frame,0.5,0.3333333333333333,0.24382614716244752,0.1186840521952098,0.2989608831727476
Hindi,karthik_3_self_consistency,Zero-Shot,True,Zero-Shot Reasoning,False,"theia sleeveless sequind dress, silver",0.007194244604316549,0.002283247846328913,0.0016654332470920992,0.0012933368729412665,0.003109065642669707
Hindi,preamble4,Zero-Shot,False,Zero-Shot,True,yoga a way of life a begin's guide to yoga so much more than just a fitness routine,0.043478260869565216,0.029864054671577652,0.017308312176776287,0.0058632249015934754,0.024128463154878158
Chinese,karthik_2_generate_knowledge,Zero-Shot,True,Zero-Shot Reasoning,False,chandelier ceiling light with crystal droplets and chrome metal frame,0.42857142857142855,0.25677629550654774,0.17954629261351382,0.08406863224415036,0.23724066223391013
Chinese,karthik_5_chain_of_thought,Zero-Shot,True,Zero-Shot Reasoning,False,chandelier ceiling light with crystal droplets and chrome metal frame,0.5454545454545454,0.33028912953790823,0.10903607180699514,0.06238986072117501,0.26179240188015596
Hindi,preamble4,Zero-Shot,False,Zero-Shot,True,chandelier ceiling light with crystal droplets and chrome metal frame,0.378978599125082,0.17775671939720908,0.06809854834079701,0.04179252131328987,0.1666565970440945
Hindi,preamble5,Zero-Shot,False,Zero-Shot,True,chandelier ceiling light with crystal droplets and chrome metal frame,0.46002220731466165,0.3923082565559,0.3523214784252851,0.30527785817943404,0.3774824501188202
Chinese,karthik_3_self_consistency,Zero-Shot,True,Zero-Shot Reasoning,False,chandelier ceiling light with crystal droplets and chrome metal frame,0.14285714285714285,0.06482037235521643,0.02424487805138157,0.014123416972389431,0.061511452559032564
Chinese,preamble5,Zero-Shot,False,Zero-Shot,True,chandelier ceiling light with crystal droplets and chrome metal frame,0.02803738317757009,0.016225344799846234,0.011247012109732474,0.004925410005273897,0.015108787523105674
Hindi,preamble1,Zero-Shot,False,Zero-Shot,True,chandelier ceiling light with crystal droplets and chrome metal frame,0.6923076923076923,0.5883484054145521,0.5046369354958183,0.44082318755867267,0.5565290551941838
Hindi,preamble3,Zero-Shot,False,Zero-Shot,True,chandelier ceiling light with crystal droplets and chrome metal frame,0.5384615384615384,0.47366546671567095,0.39774228567395,0.33260249505555045,0.4356179464766774
Hindi,preamble6,Few-Shot,False,Few-Shot,True,chandelier ceiling light with crystal droplets and chrome metal frame,0.5384615384615384,0.47366546671567095,0.39774228567395,0.33260249505555045,0.4356179464766774
Hindi,preamble2,Zero-Shot,False,Zero-Shot,True,chandelier ceiling light with crystal droplets and chrome metal frame,0.46002220731466165,0.3923082565559,0.3523214784252851,0.30527785817943404,0.3774824501188202
Spanish,preamble5,Zero-Shot,False,Zero-Shot,True,being a music manager is easy its like riding a bike,0.8461538461538461,0.7966275068156915,0.7413977502861777,0.7016035864257111,0.7714456724203567
Chinese,karthik_1_tree_of_thoughts,Zero-Shot,True,Zero-Shot Reasoning,False,chandelier ceiling light with crystal droplets and chrome metal frame,0.3571428571428572,0.165748386032949,0.06290812371521422,0.03798229226827674,0.1559454147898243
Spanish,preamble4,Zero-Shot,False,Zero-Shot,True,being a music manager is easy its like riding a bike,0.7142857142857143,0.5741692517632146,0.48252113480269265,0.3759663529467017,0.5367356134495809
Spanish,preamble1,Zero-Shot,False,Zero-Shot,True,being a music manager is easy its like riding a bike,0.7857142857142857,0.6953534953651154,0.6585795875629225,0.6262844962765469,0.6914829662297176
Chinese,karthik_4_meta_prompt,Zero-Shot,True,Zero-Shot Reasoning,False,chandelier ceiling light with crystal droplets and chrome metal frame,0.42857142857142855,0.3144854510165755,0.2580040100182615,0.19674979811155635,0.29945267192945546
Spanish,karthik_2_generate_knowledge,Zero-Shot,True,Zero-Shot Reasoning,False,being a music manager is easy its like riding a bike,0.7142857142857143,0.5741692517632146,0.48252113480269265,0.3759663529467017,0.5367356134495809
Spanish,preamble2,Zero-Shot,False,Zero-Shot,True,being a music manager is easy its like riding a bike,0.7142857142857143,0.5741692517632146,0.48252113480269265,0.3759663529467017,0.5367356134495809
Hindi,karthik_5_chain_of_thought,Zero-Shot,True,Zero-Shot Reasoning,False,chandelier ceiling light with crystal droplets and chrome metal frame,0.7857142857142857,0.7375337578416624,0.6846815074766505,0.6450001140844255,0.713232416279256
Spanish,preamble6,Few-Shot,False,Few-Shot,True,being a music manager is easy its like riding a bike,0.6666666666666666,0.5504818825631803,0.453252714669103,0.37700638045494705,0.5118519110884743
Spanish,karthik_5_chain_of_thought,Zero-Shot,True,Zero-Shot Reasoning,False,being a music manager is easy its like riding a bike,0.7142857142857143,0.5741692517632146,0.48252113480269265,0.3759663529467017,0.5367356134495809
Spanish,karthik_3_self_consistency,Zero-Shot,True,Zero-Shot Reasoning,False,being a music manager is easy its like riding a bike,0.16417910447761194,0.11152493418636764,0.08520284770429411,0.05472590709519809,0.10390819836586794
French,preamble4,Zero-Shot,False,Zero-Shot,True,being a music manager is easy its like riding a bike,0.7857142857142857,0.7375337578416624,0.7155268590282667,0.6930977286178778,0.7329681578005232
French,karthik_4_meta_prompt,Zero-Shot,True,Zero-Shot Reasoning,False,being a music manager is easy its like riding a bike,0.7333333333333333,0.6473388749701496,0.5814809896495694,0.5328009719875519,0.6237385424851511
French,karthik_5_chain_of_thought,Zero-Shot,True,Zero-Shot Reasoning,False,being a music manager is easy its like riding a bike,0.8433740467435463,0.7967818356789772,0.7438088875325772,0.7076618839098693,0.7729066634662425
French,preamble1,Zero-Shot,False,Zero-Shot,True,being a music manager is easy its like riding a bike,0.8433740467435463,0.7967818356789772,0.7438088875325772,0.7076618839098693,0.7729066634662425
French,preamble3,Zero-Shot,False,Zero-Shot,True,being a music manager is easy its like riding a bike,0.7857142857142857,0.7375337578416624,0.7155268590282667,0.6930977286178778,0.7329681578005232
French,preamble5,Zero-Shot,False,Zero-Shot,True,being a music manager is easy its like riding a bike,0.13580246913580246,0.1090078715019366,0.09314624430973487,0.0788054049863045,0.10419049748344461
Spanish,karthik_1_tree_of_thoughts,Zero-Shot,True,Zero-Shot Reasoning,False,being a music manager is easy its like riding a bike,0.7142857142857143,0.5741692517632146,0.48252113480269265,0.3759663529467017,0.5367356134495809
French,karthik_2_generate_knowledge,Zero-Shot,True,Zero-Shot Reasoning,False,being a music manager is easy its like riding a bike,0.8433740467435463,0.7967818356789772,0.7438088875325772,0.7076618839098693,0.7729066634662425
French,preamble6,Few-Shot,False,Few-Shot,True,being a music manager is easy its like riding a bike,0.7857142857142857,0.7375337578416624,0.7155268590282667,0.6930977286178778,0.7329681578005232
Spanish,preamble3,Zero-Shot,False,Zero-Shot,True,being a music manager is easy its like riding a bike,0.058139534883720936,0.036878030317345295,0.020797855150354105,0.008294686034363383,0.03102752659644593
Hindi,preamble2,Zero-Shot,False,Zero-Shot,True,yoga a way of life a begin's guide to yoga so much more than just a fitness routine,0.040268456375838924,0.03004796478630589,0.02089675900555753,0.013827519585698701,0.026260174938350263
Spanish,karthik_4_meta_prompt,Zero-Shot,True,Zero-Shot Reasoning,False,being a music manager is easy its like riding a bike,0.7692307692307693,0.6698641270570836,0.5917683736208046,0.49735673561245436,0.6320550013802779
Hindi,karthik_3_self_consistency,Zero-Shot,True,Zero-Shot Reasoning,False,chandelier ceiling light with crystal droplets and chrome metal frame,0.6666666666666666,0.5773502691896257,0.5391859815249466,0.5031747626530138,0.5715944200085631
Chinese,karthik_5_chain_of_thought,Zero-Shot,True,Zero-Shot Reasoning,False,being a music manager is easy its like riding a bike,0.8333333333333334,0.8257228238447705,0.8187104363805253,0.8070557274927982,0.8212055802628568
Chinese,preamble4,Zero-Shot,False,Zero-Shot,True,being a music manager is easy its like riding a bike,0.13846153846153847,0.12306189812135503,0.10873248217129794,0.08732760703856507,0.11439588144818913
Chinese,preamble1,Zero-Shot,False,Zero-Shot,True,being a music manager is easy its like riding a bike,0.11111111111111109,0.08845748207237919,0.07135303968906047,0.05583651656864801,0.0816895373602997
Chinese,karthik_2_generate_knowledge,Zero-Shot,True,Zero-Shot Reasoning,False,being a music manager is easy its like riding a bike,0.8333333333333334,0.8257228238447705,0.8187104363805253,0.8070557274927982,0.8212055802628568
Chinese,preamble6,Few-Shot,False,Few-Shot,True,being a music manager is easy its like riding a bike,0.14516129032258066,0.12906530512820683,0.11402615159234782,0.09165934627753188,0.11997802333016679
Chinese,preamble2,Zero-Shot,False,Zero-Shot,True,being a music manager is easy its like riding a bike,0.169811320754717,0.1511926461685312,0.13355254987252677,0.10768447714617552,0.1405602484854876
Chinese,preamble5,Zero-Shot,False,Zero-Shot,True,being a music manager is easy its like riding a bike,0.04568527918781725,0.04039328055321349,0.03590150897852785,0.02836078793094782,0.0375852141626266
Chinese,preamble3,Zero-Shot,False,Zero-Shot,True,being a music manager is easy its like riding a bike,0.05263157894736841,0.04655300916738573,0.041333578815233356,0.0327112919833579,0.04330736472833635
French,karthik_3_self_consistency,Zero-Shot,True,Zero-Shot Reasoning,False,being a music manager is easy its like riding a bike,0.1643835616438356,0.12641888767038473,0.08989398967619926,0.05573104658939866,0.10910687139495456
Hindi,karthik_2_generate_knowledge,Zero-Shot,True,Zero-Shot Reasoning,False,chandelier ceiling light with crystal droplets and chrome metal frame,0.5555555555555556,0.5113099925649136,0.4646885198191247,0.42517688262127656,0.4891827376402176
French,karthik_1_tree_of_thoughts,Zero-Shot,True,Zero-Shot Reasoning,False,being a music manager is easy its like riding a bike,0.4666666666666667,0.25819888974716115,0.17550463005823083,0.08085298080223222,0.2453057918185727
Chinese,karthik_3_self_consistency,Zero-Shot,True,Zero-Shot Reasoning,False,being a music manager is easy its like riding a bike,0.8333333333333334,0.8257228238447705,0.8187104363805253,0.8070557274927982,0.8212055802628568
French,preamble2,Zero-Shot,False,Zero-Shot,True,being a music manager is easy its like riding a bike,0.06508875739644972,0.04401324117471765,0.033784585161260816,0.025446224157393043,0.042083201972455304
Hindi,karthik_4_meta_prompt,Zero-Shot,True,Zero-Shot Reasoning,False,chandelier ceiling light with crystal droplets and chrome metal frame,0.46153846153846156,0.2773500981126146,0.09093668274313285,0.051424016050282635,0.2203123146111229
Hindi,preamble4,Zero-Shot,False,Zero-Shot,True,being a music manager is easy its like riding a bike,0.6666666666666666,0.6513389472789296,0.6366526692301232,0.6132297420585351,0.6419720063085637
Hindi,karthik_1_tree_of_thoughts,Zero-Shot,True,Zero-Shot Reasoning,False,chandelier ceiling light with crystal droplets and chrome metal frame,0.38335183942888473,0.17906340134265866,0.06834071171254902,0.04167227247694064,0.16810705624025826
Chinese,karthik_4_meta_prompt,Zero-Shot,True,Zero-Shot Reasoning,False,being a music manager is easy its like riding a bike,0.6640732482052818,0.6031744815226179,0.5314329458465943,0.42846977766678973,0.5567876133103209
Hindi,preamble6,Few-Shot,False,Few-Shot,True,being a music manager is easy its like riding a bike,0.5,0.4264014327112209,0.33498102801830926,0.2521193618434983,0.3783754556432571
Hindi,preamble2,Zero-Shot,False,Zero-Shot,True,being a music manager is easy its like riding a bike,0.14285714285714285,0.1270001270001905,0.11916310460413015,0.10722896644776936,0.12406233522730822
Hindi,preamble1,Zero-Shot,False,Zero-Shot,True,being a music manager is easy its like riding a bike,0.10126582278481011,0.09533078440381715,0.09131494528339185,0.08261726571888744,0.09263220454772664
Chinese,karthik_1_tree_of_thoughts,Zero-Shot,True,Zero-Shot Reasoning,False,being a music manager is easy its like riding a bike,0.3333333333333333,0.29957234475763905,0.2653572958947468,0.21763856889707553,0.27897538572069863
Spanish,preamble4,Zero-Shot,False,Zero-Shot,True,2013 subarund wagon,0.3333333333333333,0.12909944487358058,0.12111838948674812,0.11362193664674995,0.17429327608510298
Spanish,karthik_5_chain_of_thought,Zero-Shot,True,Zero-Shot Reasoning,False,2013 subarund wagon,0.2,0.07071067811865477,0.05665132701906204,0.05372849659117709,0.09527262543222348
Hindi,preamble3,Zero-Shot,False,Zero-Shot,True,being a music manager is easy its like riding a bike,0.09574468085106382,0.09075297008134849,0.08770422783402762,0.08017434881972997,0.08859405689654247
Spanish,karthik_2_generate_knowledge,Zero-Shot,True,Zero-Shot Reasoning,False,2013 subarund wagon,0.10000000000000002,0.03333333333333335,0.024950558772614845,0.021105340631872645,0.04484730818445521
Hindi,preamble5,Zero-Shot,False,Zero-Shot,True,being a music manager is easy its like riding a bike,0.11842105263157891,0.08885233166386386,0.07026272252307948,0.05441687302591402,0.08298824496110907
Spanish,preamble6,Few-Shot,False,Few-Shot,True,2013 subarund wagon,0.3333333333333333,0.12909944487358058,0.12111838948674812,0.11362193664674995,0.17429327608510298
Hindi,karthik_2_generate_knowledge,Zero-Shot,True,Zero-Shot Reasoning,False,being a music manager is easy its like riding a bike,0.12987012987012986,0.1169210844387335,0.11089741099023506,0.1008522273574676,0.11463521316414149
Hindi,karthik_1_tree_of_thoughts,Zero-Shot,True,Zero-Shot Reasoning,False,being a music manager is easy its like riding a bike,0.7272727272727273,0.6030226891555273,0.49839100664976926,0.4172261448611506,0.5614781419847936
Spanish,karthik_4_meta_prompt,Zero-Shot,True,Zero-Shot Reasoning,False,2013 subarund wagon,0.07142857142857141,0.023440361546924773,0.017300021018422027,0.01428363257865929,0.03161314664314437
Spanish,karthik_3_self_consistency,Zero-Shot,True,Zero-Shot Reasoning,False,2013 subarund wagon,0.028571428571428577,0.009166984970282115,0.0066674520730704906,0.005311256555131655,0.012429280542478209
French,karthik_2_generate_knowledge,Zero-Shot,True,Zero-Shot Reasoning,False,2013 subarund wagon,0.2,0.07071067811865477,0.05665132701906204,0.05372849659117709,0.09527262543222348
Spanish,preamble3,Zero-Shot,False,Zero-Shot,True,2013 subarund wagon,0.005952380952380954,0.0018879353726983343,0.001378846218822426,0.0010680597618034848,0.0025718055764263
French,karthik_5_chain_of_thought,Zero-Shot,True,Zero-Shot Reasoning,False,2013 subarund wagon,0.07142857142857141,0.023440361546924773,0.017300021018422027,0.01428363257865929,0.03161314664314437
Spanish,karthik_1_tree_of_thoughts,Zero-Shot,True,Zero-Shot Reasoning,False,2013 subarund wagon,0.023255813953488372,0.007441168295606795,0.005408346040006841,0.004286566854494811,0.010097973785899205
French,karthik_4_meta_prompt,Zero-Shot,True,Zero-Shot Reasoning,False,2013 subarund wagon,0.08333333333333333,0.027524094128159027,0.020427282860665447,0.017033186037639283,0.03707947408994927
Hindi,karthik_5_chain_of_thought,Zero-Shot,True,Zero-Shot Reasoning,False,being a music manager is easy its like riding a bike,0.9090909090909091,0.9045340337332909,0.9002437389487007,0.8931539818068694,0.9017556658949425
French,preamble6,Few-Shot,False,Few-Shot,True,2013 subarund wagon,0.25,0.09128709291752769,0.07665320007195604,0.08034284189446518,0.12457078372098722
Hindi,karthik_4_meta_prompt,Zero-Shot,True,Zero-Shot Reasoning,False,being a music manager is easy its like riding a bike,0.8333333333333334,0.8257228238447705,0.8187104363805253,0.8070557274927982,0.8212055802628568
French,karthik_3_self_consistency,Zero-Shot,True,Zero-Shot Reasoning,False,2013 subarund wagon,0.01724137931034483,0.0054998212587135924,0.003996943515069162,0.003148013662646501,0.007471539436693522
Hindi,karthik_3_self_consistency,Zero-Shot,True,Zero-Shot Reasoning,False,being a music manager is easy its like riding a bike,0.18644067796610173,0.17008953533131504,0.16249058634810867,0.15009633344771775,0.1672792832733108
Spanish,preamble5,Zero-Shot,False,Zero-Shot,True,2013 subarund wagon,0.003389830508474575,0.0010737800400040414,0.0007876582042419016,0.0006058917589234542,0.001464290127910993
Spanish,preamble2,Zero-Shot,False,Zero-Shot,True,2013 subarund wagon,0.003952569169960474,0.0012523896475735473,0.0009175203839451291,0.000707076334678469,0.0017073888840394048
French,karthik_1_tree_of_thoughts,Zero-Shot,True,Zero-Shot Reasoning,False,2013 subarund wagon,0.3333333333333333,0.12909944487358058,0.12111838948674812,0.11362193664674995,0.17429327608510298
Spanish,preamble1,Zero-Shot,False,Zero-Shot,True,2013 subarund wagon,0.0031746031746031746,0.001005494962344603,0.0007379740693106728,0.0005672378688009119,0.0013713275187648406
Chinese,karthik_2_generate_knowledge,Zero-Shot,True,Zero-Shot Reasoning,False,2013 subarund wagon,0.23076923076923078,0.1386750490563073,0.057551852907951895,0.036362270465000714,0.11583960079962267
Chinese,karthik_4_meta_prompt,Zero-Shot,True,Zero-Shot Reasoning,False,2013 subarund wagon,0.75,0.49999999999999994,0.23549424823785386,0.1880301546543197,0.4183811007230434
Chinese,preamble6,Few-Shot,False,Few-Shot,True,2013 subarund wagon,0.6,0.3872983346207417,0.17404441896107775,0.12574334296829354,0.32177152413752824
Chinese,karthik_3_self_consistency,Zero-Shot,True,Zero-Shot Reasoning,False,2013 subarund wagon,0.7165313105737893,0.5066641486392106,0.26662156551470545,0.19053627645285995,0.42008832529514134
Chinese,karthik_5_chain_of_thought,Zero-Shot,True,Zero-Shot Reasoning,False,2013 subarund wagon,1.0,1.0,1.0,1.0,1.0
French,preamble3,Zero-Shot,False,Zero-Shot,True,2013 subarund wagon,0.00558659217877095,0.0017715910735533154,0.0012944602570308494,0.0010018674297796657,0.002413627734783695
French,preamble4,Zero-Shot,False,Zero-Shot,True,2013 subarund wagon,0.006849315068493151,0.0015341826874210676,0.001000201570004656,0.0007279718378857384,0.0025279177909511533
Chinese,preamble4,Zero-Shot,False,Zero-Shot,True,2013 subarund wagon,0.01785714285714285,0.010340647907388001,0.004236096515636422,0.0024996308004111073,0.008733379520144595
Hindi,preamble5,Zero-Shot,False,Zero-Shot,True,2013 subarund wagon,0.04444444444444445,0.010050378152592123,0.006492258377278723,0.004863083928997274,0.016462541225828145
Hindi,karthik_5_chain_of_thought,Zero-Shot,True,Zero-Shot Reasoning,False,2013 subarund wagon,0.6666666666666666,0.18257418583505536,0.1522474354853864,0.13512001548070346,0.28415207586695296
French,preamble1,Zero-Shot,False,Zero-Shot,True,2013 subarund wagon,0.003058103975535168,0.000968539469589078,0.0007110758424111587,0.0005463256221913307,0.0013210112274316837
French,preamble5,Zero-Shot,False,Zero-Shot,True,2013 subarund wagon,0.005555555555555555,0.0012439889514367932,0.0008124516153409267,0.0005898892080669875,0.0020504713326000654
Hindi,preamble4,Zero-Shot,False,Zero-Shot,True,2013 subarund wagon,0.05128205128205127,0.011616917255955381,0.007506775405141993,0.005641822153183602,0.019011891524083065
Chinese,karthik_1_tree_of_thoughts,Zero-Shot,True,Zero-Shot Reasoning,False,2013 subarund wagon,0.75,0.49999999999999994,0.23549424823785386,0.1880301546543197,0.4183811007230434
Hindi,preamble6,Few-Shot,False,Few-Shot,True,2013 subarund wagon,0.6666666666666666,0.18257418583505536,0.1522474354853864,0.13512001548070346,0.28415207586695296
Hindi,preamble3,Zero-Shot,False,Zero-Shot,True,2013 subarund wagon,0.03174603174603174,0.0071556465123515265,0.00462284587282868,0.003439174150102313,0.011740924570328564
Hindi,karthik_2_generate_knowledge,Zero-Shot,True,Zero-Shot Reasoning,False,2013 subarund wagon,0.16666666666666669,0.03892494720807617,0.025677367760996977,0.020255986027125642,0.06288124191571637
Hindi,karthik_1_tree_of_thoughts,Zero-Shot,True,Zero-Shot Reasoning,False,2013 subarund wagon,0.6666666666666666,0.18257418583505536,0.1522474354853864,0.13512001548070346,0.28415207586695296
French,preamble2,Zero-Shot,False,Zero-Shot,True,2013 subarund wagon,0.005319148936170213,0.0011909826683508267,0.0007781260640743837,0.0005646867692765038,0.0019632361094679817
Spanish,preamble5,Zero-Shot,False,Zero-Shot,True,anubone's character likeness is depicted in a pin up version of the vampire,0.9355069850316178,0.9014770874022858,0.8639415651303817,0.8196501312471536,0.8801439422028596
Chinese,preamble5,Zero-Shot,False,Zero-Shot,True,2013 subarund wagon,0.007957559681697614,0.004600404608043342,0.0018967717000286668,0.001108338188571835,0.003890768544585365
Spanish,preamble4,Zero-Shot,False,Zero-Shot,True,anubone's character likeness is depicted in a pin up version of the vampire,0.9355069850316178,0.9014770874022858,0.8639415651303817,0.8196501312471536,0.8801439422028596
Hindi,karthik_3_self_consistency,Zero-Shot,True,Zero-Shot Reasoning,False,2013 subarund wagon,0.16666666666666669,0.03892494720807617,0.025677367760996977,0.020255986027125642,0.06288124191571637
Chinese,preamble1,Zero-Shot,False,Zero-Shot,True,2013 subarund wagon,0.008720930232558136,0.005042365771446552,0.002077351813218307,0.0012151280654868048,0.00426394397067745
Chinese,preamble3,Zero-Shot,False,Zero-Shot,True,2013 subarund wagon,0.008498583569405097,0.004913624255289938,0.0020247617778602744,0.001184014936929274,0.004155246134871145
Spanish,preamble1,Zero-Shot,False,Zero-Shot,True,anubone's character likeness is depicted in a pin up version of the vampire,0.8731398526961766,0.8011203201131285,0.7194736527088662,0.6160362085721387,0.7524425085225774
Chinese,preamble2,Zero-Shot,False,Zero-Shot,True,2013 subarund wagon,0.012779552715654946,0.006400008192015729,0.0025088125952492358,0.0014356869217105844,0.005781015106157624
Spanish,preamble2,Zero-Shot,False,Zero-Shot,True,anubone's character likeness is depicted in a pin up version of the vampire,0.9355069850316178,0.9014770874022858,0.8639415651303817,0.8196501312471536,0.8801439422028596
Spanish,preamble6,Few-Shot,False,Few-Shot,True,anubone's character likeness is depicted in a pin up version of the vampire,0.6470588235294118,0.5320603680919278,0.4588642116262299,0.37709297891717664,0.5037690955411867
Spanish,karthik_5_chain_of_thought,Zero-Shot,True,Zero-Shot Reasoning,False,anubone's character likeness is depicted in a pin up version of the vampire,0.6875,0.6055300708194984,0.5112665995499639,0.3767471803151817,0.545260962671161
French,preamble5,Zero-Shot,False,Zero-Shot,True,anubone's character likeness is depicted in a pin up version of the vampire,1.0,1.0,1.0,1.0,1.0
Spanish,preamble3,Zero-Shot,False,Zero-Shot,True,anubone's character likeness is depicted in a pin up version of the vampire,0.26229508196721313,0.25607375986579195,0.23377570417521035,0.2086994653230221,0.24021100283280936
Hindi,karthik_4_meta_prompt,Zero-Shot,True,Zero-Shot Reasoning,False,2013 subarund wagon,0.6666666666666666,0.18257418583505536,0.1522474354853864,0.13512001548070346,0.28415207586695296
Spanish,karthik_2_generate_knowledge,Zero-Shot,True,Zero-Shot Reasoning,False,anubone's character likeness is depicted in a pin up version of the vampire,0.8823529411764706,0.8134892168199607,0.7633471225725459,0.708587641194393,0.7919442304408426
French,preamble4,Zero-Shot,False,Zero-Shot,True,anubone's character likeness is depicted in a pin up version of the vampire,1.0,1.0,1.0,1.0,1.0
Spanish,karthik_4_meta_prompt,Zero-Shot,True,Zero-Shot Reasoning,False,anubone's character likeness is depicted in a pin up version of the vampire,0.9355069850316178,0.9014770874022858,0.8639415651303817,0.8196501312471536,0.8801439422028596
French,preamble1,Zero-Shot,False,Zero-Shot,True,anubone's character likeness is depicted in a pin up version of the vampire,0.7054014374088451,0.6589851290793678,0.6062305210214283,0.5367088830805397,0.6268314926475452
French,preamble3,Zero-Shot,False,Zero-Shot,True,anubone's character likeness is depicted in a pin up version of the vampire,1.0,1.0,1.0,1.0,1.0
Spanish,karthik_3_self_consistency,Zero-Shot,True,Zero-Shot Reasoning,False,anubone's character likeness is depicted in a pin up version of the vampire,0.18518518518518515,0.16666666666666669,0.15495415805099375,0.13780546727768775,0.16115286929513334
French,preamble6,Few-Shot,False,Few-Shot,True,anubone's character likeness is depicted in a pin up version of the vampire,0.9285714285714286,0.8864052604279183,0.8398612640265466,0.7825422900366437,0.8593450607656343
French,karthik_2_generate_knowledge,Zero-Shot,True,Zero-Shot Reasoning,False,anubone's character likeness is depicted in a pin up version of the vampire,1.0,1.0,1.0,1.0,1.0
Spanish,karthik_1_tree_of_thoughts,Zero-Shot,True,Zero-Shot Reasoning,False,anubone's character likeness is depicted in a pin up version of the vampire,0.8823529411764706,0.8134892168199607,0.7633471225725459,0.708587641194393,0.7919442304408426
French,karthik_5_chain_of_thought,Zero-Shot,True,Zero-Shot Reasoning,False,anubone's character likeness is depicted in a pin up version of the vampire,1.0,1.0,1.0,1.0,1.0
Chinese,karthik_2_generate_knowledge,Zero-Shot,True,Zero-Shot Reasoning,False,anubone's character likeness is depicted in a pin up version of the vampire,0.4375,0.3415650255319866,0.2589465250642332,0.1892240568795935,0.3068089018689533
French,preamble2,Zero-Shot,False,Zero-Shot,True,anubone's character likeness is depicted in a pin up version of the vampire,0.13861386138613863,0.13423785598778767,0.13242430480220171,0.12513121709692082,0.1326018098182622
Chinese,preamble1,Zero-Shot,False,Zero-Shot,True,anubone's character likeness is depicted in a pin up version of the vampire,0.075,0.030811801125666036,0.011172800854335587,0.006305393737187353,0.030822498929297244
French,karthik_4_meta_prompt,Zero-Shot,True,Zero-Shot Reasoning,False,anubone's character likeness is depicted in a pin up version of the vampire,1.0,1.0,1.0,1.0,1.0
French,karthik_3_self_consistency,Zero-Shot,True,Zero-Shot Reasoning,False,anubone's character likeness is depicted in a pin up version of the vampire,0.2153846153846154,0.2091650066335189,0.206001408030155,0.19608977012647885,0.20666020004369204
Chinese,karthik_5_chain_of_thought,Zero-Shot,True,Zero-Shot Reasoning,False,anubone's character likeness is depicted in a pin up version of the vampire,0.38461538461538464,0.25318484177091666,0.0856267176533527,0.04913270548144422,0.19313991238027456
Chinese,karthik_3_self_consistency,Zero-Shot,True,Zero-Shot Reasoning,False,anubone's character likeness is depicted in a pin up version of the vampire,0.08823529411764706,0.06609148104869682,0.04577579737599993,0.030649362260451053,0.05768798370069872
Chinese,karthik_4_meta_prompt,Zero-Shot,True,Zero-Shot Reasoning,False,anubone's character likeness is depicted in a pin up version of the vampire,0.5333333333333333,0.4364357804719848,0.3119507414338617,0.22229849552064015,0.376004587689955
Chinese,preamble6,Few-Shot,False,Few-Shot,True,anubone's character likeness is depicted in a pin up version of the vampire,0.1836734693877551,0.12371791482634836,0.07066644068409597,0.02900697051073635,0.10176619885223397
French,karthik_1_tree_of_thoughts,Zero-Shot,True,Zero-Shot Reasoning,False,anubone's character likeness is depicted in a pin up version of the vampire,0.2952290954631342,0.24447291707388596,0.21283212983623892,0.17267606045625936,0.23130255070737962
Hindi,preamble4,Zero-Shot,False,Zero-Shot,True,anubone's character likeness is depicted in a pin up version of the vampire,0.5367694950537757,0.3522979888797809,0.20074386901461247,0.08536297264022483,0.29379358139709844
Chinese,preamble5,Zero-Shot,False,Zero-Shot,True,anubone's character likeness is depicted in a pin up version of the vampire,0.025,0.017714613497921795,0.0053657262725361745,0.002731080584662686,0.012702855088780165
Chinese,preamble2,Zero-Shot,False,Zero-Shot,True,anubone's character likeness is depicted in a pin up version of the vampire,0.04895104895104895,0.032158623890258725,0.009453094818608674,0.0047842288005365665,0.023836749115113232
Chinese,karthik_1_tree_of_thoughts,Zero-Shot,True,Zero-Shot Reasoning,False,anubone's character likeness is depicted in a pin up version of the vampire,0.04615384615384616,0.026750018808613586,0.008642802931219913,0.0045804550250247425,0.0215317807296761
Hindi,preamble3,Zero-Shot,False,Zero-Shot,True,anubone's character likeness is depicted in a pin up version of the vampire,0.14516129032258066,0.08449307576322568,0.05068880193086332,0.02119140464939311,0.07538364316651569
Hindi,preamble1,Zero-Shot,False,Zero-Shot,True,2013 subarund wagon,0.00947867298578199,0.002124536138255437,0.0013814845956387181,0.0010094380152120635,0.003498532933722052
Hindi,preamble2,Zero-Shot,False,Zero-Shot,True,anubone's character likeness is depicted in a pin up version of the vampire,0.5367694950537757,0.3522979888797809,0.20074386901461247,0.08536297264022483,0.29379358139709844
Hindi,karthik_5_chain_of_thought,Zero-Shot,True,Zero-Shot Reasoning,False,anubone's character likeness is depicted in a pin up version of the vampire,0.4294155960430205,0.22281281199135589,0.06939402646060984,0.03817548191699948,0.18994947910299642
Hindi,preamble1,Zero-Shot,False,Zero-Shot,True,anubone's character likeness is depicted in a pin up version of the vampire,0.2631578947368421,0.20565318641515562,0.15959151820353032,0.12089307488372394,0.18732391855981298
Hindi,preamble6,Few-Shot,False,Few-Shot,True,anubone's character likeness is depicted in a pin up version of the vampire,0.4830925455483981,0.28944233320974033,0.1763244489481469,0.07737407561412428,0.2565583508301024
Hindi,karthik_3_self_consistency,Zero-Shot,True,Zero-Shot Reasoning,False,anubone's character likeness is depicted in a pin up version of the vampire,0.5909090909090909,0.47445571459117775,0.3594421874782184,0.2623762003935851,0.42179579834301806
Hindi,karthik_2_generate_knowledge,Zero-Shot,True,Zero-Shot Reasoning,False,anubone's character likeness is depicted in a pin up version of the vampire,0.7095666526675843,0.538954562044684,0.3829491444671041,0.24736929544091937,0.4697099136550729
Chinese,preamble3,Zero-Shot,False,Zero-Shot,True,anubone's character likeness is depicted in a pin up version of the vampire,0.02061855670103093,0.00843199095011761,0.0030833128923066886,0.0017095920250239152,0.008460863142119787
Spanish,preamble1,Zero-Shot,False,Zero-Shot,True,a collection of concept artwork for transformers the last knight,0.5454545454545454,0.5222329678670935,0.49839100664976926,0.4617366309441026,0.5069537877288777
Spanish,preamble4,Zero-Shot,False,Zero-Shot,True,a collection of concept artwork for transformers the last knight,0.19230769230769232,0.17541160386140583,0.15960952133871462,0.13523285066501545,0.16564041704320706
Hindi,preamble5,Zero-Shot,False,Zero-Shot,True,anubone's character likeness is depicted in a pin up version of the vampire,0.11428571428571427,0.08119979429411503,0.05936356623476865,0.03704234131394545,0.07297285403213585
Chinese,preamble4,Zero-Shot,False,Zero-Shot,True,anubone's character likeness is depicted in a pin up version of the vampire,0.022598870056497175,0.011315428574863843,0.0035080339367448378,0.0017942091156702234,0.009804135420944018
Spanish,preamble6,Few-Shot,False,Few-Shot,True,a collection of concept artwork for transformers the last knight,0.36363636363636365,0.26967994498529685,0.20392012162530065,0.10025157431478134,0.2343720011404356
Spanish,preamble2,Zero-Shot,False,Zero-Shot,True,a collection of concept artwork for transformers the last knight,0.19230769230769232,0.17541160386140583,0.15960952133871462,0.13523285066501545,0.16564041704320706
Spanish,karthik_5_chain_of_thought,Zero-Shot,True,Zero-Shot Reasoning,False,a collection of concept artwork for transformers the last knight,0.4166666666666667,0.3892494720807615,0.3605790708802296,0.31702331385234306,0.3708796308700002
French,karthik_5_chain_of_thought,Zero-Shot,True,Zero-Shot Reasoning,False,a collection of concept artwork for transformers the last knight,0.7272727272727273,0.6605782590758164,0.5820091216337574,0.5193071778680676,0.6222918214625921
Hindi,preamble2,Zero-Shot,False,Zero-Shot,True,2013 subarund wagon,0.008620689655172415,0.0019318126937217341,0.0012570910207999246,0.000917469589749598,0.0031817657398609182
Spanish,karthik_4_meta_prompt,Zero-Shot,True,Zero-Shot Reasoning,False,a collection of concept artwork for transformers the last knight,0.45454545454545453,0.4264014327112209,0.3964882289652318,0.3508439695638686,0.40706977144644396
Spanish,karthik_2_generate_knowledge,Zero-Shot,True,Zero-Shot Reasoning,False,a collection of concept artwork for transformers the last knight,0.3571428571428572,0.33149677206589795,0.3053771540532653,0.26584835766658776,0.31496628523215203
Spanish,karthik_3_self_consistency,Zero-Shot,True,Zero-Shot Reasoning,False,a collection of concept artwork for transformers the last knight,0.12903225806451615,0.10284169677447054,0.0829262058619692,0.06506862264367298,0.09496719583615722
French,preamble1,Zero-Shot,False,Zero-Shot,True,a collection of concept artwork for transformers the last knight,0.4166666666666667,0.27524094128159016,0.09337069741532533,0.053863663688318665,0.20978549226297522
French,preamble6,Few-Shot,False,Few-Shot,True,a collection of concept artwork for transformers the last knight,0.36193496721438384,0.2697703967085066,0.2049606660441659,0.10156297514737136,0.2345572512786069
French,karthik_2_generate_knowledge,Zero-Shot,True,Zero-Shot Reasoning,False,a collection of concept artwork for transformers the last knight,0.4166666666666667,0.337099931231621,0.22820266830716382,0.10600313379512592,0.27199310000014437
Spanish,karthik_1_tree_of_thoughts,Zero-Shot,True,Zero-Shot Reasoning,False,a collection of concept artwork for transformers the last knight,0.07999999999999999,0.06575959492214294,0.05786373931789326,0.047136088232532104,0.06268985561814207
French,karthik_3_self_consistency,Zero-Shot,True,Zero-Shot Reasoning,False,a collection of concept artwork for transformers the last knight,0.45241870901797976,0.36939832906091624,0.25220921097920224,0.11884631831419354,0.29821814184307294
French,karthik_1_tree_of_thoughts,Zero-Shot,True,Zero-Shot Reasoning,False,a collection of concept artwork for transformers the last knight,0.4166666666666667,0.27524094128159016,0.09337069741532533,0.053863663688318665,0.20978549226297522
Spanish,preamble5,Zero-Shot,False,Zero-Shot,True,a collection of concept artwork for transformers the last knight,0.03305785123966942,0.02342387732366658,0.019767652700911773,0.015478002745961584,0.02293184600255234
Chinese,karthik_5_chain_of_thought,Zero-Shot,True,Zero-Shot Reasoning,False,a collection of concept artwork for transformers the last knight,0.7,0.3944053188733077,0.27245985926189253,0.12909944487358058,0.37399115575219516
Chinese,preamble1,Zero-Shot,False,Zero-Shot,True,a collection of concept artwork for transformers the last knight,0.7,0.3944053188733077,0.27245985926189253,0.12909944487358058,0.37399115575219516
Hindi,karthik_1_tree_of_thoughts,Zero-Shot,True,Zero-Shot Reasoning,False,anubone's character likeness is depicted in a pin up version of the vampire,0.5904464445591532,0.4525349604156768,0.3741896655996526,0.2893430220497435,0.42662852315605654
Chinese,karthik_2_generate_knowledge,Zero-Shot,True,Zero-Shot Reasoning,False,a collection of concept artwork for transformers the last knight,0.6363636363636364,0.35675303400633784,0.24528028241536293,0.11530568323789493,0.338425659005808
French,karthik_4_meta_prompt,Zero-Shot,True,Zero-Shot Reasoning,False,a collection of concept artwork for transformers the last knight,0.45454545454545453,0.3692744729379982,0.2509287951221701,0.11731175160264001,0.29801511855206575
Chinese,karthik_4_meta_prompt,Zero-Shot,True,Zero-Shot Reasoning,False,a collection of concept artwork for transformers the last knight,0.6666666666666666,0.408248290463863,0.29129144784395883,0.14113991930789777,0.37683658107059653
French,preamble4,Zero-Shot,False,Zero-Shot,True,a collection of concept artwork for transformers the last knight,0.04615384615384616,0.03448959433462749,0.02742143883581356,0.020949189307746335,0.032253517158008393
Chinese,preamble6,Few-Shot,False,Few-Shot,True,a collection of concept artwork for transformers the last knight,0.6666666666666666,0.408248290463863,0.29129144784395883,0.14113991930789777,0.37683658107059653
Chinese,karthik_3_self_consistency,Zero-Shot,True,Zero-Shot Reasoning,False,a collection of concept artwork for transformers the last knight,0.12962962962962962,0.06994057575518772,0.04690727139242296,0.020723887289296177,0.06680034101663412
Chinese,preamble2,Zero-Shot,False,Zero-Shot,True,a collection of concept artwork for transformers the last knight,0.09374999999999999,0.03857583749052298,0.013979089401129428,0.007920038643543535,0.038556241383798984
French,preamble3,Zero-Shot,False,Zero-Shot,True,a collection of concept artwork for transformers the last knight,0.037234042553191495,0.019955577016083217,0.006296557298298124,0.0032799028244657876,0.016691519923009657
Chinese,karthik_1_tree_of_thoughts,Zero-Shot,True,Zero-Shot Reasoning,False,a collection of concept artwork for transformers the last knight,0.625,0.2988071523335984,0.11667240223363196,0.07386099955930606,0.2785851385316341
Hindi,karthik_4_meta_prompt,Zero-Shot,True,Zero-Shot Reasoning,False,anubone's character likeness is depicted in a pin up version of the vampire,0.6842105263157895,0.5848976518656018,0.5237293691857784,0.4580519369844352,0.5627223710879012
Hindi,preamble1,Zero-Shot,False,Zero-Shot,True,a collection of concept artwork for transformers the last knight,0.5714285714285714,0.41931393468876726,0.24816819594503417,0.10743014571163138,0.33658521194350105
Spanish,preamble3,Zero-Shot,False,Zero-Shot,True,a collection of concept artwork for transformers the last knight,0.018518518518518517,0.013109752137242709,0.01111777244926141,0.008646764204020765,0.01284820182726085
French,preamble5,Zero-Shot,False,Zero-Shot,True,a collection of concept artwork for transformers the last knight,0.018126888217522667,0.01048140871214583,0.0034103764978424315,0.0017862506205851526,0.00845123101202402
Hindi,preamble2,Zero-Shot,False,Zero-Shot,True,a collection of concept artwork for transformers the last knight,0.5714285714285714,0.41931393468876726,0.24816819594503417,0.10743014571163138,0.33658521194350105
Hindi,karthik_5_chain_of_thought,Zero-Shot,True,Zero-Shot Reasoning,False,a collection of concept artwork for transformers the last knight,0.6923076923076923,0.6354889093022426,0.5715467758423892,0.48442732379638637,0.5959426753121776
Hindi,preamble6,Few-Shot,False,Few-Shot,True,a collection of concept artwork for transformers the last knight,0.75,0.6396021490668313,0.5502757071633727,0.4366835442847812,0.5941403501287463
Hindi,preamble4,Zero-Shot,False,Zero-Shot,True,a collection of concept artwork for transformers the last knight,0.14545454545454545,0.1037998592215364,0.06048933744589722,0.025005099034501932,0.08368721028912025
Chinese,preamble5,Zero-Shot,False,Zero-Shot,True,a collection of concept artwork for transformers the last knight,0.014970059880239516,0.0094821025912499,0.0031825959169492547,0.0016912616669898385,0.0073315050138571276
French,preamble2,Zero-Shot,False,Zero-Shot,True,a collection of concept artwork for transformers the last knight,0.015665796344647518,0.009056482548428332,0.002950448673983514,0.0015427751474997023,0.007303875678639766
Chinese,preamble3,Zero-Shot,False,Zero-Shot,True,a collection of concept artwork for transformers the last knight,0.017699115044247784,0.00723631437218152,0.0026494982307372363,0.0014664471586484443,0.0072628437014537455
Spanish,karthik_2_generate_knowledge,Zero-Shot,True,Zero-Shot Reasoning,False,"some of the different treatments of the antigen system, including glycole, and c cells",0.4444444444444444,0.39223227027636803,0.3542425640218099,0.32214112487007024,0.37826510090317317
Spanish,preamble1,Zero-Shot,False,Zero-Shot,True,"some of the different treatments of the antigen system, including glycole, and c cells",0.7632731135359491,0.6913892937894366,0.6379485215801349,0.5775400217453869,0.6675377376627268
Chinese,preamble4,Zero-Shot,False,Zero-Shot,True,a collection of concept artwork for transformers the last knight,0.012722646310432573,0.00569699310020265,0.002154308166433009,0.0012078486149401824,0.005445449048002104
Spanish,karthik_5_chain_of_thought,Zero-Shot,True,Zero-Shot Reasoning,False,"some of the different treatments of the antigen system, including glycole, and c cells",0.7045597971101069,0.6301774402206636,0.5742180312876936,0.533278652493751,0.6105584802780537
Spanish,preamble6,Few-Shot,False,Few-Shot,True,"some of the different treatments of the antigen system, including glycole, and c cells",0.8823529411764706,0.8467064217932224,0.8088223696014923,0.762465858623486,0.8250868977986678
Hindi,preamble3,Zero-Shot,False,Zero-Shot,True,a collection of concept artwork for transformers the last knight,0.12000000000000001,0.08053872662568291,0.04603271571386804,0.018742975619956897,0.06632860448987697
Hindi,karthik_2_generate_knowledge,Zero-Shot,True,Zero-Shot Reasoning,False,a collection of concept artwork for transformers the last knight,0.6153846153846154,0.5063696835418333,0.41566083684640853,0.2891784933232572,0.45664840727402856
Spanish,karthik_4_meta_prompt,Zero-Shot,True,Zero-Shot Reasoning,False,"some of the different treatments of the antigen system, including glycole, and c cells",0.7045597971101069,0.6301774402206636,0.5742180312876936,0.533278652493751,0.6105584802780537
Spanish,karthik_3_self_consistency,Zero-Shot,True,Zero-Shot Reasoning,False,"some of the different treatments of the antigen system, including glycole, and c cells",0.12941176470588234,0.10384755040678716,0.08245282804432251,0.06603443307863074,0.0954366440589057
Hindi,karthik_3_self_consistency,Zero-Shot,True,Zero-Shot Reasoning,False,a collection of concept artwork for transformers the last knight,0.1126760563380282,0.08024108542850394,0.046782312389415694,0.01924681609164708,0.06473656756189872
French,preamble5,Zero-Shot,False,Zero-Shot,True,"some of the different treatments of the antigen system, including glycole, and c cells",0.2857142857142857,0.24397501823713327,0.21025096467924695,0.1761877738533892,0.2290320106210138
Spanish,karthik_1_tree_of_thoughts,Zero-Shot,True,Zero-Shot Reasoning,False,"some of the different treatments of the antigen system, including glycole, and c cells",0.583448879361965,0.4677998162720731,0.39231065659648473,0.3369699860296666,0.44513233456504736
French,karthik_2_generate_knowledge,Zero-Shot,True,Zero-Shot Reasoning,False,"some of the different treatments of the antigen system, including glycole, and c cells",1.0,1.0,1.0,1.0,1.0
French,preamble1,Zero-Shot,False,Zero-Shot,True,"some of the different treatments of the antigen system, including glycole, and c cells",0.816828431106751,0.7827788133896567,0.7456112609336273,0.7004189910884179,0.7614093741296133
French,preamble4,Zero-Shot,False,Zero-Shot,True,"some of the different treatments of the antigen system, including glycole, and c cells",0.7083333333333334,0.6796738348201514,0.651508648981903,0.6149273240191371,0.6636107852886313
French,karthik_3_self_consistency,Zero-Shot,True,Zero-Shot Reasoning,False,"some of the different treatments of the antigen system, including glycole, and c cells",0.19318181818181818,0.18848790597835313,0.1868154239153461,0.17873813589685478,0.18680582099309306
French,karthik_5_chain_of_thought,Zero-Shot,True,Zero-Shot Reasoning,False,"some of the different treatments of the antigen system, including glycole, and c cells",0.8806997463876336,0.8467754917036652,0.8100944208761448,0.7659552353576201,0.8258812235812659
French,preamble2,Zero-Shot,False,Zero-Shot,True,"some of the different treatments of the antigen system, including glycole, and c cells",0.325,0.27386127875258304,0.2313297788503806,0.18915672932690555,0.2548369467324673
Hindi,karthik_4_meta_prompt,Zero-Shot,True,Zero-Shot Reasoning,False,a collection of concept artwork for transformers the last knight,0.5714285714285714,0.41931393468876726,0.24816819594503417,0.10743014571163138,0.33658521194350105
French,preamble6,Few-Shot,False,Few-Shot,True,"some of the different treatments of the antigen system, including glycole, and c cells",0.19444444444444445,0.1654887956057706,0.14268794158513914,0.11869010827647429,0.15532782247795712
French,karthik_4_meta_prompt,Zero-Shot,True,Zero-Shot Reasoning,False,"some of the different treatments of the antigen system, including glycole, and c cells",0.5555555555555556,0.5270462766947299,0.4997577733799022,0.46269559069048716,0.5112637990801687
French,preamble3,Zero-Shot,False,Zero-Shot,True,"some of the different treatments of the antigen system, including glycole, and c cells",0.1320754716981132,0.11215443081840885,0.09205507966937278,0.07286070803731232,0.10228642255580178
Spanish,preamble5,Zero-Shot,False,Zero-Shot,True,"some of the different treatments of the antigen system, including glycole, and c cells",0.04220779220779221,0.03707892463003231,0.03414723401805093,0.028998034216264294,0.03560799626803493
Hindi,karthik_1_tree_of_thoughts,Zero-Shot,True,Zero-Shot Reasoning,False,a collection of concept artwork for transformers the last knight,0.1388888888888889,0.10833784750435986,0.08156852228214549,0.029220230150998262,0.08950387220659814
Chinese,karthik_4_meta_prompt,Zero-Shot,True,Zero-Shot Reasoning,False,"some of the different treatments of the antigen system, including glycole, and c cells",0.8,0.6324555320336759,0.5009083692610703,0.31823566221963034,0.5628998908785942
French,karthik_1_tree_of_thoughts,Zero-Shot,True,Zero-Shot Reasoning,False,"some of the different treatments of the antigen system, including glycole, and c cells",1.0,1.0,1.0,1.0,1.0
Spanish,preamble2,Zero-Shot,False,Zero-Shot,True,"some of the different treatments of the antigen system, including glycole, and c cells",0.038123167155425214,0.0299502203293183,0.024553771803376683,0.0185115901331669,0.027784687355321774
Chinese,karthik_3_self_consistency,Zero-Shot,True,Zero-Shot Reasoning,False,"some of the different treatments of the antigen system, including glycole, and c cells",0.15625,0.12198750911856666,0.09181822574917013,0.032961549112648605,0.10075432099509635
Chinese,karthik_5_chain_of_thought,Zero-Shot,True,Zero-Shot Reasoning,False,"some of the different treatments of the antigen system, including glycole, and c cells",0.9285714285714286,0.8017837257372732,0.6876031819702735,0.54413074047686,0.7405222691889588
Chinese,karthik_2_generate_knowledge,Zero-Shot,True,Zero-Shot Reasoning,False,"some of the different treatments of the antigen system, including glycole, and c cells",0.19672131147540983,0.15149527937243176,0.11840281820463222,0.07196884728311048,0.1346470640838961
Spanish,preamble4,Zero-Shot,False,Zero-Shot,True,"some of the different treatments of the antigen system, including glycole, and c cells",0.027896995708154505,0.024493578578337945,0.02263827031827381,0.019134260713253793,0.023540776329505013
Chinese,karthik_1_tree_of_thoughts,Zero-Shot,True,Zero-Shot Reasoning,False,"some of the different treatments of the antigen system, including glycole, and c cells",0.7835055280819597,0.6954593800287637,0.5909373112968654,0.4406401630925028,0.6276355956250229
Chinese,preamble3,Zero-Shot,False,Zero-Shot,True,"some of the different treatments of the antigen system, including glycole, and c cells",0.04845814977973568,0.029285941469977234,0.02046985343185651,0.007637996584642835,0.026462985316553063
Chinese,preamble2,Zero-Shot,False,Zero-Shot,True,"some of the different treatments of the antigen system, including glycole, and c cells",0.05357142857142857,0.041007491386035606,0.032275503730359305,0.019242446464943823,0.03652421753819183
Chinese,preamble6,Few-Shot,False,Few-Shot,True,"some of the different treatments of the antigen system, including glycole, and c cells",0.06521739130434781,0.05339506999380766,0.04415575440190658,0.030500930547417624,0.04831728656186992
Spanish,preamble3,Zero-Shot,False,Zero-Shot,True,"some of the different treatments of the antigen system, including glycole, and c cells",0.024761904761904766,0.021738340193940647,0.020113310116554536,0.01697776241649084,0.020897829372222697
Hindi,karthik_5_chain_of_thought,Zero-Shot,True,Zero-Shot Reasoning,False,"some of the different treatments of the antigen system, including glycole, and c cells",0.7857142857142857,0.6504436355879909,0.5639604800060524,0.4682568791024402,0.6170938201026923
Chinese,preamble4,Zero-Shot,False,Zero-Shot,True,"some of the different treatments of the antigen system, including glycole, and c cells",0.03342618384401114,0.02366886925240278,0.01745929325804952,0.0060303082918441745,0.020146163661576903
Chinese,preamble1,Zero-Shot,False,Zero-Shot,True,"some of the different treatments of the antigen system, including glycole, and c cells",0.0332409972299169,0.023537557657892526,0.012083183027211715,0.004556551987070884,0.018354572475523006
Hindi,preamble5,Zero-Shot,False,Zero-Shot,True,a collection of concept artwork for transformers the last knight,0.02777777777777778,0.01967604453669851,0.01157172635524579,0.004668379735133375,0.015923482101213863
Hindi,karthik_2_generate_knowledge,Zero-Shot,True,Zero-Shot Reasoning,False,"some of the different treatments of the antigen system, including glycole, and c cells",0.8571428571428571,0.8119979429411501,0.7926408855020652,0.7744031410142033,0.809046206650069
Spanish,karthik_4_meta_prompt,Zero-Shot,True,Zero-Shot Reasoning,False,biochemists lecture 3 carbon dioxide glucose,0.2631578947368421,0.12091270835166859,0.04553898456006193,0.027076576267554473,0.11417154097903179
Spanish,karthik_2_generate_knowledge,Zero-Shot,True,Zero-Shot Reasoning,False,biochemists lecture 3 carbon dioxide glucose,0.22727272727272727,0.10403129732205985,0.03908304124158772,0.02310128340501537,0.09837208731034756
Spanish,karthik_5_chain_of_thought,Zero-Shot,True,Zero-Shot Reasoning,False,biochemists lecture 3 carbon dioxide glucose,0.6,0.36514837167011066,0.2589465250642332,0.1242188995129533,0.33707844906182427
Spanish,preamble1,Zero-Shot,False,Zero-Shot,True,biochemists lecture 3 carbon dioxide glucose,0.3571428571428572,0.23440361546924776,0.1690622446251985,0.08032276872815308,0.2102328714913641
Spanish,karthik_3_self_consistency,Zero-Shot,True,Zero-Shot Reasoning,False,biochemists lecture 3 carbon dioxide glucose,0.2,0.04714045207910317,0.03136318607896979,0.025098621243978974,0.075900564850513
Chinese,preamble5,Zero-Shot,False,Zero-Shot,True,"some of the different treatments of the antigen system, including glycole, and c cells",0.020061728395061724,0.011136841236907561,0.006074159725587236,0.0023357854892584223,0.009902128711703737
Hindi,karthik_3_self_consistency,Zero-Shot,True,Zero-Shot Reasoning,False,"some of the different treatments of the antigen system, including glycole, and c cells",0.18181818181818182,0.16943474841747147,0.15935710127812655,0.14262658772446557,0.16330915480956135
Spanish,preamble6,Few-Shot,False,Few-Shot,True,biochemists lecture 3 carbon dioxide glucose,0.875,0.7071067811865475,0.63287829698514,0.5623413251903491,0.6943316008405092
Spanish,preamble4,Zero-Shot,False,Zero-Shot,True,biochemists lecture 3 carbon dioxide glucose,0.022556390977443608,0.013047486847562262,0.009059796377389285,0.003957068014506938,0.012155185554225524
Spanish,karthik_1_tree_of_thoughts,Zero-Shot,True,Zero-Shot Reasoning,False,biochemists lecture 3 carbon dioxide glucose,0.2727272727272727,0.1651445647689541,0.06900656343516053,0.04411629359322707,0.13774867363115362
Hindi,preamble1,Zero-Shot,False,Zero-Shot,True,"some of the different treatments of the antigen system, including glycole, and c cells",0.05741626794258374,0.04395768701908372,0.03457901138187243,0.027155220668479103,0.040777046753004746
French,karthik_4_meta_prompt,Zero-Shot,True,Zero-Shot Reasoning,False,biochemists lecture 3 carbon dioxide glucose,0.22727272727272727,0.10403129732205985,0.03908304124158772,0.02310128340501537,0.09837208731034756
French,karthik_5_chain_of_thought,Zero-Shot,True,Zero-Shot Reasoning,False,biochemists lecture 3 carbon dioxide glucose,0.6,0.4472135954999579,0.2960194196579458,0.13747081017605653,0.37017595633349004
Hindi,karthik_1_tree_of_thoughts,Zero-Shot,True,Zero-Shot Reasoning,False,"some of the different treatments of the antigen system, including glycole, and c cells",0.09489051094890509,0.08352989555916718,0.07316239080523554,0.06061475282959464,0.0780493875357256
Hindi,karthik_4_meta_prompt,Zero-Shot,True,Zero-Shot Reasoning,False,"some of the different treatments of the antigen system, including glycole, and c cells",0.32432432432432434,0.28474739872574967,0.22964716685067926,0.1787993588239658,0.25437956218117974
French,karthik_2_generate_knowledge,Zero-Shot,True,Zero-Shot Reasoning,False,biochemists lecture 3 carbon dioxide glucose,0.17391304347826086,0.1257389226923863,0.09317891688516544,0.044047629893173255,0.10921962823724646
Hindi,preamble6,Few-Shot,False,Few-Shot,True,"some of the different treatments of the antigen system, including glycole, and c cells",0.07647058823529412,0.06381534447172758,0.05416121863279355,0.043202505200467346,0.05941241413507065
French,preamble6,Few-Shot,False,Few-Shot,True,biochemists lecture 3 carbon dioxide glucose,0.5,0.2773500981126146,0.18891606135412659,0.08737167851715878,0.263409459495975
French,karthik_3_self_consistency,Zero-Shot,True,Zero-Shot Reasoning,False,biochemists lecture 3 carbon dioxide glucose,0.09722222222222224,0.052332152135229945,0.03511599024182643,0.015431122358630244,0.050025371739477215
French,preamble1,Zero-Shot,False,Zero-Shot,True,biochemists lecture 3 carbon dioxide glucose,0.045801526717557245,0.02654503480083995,0.018337257051684427,0.008082425860203378,0.02469156110757125
Hindi,preamble2,Zero-Shot,False,Zero-Shot,True,"some of the different treatments of the antigen system, including glycole, and c cells",0.04868913857677902,0.033139873960121816,0.024055281208280467,0.017518656151466114,0.030850737474161852
Hindi,preamble4,Zero-Shot,False,Zero-Shot,True,"some of the different treatments of the antigen system, including glycole, and c cells",0.039603960396039604,0.028050555257471143,0.020661623132105292,0.015121212139142812,0.025859337731189713
Spanish,preamble5,Zero-Shot,False,Zero-Shot,True,biochemists lecture 3 carbon dioxide glucose,0.010889292196007259,0.006292648581265217,0.004397149406794912,0.0019047084728082402,0.005870949664218908
Chinese,karthik_2_generate_knowledge,Zero-Shot,True,Zero-Shot Reasoning,False,biochemists lecture 3 carbon dioxide glucose,0.5833333333333334,0.5149286505444373,0.4337136307768789,0.30661487102926754,0.4596476214209793
French,preamble3,Zero-Shot,False,Zero-Shot,True,biochemists lecture 3 carbon dioxide glucose,0.028169014084507043,0.019965423207068865,0.012917266305623754,0.00547663531657951,0.016632084728444792
Spanish,preamble2,Zero-Shot,False,Zero-Shot,True,biochemists lecture 3 carbon dioxide glucose,0.01327433628318584,0.007672433531095102,0.005351749033978286,0.00232328160400021,0.007155450113064859
French,karthik_1_tree_of_thoughts,Zero-Shot,True,Zero-Shot Reasoning,False,biochemists lecture 3 carbon dioxide glucose,0.45454545454545453,0.30151134457776363,0.21950296237497788,0.10600313379512592,0.27039072382333046
Chinese,karthik_4_meta_prompt,Zero-Shot,True,Zero-Shot Reasoning,False,biochemists lecture 3 carbon dioxide glucose,0.8888888888888888,0.816496580927726,0.7272560259547889,0.5969491792019646,0.7573976687433421
Spanish,preamble3,Zero-Shot,False,Zero-Shot,True,biochemists lecture 3 carbon dioxide glucose,0.00950570342205323,0.0060176576433512525,0.0043355361285243935,0.0019065820246141239,0.00544136980463575
French,preamble5,Zero-Shot,False,Zero-Shot,True,biochemists lecture 3 carbon dioxide glucose,0.025210084033613446,0.014585723334074745,0.010118857971926245,0.004425568012756085,0.013585058338092629
Chinese,karthik_3_self_consistency,Zero-Shot,True,Zero-Shot Reasoning,False,biochemists lecture 3 carbon dioxide glucose,0.37151909989293497,0.23168286407366764,0.09978737033508449,0.0670144447096575,0.19250094475283613
Chinese,karthik_5_chain_of_thought,Zero-Shot,True,Zero-Shot Reasoning,False,biochemists lecture 3 carbon dioxide glucose,0.6,0.25819888974716104,0.09635409769034631,0.05873949094699214,0.25332311959612486
Hindi,preamble5,Zero-Shot,False,Zero-Shot,True,"some of the different treatments of the antigen system, including glycole, and c cells",0.03488372093023255,0.026681691701343865,0.019165591082624476,0.01383405099360444,0.02364126367695133
Chinese,preamble6,Few-Shot,False,Few-Shot,True,biochemists lecture 3 carbon dioxide glucose,0.11764705882352941,0.08380754741901125,0.06141256921316749,0.023921298014999405,0.07169711836767689
French,preamble2,Zero-Shot,False,Zero-Shot,True,biochemists lecture 3 carbon dioxide glucose,0.021660649819494584,0.012528416922183249,0.008702252919954322,0.00379906990218746,0.011672597390954904
French,preamble4,Zero-Shot,False,Zero-Shot,True,biochemists lecture 3 carbon dioxide glucose,0.016574585635359115,0.009582586247911643,0.006671120433676715,0.002903301450437413,0.008932898441846223
Hindi,preamble3,Zero-Shot,False,Zero-Shot,True,"some of the different treatments of the antigen system, including glycole, and c cells",0.03485254691689008,0.03060876381850541,0.027017625944328518,0.022107823964793633,0.02864669016112941
Hindi,karthik_2_generate_knowledge,Zero-Shot,True,Zero-Shot Reasoning,False,biochemists lecture 3 carbon dioxide glucose,0.375,0.3162277660168379,0.2461034187732914,0.1023857820560022,0.25992924171153287
Chinese,karthik_1_tree_of_thoughts,Zero-Shot,True,Zero-Shot Reasoning,False,biochemists lecture 3 carbon dioxide glucose,0.625,0.5175491695067657,0.45056562239902875,0.3655552228545123,0.4896675036900767
Chinese,preamble4,Zero-Shot,False,Zero-Shot,True,biochemists lecture 3 carbon dioxide glucose,0.019417475728155338,0.015880019189426782,0.012335191886468424,0.008559887558313916,0.014048143590591115
Chinese,preamble5,Zero-Shot,False,Zero-Shot,True,biochemists lecture 3 carbon dioxide glucose,0.02409638554216868,0.012066378732787793,0.0037387909996652396,0.0019136434217816964,0.010453799674100853
Hindi,preamble6,Few-Shot,False,Few-Shot,True,biochemists lecture 3 carbon dioxide glucose,0.6666666666666666,0.5773502691896257,0.46026455517844755,0.19960198807747329,0.4759708697780533
Chinese,preamble1,Zero-Shot,False,Zero-Shot,True,biochemists lecture 3 carbon dioxide glucose,0.02191780821917808,0.01551950499776276,0.011496088627654126,0.007781129308532038,0.01417863278828175
Spanish,karthik_5_chain_of_thought,Zero-Shot,True,Zero-Shot Reasoning,False,business postcard,0.75,0.7071067811865475,0.63287829698514,0.3976353643835253,0.6219051106388032
Chinese,preamble3,Zero-Shot,False,Zero-Shot,True,biochemists lecture 3 carbon dioxide glucose,0.018666666666666665,0.014129525602833978,0.010709277873310403,0.00732416882401415,0.012707409741706298
Spanish,karthik_4_meta_prompt,Zero-Shot,True,Zero-Shot Reasoning,False,business postcard,0.25,0.21320071635561041,0.16865550266337087,0.08430118946484098,0.1790393521209556
Chinese,preamble2,Zero-Shot,False,Zero-Shot,True,biochemists lecture 3 carbon dioxide glucose,0.018134715025906734,0.013726347789772197,0.010406313219739475,0.0071146329376812634,0.012345502243274917
Spanish,karthik_3_self_consistency,Zero-Shot,True,Zero-Shot Reasoning,False,business postcard,0.5,0.12909944487358058,0.09635409769034631,0.09554427922043669,0.2052494554460909
Spanish,karthik_2_generate_knowledge,Zero-Shot,True,Zero-Shot Reasoning,False,business postcard,0.2,0.1690308509457033,0.13269551340792207,0.06541868941754436,0.14178626344279244
Hindi,karthik_5_chain_of_thought,Zero-Shot,True,Zero-Shot Reasoning,False,biochemists lecture 3 carbon dioxide glucose,0.6666666666666666,0.5,0.3329951051503863,0.1561969968460128,0.4139646921657664
Spanish,preamble6,Few-Shot,False,Few-Shot,True,business postcard,0.75,0.7071067811865475,0.63287829698514,0.3976353643835253,0.6219051106388032
Spanish,preamble5,Zero-Shot,False,Zero-Shot,True,business postcard,0.01485148514851485,0.012156314064181358,0.009476094066521511,0.00438965297003897,0.010218386562314174
Hindi,karthik_4_meta_prompt,Zero-Shot,True,Zero-Shot Reasoning,False,biochemists lecture 3 carbon dioxide glucose,0.35294117647058826,0.2970442628930023,0.2308297358116212,0.1702602472176709,0.26276885559822066
Spanish,karthik_1_tree_of_thoughts,Zero-Shot,True,Zero-Shot Reasoning,False,business postcard,0.75,0.7071067811865475,0.63287829698514,0.3976353643835253,0.6219051106388032
Spanish,preamble3,Zero-Shot,False,Zero-Shot,True,business postcard,0.017441860465116275,0.014282799726001053,0.011120611392005639,0.005162056655438524,0.012001832059640373
Hindi,karthik_3_self_consistency,Zero-Shot,True,Zero-Shot Reasoning,False,biochemists lecture 3 carbon dioxide glucose,0.1702127659574468,0.12165981293449468,0.08912035017829345,0.06218201247082573,0.11079373538526517
Spanish,preamble4,Zero-Shot,False,Zero-Shot,True,business postcard,0.013698630136986304,0.011210508723689174,0.008744218469164245,0.004046544206754606,0.009424975384148583
Spanish,preamble1,Zero-Shot,False,Zero-Shot,True,business postcard,0.014634146341463415,0.011977980754514667,0.009338120863548896,0.004324938673233998,0.010068796658190243
French,karthik_5_chain_of_thought,Zero-Shot,True,Zero-Shot Reasoning,False,business postcard,0.3333333333333333,0.12909944487358058,0.12111838948674812,0.11362193664674995,0.17429327608510298
French,karthik_3_self_consistency,Zero-Shot,True,Zero-Shot Reasoning,False,business postcard,0.10000000000000002,0.03333333333333335,0.024950558772614845,0.021105340631872645,0.04484730818445521
French,karthik_2_generate_knowledge,Zero-Shot,True,Zero-Shot Reasoning,False,business postcard,0.07142857142857141,0.023440361546924773,0.017300021018422027,0.01428363257865929,0.03161314664314437
Spanish,preamble2,Zero-Shot,False,Zero-Shot,True,business postcard,0.014218009478672989,0.011636563671574184,0.009073943289976278,0.004201070501305069,0.00978239673538213
French,preamble6,Few-Shot,False,Few-Shot,True,business postcard,0.6666666666666666,0.5773502691896257,0.3254992452916931,0.24028114141347542,0.4524493306403652
French,karthik_1_tree_of_thoughts,Zero-Shot,True,Zero-Shot Reasoning,False,business postcard,1.0,1.0,1.0,0.5623413251903491,0.8905853312975873
French,karthik_4_meta_prompt,Zero-Shot,True,Zero-Shot Reasoning,False,business postcard,0.10000000000000002,0.03333333333333335,0.024950558772614845,0.021105340631872645,0.04484730818445521
Chinese,karthik_5_chain_of_thought,Zero-Shot,True,Zero-Shot Reasoning,False,business postcard,0.5,0.223606797749979,0.1740444189610778,0.1495348781221221,0.2617965237082947
Hindi,preamble2,Zero-Shot,False,Zero-Shot,True,biochemists lecture 3 carbon dioxide glucose,0.041666666666666664,0.03159120118032816,0.023791284008346087,0.016430189046268903,0.028369835225402453
French,preamble1,Zero-Shot,False,Zero-Shot,True,business postcard,0.008196721311475409,0.0058078708165479635,0.002556184015831183,0.0015507806441830809,0.004527889197009409
Chinese,karthik_3_self_consistency,Zero-Shot,True,Zero-Shot Reasoning,False,business postcard,0.0,0.0,0.0,0.0,0.0
Chinese,karthik_4_meta_prompt,Zero-Shot,True,Zero-Shot Reasoning,False,business postcard,0.0909090909090909,0.06579516949597691,0.028884719074979835,0.01837177448896075,0.05099018849225209
Hindi,karthik_1_tree_of_thoughts,Zero-Shot,True,Zero-Shot Reasoning,False,biochemists lecture 3 carbon dioxide glucose,0.10000000000000002,0.05822225097395819,0.0400892098842096,0.017894467682407687,0.05405148213514387
Chinese,preamble4,Zero-Shot,False,Zero-Shot,True,business postcard,0.0,0.0,0.0,0.0,0.0
Chinese,preamble3,Zero-Shot,False,Zero-Shot,True,business postcard,0.026315789473684213,0.018731716231633885,0.008185679354846497,0.005048357942858256,0.014570385750755713
Chinese,karthik_2_generate_knowledge,Zero-Shot,True,Zero-Shot Reasoning,False,business postcard,0.0,0.0,0.0,0.0,0.0
Hindi,preamble1,Zero-Shot,False,Zero-Shot,True,biochemists lecture 3 carbon dioxide glucose,0.022304832713754646,0.012901704363214223,0.008959388324511637,0.00391268890197994,0.012019653575865112
French,preamble2,Zero-Shot,False,Zero-Shot,True,business postcard,0.006920415224913494,0.004901960784313723,0.002160444248512136,0.0013080457492551907,0.003822716501748636
Chinese,preamble6,Few-Shot,False,Few-Shot,True,business postcard,0.025641025641025644,0.00821440096816907,0.005971913710144566,0.004744188024111083,0.011142882085862591
French,preamble5,Zero-Shot,False,Zero-Shot,True,business postcard,0.0053763440860215075,0.003806769430017982,0.0016813602248157422,0.0010150122039172453,0.002969871486193119
French,preamble3,Zero-Shot,False,Zero-Shot,True,business postcard,0.005747126436781609,0.004069683528888609,0.001796449067845734,0.0010853167877701887,0.0031746439553215354
French,preamble4,Zero-Shot,False,Zero-Shot,True,business postcard,0.0042918454935622335,0.003038054518104068,0.0013445041219907496,0.0008096047333950176,0.002371002216763017
Chinese,preamble5,Zero-Shot,False,Zero-Shot,True,business postcard,0.004098360655737703,0.001298679395033846,0.0009511570171285504,0.0007333188908203437,0.0017703789896801108
Chinese,preamble1,Zero-Shot,False,Zero-Shot,True,business postcard,0.0,0.0,0.0,0.0,0.0
Hindi,preamble3,Zero-Shot,False,Zero-Shot,True,biochemists lecture 3 carbon dioxide glucose,0.021276595744680854,0.01230588660592445,0.00854894197841186,0.0037313492104290615,0.011465693384861555
Chinese,preamble2,Zero-Shot,False,Zero-Shot,True,business postcard,0.0,0.0,0.0,0.0,0.0
Chinese,karthik_1_tree_of_thoughts,Zero-Shot,True,Zero-Shot Reasoning,False,business postcard,1.0,1.0,0.46773514128719823,0.316227766016838,0.695990726826009
Hindi,preamble6,Few-Shot,False,Few-Shot,True,business postcard,0.5,0.223606797749979,0.1740444189610778,0.1495348781221221,0.2617965237082947
Hindi,karthik_2_generate_knowledge,Zero-Shot,True,Zero-Shot Reasoning,False,business postcard,0.0909090909090909,0.03015113445777637,0.022461584318318094,0.018850319022747353,0.04059303217698318
Hindi,karthik_5_chain_of_thought,Zero-Shot,True,Zero-Shot Reasoning,False,business postcard,0.5,0.223606797749979,0.1740444189610778,0.1495348781221221,0.2617965237082947
Hindi,karthik_1_tree_of_thoughts,Zero-Shot,True,Zero-Shot Reasoning,False,business postcard,0.5,0.223606797749979,0.1740444189610778,0.1495348781221221,0.2617965237082947
Spanish,karthik_5_chain_of_thought,Zero-Shot,True,Zero-Shot Reasoning,False,the multi - channel marketing im buchhandel als,0.16666666666666669,0.05773502691896258,0.04506819749679463,0.040824829046386304,0.07757368003220255
Spanish,karthik_2_generate_knowledge,Zero-Shot,True,Zero-Shot Reasoning,False,the multi - channel marketing im buchhandel als,0.15384615384615385,0.11322770341445958,0.05034417113155098,0.03285702044797773,0.08756876221003554
Spanish,preamble1,Zero-Shot,False,Zero-Shot,True,the multi - channel marketing im buchhandel als,0.08333333333333333,0.027524094128159027,0.020427282860665447,0.017033186037639283,0.03707947408994927
Spanish,karthik_3_self_consistency,Zero-Shot,True,Zero-Shot Reasoning,False,the multi - channel marketing im buchhandel als,0.05172413793103449,0.030123761656438888,0.012279424830885058,0.007367445336559725,0.02537369243872954
Hindi,preamble5,Zero-Shot,False,Zero-Shot,True,business postcard,0.008333333333333335,0.0026462806201248165,0.0019284954969989744,0.001500724528432942,0.003602208494722517
Hindi,karthik_3_self_consistency,Zero-Shot,True,Zero-Shot Reasoning,False,business postcard,0.05263157894736841,0.017099639201419235,0.012523428510015045,0.010182425646195498,0.023109268076249547
Spanish,karthik_4_meta_prompt,Zero-Shot,True,Zero-Shot Reasoning,False,the multi - channel marketing im buchhandel als,0.12500000000000003,0.09128709291752769,0.04033183084278514,0.026012784404037925,0.0706579270410877
Spanish,preamble6,Few-Shot,False,Few-Shot,True,the multi - channel marketing im buchhandel als,0.0,0.0,0.0,0.0,0.0
Hindi,preamble3,Zero-Shot,False,Zero-Shot,True,business postcard,0.009615384615384618,0.0030553763875021123,0.0022248700877596315,0.001735009961468022,0.004157660263028596
Spanish,karthik_1_tree_of_thoughts,Zero-Shot,True,Zero-Shot Reasoning,False,the multi - channel marketing im buchhandel als,0.2222222222222222,0.16666666666666669,0.07542890820012248,0.050712153369465586,0.12875748761461925
Hindi,karthik_4_meta_prompt,Zero-Shot,True,Zero-Shot Reasoning,False,business postcard,0.0588235294117647,0.019174124721184262,0.014076093604378503,0.011502783619900045,0.025894132839306878
French,karthik_5_chain_of_thought,Zero-Shot,True,Zero-Shot Reasoning,False,the multi - channel marketing im buchhandel als,0.3,0.18257418583505533,0.07665320007195604,0.04939382737115371,0.15215530331954127
French,karthik_2_generate_knowledge,Zero-Shot,True,Zero-Shot Reasoning,False,the multi - channel marketing im buchhandel als,0.2222222222222222,0.05270462766947299,0.03528075103412339,0.028517539529041507,0.08468128511371502
Hindi,preamble5,Zero-Shot,False,Zero-Shot,True,biochemists lecture 3 carbon dioxide glucose,0.01565995525727069,0.013249907038031916,0.011070103441990744,0.0071854005690418915,0.01179134157658381
Spanish,preamble3,Zero-Shot,False,Zero-Shot,True,the multi - channel marketing im buchhandel als,0.006802721088435376,0.004818451838249175,0.00212394185747094,0.001285685663326859,0.0037577001118705875
French,karthik_3_self_consistency,Zero-Shot,True,Zero-Shot Reasoning,False,the multi - channel marketing im buchhandel als,0.08510638297872339,0.04301323936193401,0.016696186606538807,0.009831839445040182,0.038661912098059095
Hindi,preamble4,Zero-Shot,False,Zero-Shot,True,biochemists lecture 3 carbon dioxide glucose,0.012658227848101266,0.010346319359890232,0.008066733688702015,0.0031326343972361637,0.00855097882348242
French,preamble4,Zero-Shot,False,Zero-Shot,True,the multi - channel marketing im buchhandel als,0.027972027972027972,0.014035174116450074,0.005469170265089944,0.003160618772629277,0.012659247781549317
French,karthik_4_meta_prompt,Zero-Shot,True,Zero-Shot Reasoning,False,the multi - channel marketing im buchhandel als,0.1875,0.15811388300841897,0.12390760171084929,0.06087895024805787,0.13260010874183153
French,preamble6,Few-Shot,False,Few-Shot,True,the multi - channel marketing im buchhandel als,0.23076923076923078,0.1386750490563073,0.057551852907951895,0.036362270465000714,0.11583960079962267
Spanish,preamble4,Zero-Shot,False,Zero-Shot,True,the multi - channel marketing im buchhandel als,0.0051020408163265285,0.0011423089660842875,0.0007465963221496952,0.0005415496016616838,0.0018831239265555489
Spanish,preamble5,Zero-Shot,False,Zero-Shot,True,the multi - channel marketing im buchhandel als,0.0037735849056603783,0.0008445964020497953,0.0005535021286144047,0.0004001413924189718,0.0013929562071858877
French,karthik_1_tree_of_thoughts,Zero-Shot,True,Zero-Shot Reasoning,False,the multi - channel marketing im buchhandel als,0.4444444444444444,0.408248290463863,0.3661572458236839,0.2984745896009823,0.3793311425832434
Chinese,karthik_2_generate_knowledge,Zero-Shot,True,Zero-Shot Reasoning,False,the multi - channel marketing im buchhandel als,0.2920502936517768,0.18025735467152731,0.07676874343331297,0.05062667121584364,0.14992576574311517
Spanish,preamble2,Zero-Shot,False,Zero-Shot,True,the multi - channel marketing im buchhandel als,0.007772020725388603,0.004493001982994351,0.0018528696120518515,0.0010823950701094305,0.003800071847636059
Chinese,karthik_4_meta_prompt,Zero-Shot,True,Zero-Shot Reasoning,False,the multi - channel marketing im buchhandel als,0.19885318151430437,0.1491398861357283,0.0674967526818514,0.04537922867531812,0.11521726225180055
Chinese,karthik_3_self_consistency,Zero-Shot,True,Zero-Shot Reasoning,False,the multi - channel marketing im buchhandel als,0.14893617021276595,0.09855571263065833,0.07755499223744351,0.055967009612738844,0.09525347117340166
Chinese,karthik_5_chain_of_thought,Zero-Shot,True,Zero-Shot Reasoning,False,the multi - channel marketing im buchhandel als,0.2920502936517768,0.18025735467152731,0.07676874343331297,0.05062667121584364,0.14992576574311517
Chinese,preamble6,Few-Shot,False,Few-Shot,True,the multi - channel marketing im buchhandel als,0.2920502936517768,0.18025735467152731,0.07676874343331297,0.05062667121584364,0.14992576574311517
French,preamble1,Zero-Shot,False,Zero-Shot,True,the multi - channel marketing im buchhandel als,0.014662756598240468,0.011374412692623822,0.009578271121193109,0.003876527686189751,0.009872992024561787
Hindi,preamble1,Zero-Shot,False,Zero-Shot,True,business postcard,0.003278688524590163,0.0010385162309931599,0.0007620030383583506,0.0005859279987462385,0.001416283948171978
French,preamble3,Zero-Shot,False,Zero-Shot,True,the multi - channel marketing im buchhandel als,0.01183431952662722,0.0059259324290103525,0.002324488795940793,0.001329022478401795,0.0053534408074950406
Chinese,karthik_1_tree_of_thoughts,Zero-Shot,True,Zero-Shot Reasoning,False,the multi - channel marketing im buchhandel als,0.19470019576785122,0.14717951377637847,0.06715437577904348,0.04574636154673318,0.11369511171750159
French,preamble5,Zero-Shot,False,Zero-Shot,True,the multi - channel marketing im buchhandel als,0.01008064516129032,0.004512753008949019,0.001710021376405641,0.0009562629183591828,0.004314920616251041
Hindi,karthik_2_generate_knowledge,Zero-Shot,True,Zero-Shot Reasoning,False,the multi - channel marketing im buchhandel als,0.12500000000000003,0.04225771273642583,0.032085442892067474,0.02777619034011792,0.05677983649215281
Chinese,preamble4,Zero-Shot,False,Zero-Shot,True,the multi - channel marketing im buchhandel als,0.020710059171597635,0.011086404423264916,0.007513977873480604,0.003232580416121441,0.01063575547111615
Chinese,preamble5,Zero-Shot,False,Zero-Shot,True,the multi - channel marketing im buchhandel als,0.01856763925729443,0.009938009790829854,0.0067419775033087355,0.0028968365581723806,0.009536115777401351
Hindi,preamble2,Zero-Shot,False,Zero-Shot,True,business postcard,0.003058103975535168,0.000968539469589078,0.0007110758424111587,0.0005463256221913307,0.0013210112274316837
Chinese,preamble1,Zero-Shot,False,Zero-Shot,True,the multi - channel marketing im buchhandel als,0.025641025641025644,0.020965696734438367,0.016237297983407614,0.010207838625108896,0.01826296474599513
French,preamble2,Zero-Shot,False,Zero-Shot,True,the multi - channel marketing im buchhandel als,0.01094091903719912,0.004898289854901366,0.0018547509253743408,0.0010381388121975899,0.004683024657418105
Chinese,preamble2,Zero-Shot,False,Zero-Shot,True,the multi - channel marketing im buchhandel als,0.022012578616352203,0.008333085328531907,0.0029705379825055943,0.001625187619842386,0.008735347386808022
Chinese,preamble3,Zero-Shot,False,Zero-Shot,True,the multi - channel marketing im buchhandel als,0.02387267904509284,0.017817290432767727,0.014242138042110523,0.00907769163467142,0.01625244978866063
Hindi,preamble4,Zero-Shot,False,Zero-Shot,True,business postcard,0.0026178010471204186,0.0008289070448536335,0.0006093758816482681,0.00046735534474148896,0.0011308598295909523
Spanish,preamble5,Zero-Shot,False,Zero-Shot,True,"300w pure power invertor, modified battery charger, dc / ac invertor",0.5,0.4662524041201569,0.43282279636789966,0.3876683604691331,0.44668589023929745
Spanish,preamble4,Zero-Shot,False,Zero-Shot,True,"300w pure power invertor, modified battery charger, dc / ac invertor",0.8,0.7559289460184545,0.7082977029839272,0.6475445426291286,0.7279427979078775
Hindi,karthik_5_chain_of_thought,Zero-Shot,True,Zero-Shot Reasoning,False,the multi - channel marketing im buchhandel als,0.0,0.0,0.0,0.0,0.0
Spanish,preamble1,Zero-Shot,False,Zero-Shot,True,"300w pure power invertor, modified battery charger, dc / ac invertor",0.8,0.7559289460184545,0.7082977029839272,0.6475445426291286,0.7279427979078775
Spanish,karthik_4_meta_prompt,Zero-Shot,True,Zero-Shot Reasoning,False,"300w pure power invertor, modified battery charger, dc / ac invertor",0.8,0.7559289460184545,0.7082977029839272,0.6475445426291286,0.7279427979078775
Spanish,karthik_2_generate_knowledge,Zero-Shot,True,Zero-Shot Reasoning,False,"300w pure power invertor, modified battery charger, dc / ac invertor",0.6875,0.6055300708194984,0.5112665995499639,0.3767471803151817,0.545260962671161
Spanish,karthik_5_chain_of_thought,Zero-Shot,True,Zero-Shot Reasoning,False,"300w pure power invertor, modified battery charger, dc / ac invertor",0.7222222222222222,0.7140055472954167,0.7075270340187071,0.6952582546166497,0.7097532645382489
Spanish,preamble3,Zero-Shot,False,Zero-Shot,True,"300w pure power invertor, modified battery charger, dc / ac invertor",0.5,0.4662524041201569,0.43282279636789966,0.3876683604691331,0.44668589023929745
Hindi,karthik_3_self_consistency,Zero-Shot,True,Zero-Shot Reasoning,False,the multi - channel marketing im buchhandel als,0.025,0.008006407690254359,0.005820231990246252,0.004620856909230222,0.010861874147432709
Spanish,preamble6,Few-Shot,False,Few-Shot,True,"300w pure power invertor, modified battery charger, dc / ac invertor",0.5714285714285714,0.4688072309384954,0.4220911292630253,0.3759663529467017,0.45957332114419847
Hindi,karthik_4_meta_prompt,Zero-Shot,True,Zero-Shot Reasoning,False,the multi - channel marketing im buchhandel als,0.0909090909090909,0.03015113445777637,0.022461584318318094,0.018850319022747353,0.04059303217698318
Spanish,karthik_1_tree_of_thoughts,Zero-Shot,True,Zero-Shot Reasoning,False,"300w pure power invertor, modified battery charger, dc / ac invertor",0.75,0.7071067811865475,0.6613898798842306,0.6026080978557137,0.680276189731623
Spanish,karthik_3_self_consistency,Zero-Shot,True,Zero-Shot Reasoning,False,"300w pure power invertor, modified battery charger, dc / ac invertor",0.14606741573033707,0.14113215070715737,0.13879421540566036,0.13081475290586733,0.13920213368725554
Hindi,karthik_1_tree_of_thoughts,Zero-Shot,True,Zero-Shot Reasoning,False,the multi - channel marketing im buchhandel als,0.0,0.0,0.0,0.0,0.0
Spanish,preamble2,Zero-Shot,False,Zero-Shot,True,"300w pure power invertor, modified battery charger, dc / ac invertor",0.11428571428571427,0.10482848367219184,0.09711800489977022,0.08417645116040792,0.10010216350452106
French,karthik_5_chain_of_thought,Zero-Shot,True,Zero-Shot Reasoning,False,"300w pure power invertor, modified battery charger, dc / ac invertor",0.5192005220476033,0.428715721206826,0.38814730625458604,0.34916650730713383,0.42130751420403734
French,karthik_2_generate_knowledge,Zero-Shot,True,Zero-Shot Reasoning,False,"300w pure power invertor, modified battery charger, dc / ac invertor",0.375,0.33783196234608814,0.29964228651219177,0.24672473365009281,0.3147997456270932
French,karthik_4_meta_prompt,Zero-Shot,True,Zero-Shot Reasoning,False,"300w pure power invertor, modified battery charger, dc / ac invertor",0.4166666666666667,0.3561061558059599,0.31024377365438344,0.2533098404966104,0.33408160915590507
Hindi,preamble1,Zero-Shot,False,Zero-Shot,True,the multi - channel marketing im buchhandel als,0.012500000000000006,0.00886658627664886,0.0038901147706573488,0.0023726792780116427,0.0069073450813294645
French,preamble6,Few-Shot,False,Few-Shot,True,"300w pure power invertor, modified battery charger, dc / ac invertor",0.6595414762772626,0.5743441278437313,0.5073845227776782,0.4264356143349618,0.5419264353084084
French,karthik_3_self_consistency,Zero-Shot,True,Zero-Shot Reasoning,False,"300w pure power invertor, modified battery charger, dc / ac invertor",0.12149532710280374,0.11228537590774583,0.1049834570150729,0.09235088813713249,0.10777876204068874
French,preamble5,Zero-Shot,False,Zero-Shot,True,"300w pure power invertor, modified battery charger, dc / ac invertor",0.06547619047619047,0.04427600912816195,0.03736933049713886,0.030442585720688923,0.04439102895554505
French,preamble4,Zero-Shot,False,Zero-Shot,True,"300w pure power invertor, modified battery charger, dc / ac invertor",0.08955223880597013,0.0778455261029083,0.06686744507730978,0.05385280545655523,0.07202950386068586
French,preamble1,Zero-Shot,False,Zero-Shot,True,"300w pure power invertor, modified battery charger, dc / ac invertor",0.06711409395973156,0.05216168753995737,0.04334281903950645,0.03511992505992065,0.04943463139977901
French,karthik_1_tree_of_thoughts,Zero-Shot,True,Zero-Shot Reasoning,False,"300w pure power invertor, modified battery charger, dc / ac invertor",0.09909909909909909,0.07941225539113159,0.06795714534668475,0.05324195778151733,0.07492761440460818
French,preamble3,Zero-Shot,False,Zero-Shot,True,"300w pure power invertor, modified battery charger, dc / ac invertor",0.05670103092783505,0.051420711052378554,0.04494192167620186,0.03626921870899321,0.04733322059135217
Chinese,karthik_2_generate_knowledge,Zero-Shot,True,Zero-Shot Reasoning,False,"300w pure power invertor, modified battery charger, dc / ac invertor",0.5882352941176471,0.4696682183138622,0.392601410850376,0.33507040795147514,0.4463938328083401
Chinese,karthik_4_meta_prompt,Zero-Shot,True,Zero-Shot Reasoning,False,"300w pure power invertor, modified battery charger, dc / ac invertor",0.5,0.4364357804719847,0.3661572458236839,0.3164257177669852,0.40475468601566345
French,preamble2,Zero-Shot,False,Zero-Shot,True,"300w pure power invertor, modified battery charger, dc / ac invertor",0.0718954248366013,0.06524542853160246,0.05692860974772685,0.04608512850219541,0.060038647904531506
Chinese,preamble5,Zero-Shot,False,Zero-Shot,True,"300w pure power invertor, modified battery charger, dc / ac invertor",0.07207207207207207,0.04433510985214726,0.027195859969585953,0.011367404939554312,0.038742611708339904
Hindi,preamble6,Few-Shot,False,Few-Shot,True,the multi - channel marketing im buchhandel als,0.010638297872340427,0.0075424991504789395,0.0033129951992672733,0.0020164453993129572,0.005877559405349899
Chinese,preamble2,Zero-Shot,False,Zero-Shot,True,"300w pure power invertor, modified battery charger, dc / ac invertor",0.625,0.5400617248673217,0.4740787544325408,0.42311785416105785,0.5155645833652301
Chinese,preamble4,Zero-Shot,False,Zero-Shot,True,"300w pure power invertor, modified battery charger, dc / ac invertor",0.07207207207207207,0.04433510985214726,0.027195859969585953,0.011367404939554312,0.038742611708339904
Chinese,karthik_5_chain_of_thought,Zero-Shot,True,Zero-Shot Reasoning,False,"300w pure power invertor, modified battery charger, dc / ac invertor",0.5625,0.51234753829798,0.45787878445312125,0.4121183751323027,0.486211174470851
Chinese,karthik_3_self_consistency,Zero-Shot,True,Zero-Shot Reasoning,False,"300w pure power invertor, modified battery charger, dc / ac invertor",0.6428571428571429,0.5883484054145521,0.5278239756272995,0.4785543921093738,0.5593959790020921
Chinese,preamble6,Few-Shot,False,Few-Shot,True,"300w pure power invertor, modified battery charger, dc / ac invertor",0.09411764705882353,0.05797710356524483,0.0355184110852808,0.014907515559068248,0.05063016931710435
Chinese,preamble1,Zero-Shot,False,Zero-Shot,True,"300w pure power invertor, modified battery charger, dc / ac invertor",0.05228758169934641,0.032124628310161774,0.019744710069918056,0.008215840589841428,0.028093190167316918
Chinese,preamble3,Zero-Shot,False,Zero-Shot,True,"300w pure power invertor, modified battery charger, dc / ac invertor",0.05581395348837209,0.03229940350954451,0.022235300380878946,0.014661414897659559,0.03125251806911378
Hindi,karthik_2_generate_knowledge,Zero-Shot,True,Zero-Shot Reasoning,False,"300w pure power invertor, modified battery charger, dc / ac invertor",0.49859442696124706,0.4385957864756587,0.4049713318737933,0.366248398130988,0.42710248586042177
Chinese,karthik_1_tree_of_thoughts,Zero-Shot,True,Zero-Shot Reasoning,False,"300w pure power invertor, modified battery charger, dc / ac invertor",0.5714285714285714,0.36313651960128146,0.22569209116099667,0.09997501561329078,0.3150580494510351
Hindi,preamble6,Few-Shot,False,Few-Shot,True,"300w pure power invertor, modified battery charger, dc / ac invertor",0.7122777528017816,0.6630945011973596,0.60815129649596,0.5355360591955259,0.6297649024226568
Hindi,preamble4,Zero-Shot,False,Zero-Shot,True,the multi - channel marketing im buchhandel als,0.006230529595015577,0.0044125281851138,0.0019464480615456756,0.001177034778774364,0.0034416351551123546
Hindi,karthik_4_meta_prompt,Zero-Shot,True,Zero-Shot Reasoning,False,"300w pure power invertor, modified battery charger, dc / ac invertor",0.6410499775216034,0.5447877240951453,0.4672741611144608,0.4081851142423725,0.5153242442433955
Hindi,karthik_3_self_consistency,Zero-Shot,True,Zero-Shot Reasoning,False,"300w pure power invertor, modified battery charger, dc / ac invertor",0.09459459459459461,0.0719948988278896,0.06170913079953164,0.049663916399155114,0.06949063515529275
Hindi,karthik_5_chain_of_thought,Zero-Shot,True,Zero-Shot Reasoning,False,"300w pure power invertor, modified battery charger, dc / ac invertor",0.5536730085068172,0.4590814064410916,0.41721126910925277,0.3777331186826423,0.451924700684951
Hindi,preamble4,Zero-Shot,False,Zero-Shot,True,"300w pure power invertor, modified battery charger, dc / ac invertor",0.08849557522123894,0.068853717305982,0.05711567226827114,0.04646009479542453,0.06523126489772915
Hindi,preamble1,Zero-Shot,False,Zero-Shot,True,"300w pure power invertor, modified battery charger, dc / ac invertor",0.09302325581395347,0.0808745799025788,0.06945293922188281,0.0559648395254116,0.07482890361595668
Spanish,preamble1,Zero-Shot,False,Zero-Shot,True,"a woman is suffering and having depression and suicide, infographic style illustration",0.625,0.5,0.3806693978654565,0.25336549464486463,0.4397587231275803
Spanish,karthik_5_chain_of_thought,Zero-Shot,True,Zero-Shot Reasoning,False,"a woman is suffering and having depression and suicide, infographic style illustration",0.6428571428571429,0.5447047794019222,0.46603267623931405,0.4052587697205425,0.5147133420547304
Spanish,karthik_2_generate_knowledge,Zero-Shot,True,Zero-Shot Reasoning,False,"a woman is suffering and having depression and suicide, infographic style illustration",0.3461538461538461,0.23533936216582083,0.16950737810038755,0.06692987524817784,0.20448261541705806
Spanish,karthik_4_meta_prompt,Zero-Shot,True,Zero-Shot Reasoning,False,"a woman is suffering and having depression and suicide, infographic style illustration",0.625,0.5,0.3806693978654565,0.25336549464486463,0.4397587231275803
Hindi,preamble3,Zero-Shot,False,Zero-Shot,True,"300w pure power invertor, modified battery charger, dc / ac invertor",0.09923664122137404,0.08288684459933064,0.07022565664714835,0.05621415591463305,0.07714082459562152
Spanish,preamble6,Few-Shot,False,Few-Shot,True,"a woman is suffering and having depression and suicide, infographic style illustration",0.625,0.5,0.3806693978654565,0.25336549464486463,0.4397587231275803
Hindi,karthik_1_tree_of_thoughts,Zero-Shot,True,Zero-Shot Reasoning,False,"300w pure power invertor, modified battery charger, dc / ac invertor",0.7835055280819597,0.6954593800287637,0.6275830753671182,0.5799150677091909,0.6716157627967582
Spanish,karthik_3_self_consistency,Zero-Shot,True,Zero-Shot Reasoning,False,"a woman is suffering and having depression and suicide, infographic style illustration",0.1714285714285714,0.1318760946791574,0.08202034063959335,0.05256475068488743,0.10947243935805238
Hindi,preamble2,Zero-Shot,False,Zero-Shot,True,the multi - channel marketing im buchhandel als,0.005449591280653949,0.0038587036246632025,0.0017040984990038075,0.0010288975888339943,0.0030103227482887384
French,karthik_5_chain_of_thought,Zero-Shot,True,Zero-Shot Reasoning,False,"a woman is suffering and having depression and suicide, infographic style illustration",0.7333333333333333,0.6473388749701496,0.5814809896495694,0.5038920485259633,0.6165113116197539
Hindi,preamble2,Zero-Shot,False,Zero-Shot,True,"300w pure power invertor, modified battery charger, dc / ac invertor",0.09482758620689653,0.08122008156346197,0.06796093708408708,0.05264519051862007,0.07416344884326642
Spanish,karthik_1_tree_of_thoughts,Zero-Shot,True,Zero-Shot Reasoning,False,"a woman is suffering and having depression and suicide, infographic style illustration",0.5,0.2773500981126146,0.08836268064889338,0.04913270548144422,0.22871137106073805
Hindi,preamble5,Zero-Shot,False,Zero-Shot,True,"300w pure power invertor, modified battery charger, dc / ac invertor",0.07070707070707069,0.05990986067794089,0.05195014140432195,0.04026855002454517,0.055708905703469674
Spanish,preamble5,Zero-Shot,False,Zero-Shot,True,"a woman is suffering and having depression and suicide, infographic style illustration",0.0037453183520599247,0.0011865978333317655,0.0008696994696979669,0.0006697910272719537,0.0016178516705904027
French,preamble6,Few-Shot,False,Few-Shot,True,"a woman is suffering and having depression and suicide, infographic style illustration",0.75,0.7071067811865475,0.6876031819702735,0.6668954865619205,0.7029013624296854
French,karthik_2_generate_knowledge,Zero-Shot,True,Zero-Shot Reasoning,False,"a woman is suffering and having depression and suicide, infographic style illustration",0.55,0.2946898458772509,0.17200500595209917,0.0729881287040692,0.27242074513335485
French,preamble1,Zero-Shot,False,Zero-Shot,True,"a woman is suffering and having depression and suicide, infographic style illustration",0.15584415584415584,0.1431984985238818,0.1324856574466157,0.11993418633737256,0.13786562453800646
French,karthik_4_meta_prompt,Zero-Shot,True,Zero-Shot Reasoning,False,"a woman is suffering and having depression and suicide, infographic style illustration",0.46153846153846156,0.40761973229205445,0.35001659407764274,0.29153831589857865,0.37767827595168435
French,karthik_3_self_consistency,Zero-Shot,True,Zero-Shot Reasoning,False,"a woman is suffering and having depression and suicide, infographic style illustration",0.15294117647058825,0.12068896523929688,0.10408657884522414,0.08465714266003518,0.11559346580378613
French,preamble2,Zero-Shot,False,Zero-Shot,True,"a woman is suffering and having depression and suicide, infographic style illustration",0.19117647058823528,0.17716427895703746,0.16534032831405837,0.15149799373354145,0.17129476789821813
Spanish,preamble3,Zero-Shot,False,Zero-Shot,True,"a woman is suffering and having depression and suicide, infographic style illustration",0.0031055900621118006,0.0009836023279754336,0.0007220402514818386,0.0005548487457401921,0.0013415203468273161
Hindi,preamble5,Zero-Shot,False,Zero-Shot,True,the multi - channel marketing im buchhandel als,0.004175365344467639,0.002955515850473637,0.0013082986949494923,0.0007875630160282815,0.002306685726479762
French,karthik_1_tree_of_thoughts,Zero-Shot,True,Zero-Shot Reasoning,False,"a woman is suffering and having depression and suicide, infographic style illustration",0.5,0.33968311024337877,0.2159628241091146,0.09669265690880861,0.2880846478153255
Hindi,preamble3,Zero-Shot,False,Zero-Shot,True,the multi - channel marketing im buchhandel als,0.00425531914893617,0.0030121711700443607,0.0013331512856753405,0.0008026923802342165,0.002350833496222522
Chinese,karthik_5_chain_of_thought,Zero-Shot,True,Zero-Shot Reasoning,False,"a woman is suffering and having depression and suicide, infographic style illustration",0.5454545454545454,0.39477101697586137,0.2895329447090725,0.18728674627858763,0.3542613133545167
Chinese,karthik_2_generate_knowledge,Zero-Shot,True,Zero-Shot Reasoning,False,"a woman is suffering and having depression and suicide, infographic style illustration",0.3333333333333333,0.20412414523193154,0.11281865848514301,0.04600726880979252,0.1740708514650501
Chinese,karthik_4_meta_prompt,Zero-Shot,True,Zero-Shot Reasoning,False,"a woman is suffering and having depression and suicide, infographic style illustration",0.2033898305084746,0.14505284310891714,0.10583239729441501,0.06668493248636373,0.13024000084954263
Spanish,preamble4,Zero-Shot,False,Zero-Shot,True,"a woman is suffering and having depression and suicide, infographic style illustration",0.023809523809523808,0.012447597005512822,0.0034201594876491605,0.001645887437515936,0.010330791935050434
Chinese,karthik_3_self_consistency,Zero-Shot,True,Zero-Shot Reasoning,False,"a woman is suffering and having depression and suicide, infographic style illustration",0.1566265060240964,0.13111336345245464,0.11660825318472155,0.10274058881608314,0.12677217786933895
Chinese,karthik_1_tree_of_thoughts,Zero-Shot,True,Zero-Shot Reasoning,False,"a woman is suffering and having depression and suicide, infographic style illustration",0.5333333333333333,0.3903600291794132,0.23055036776310803,0.09941490945601678,0.31341465993296785
Spanish,preamble2,Zero-Shot,False,Zero-Shot,True,"a woman is suffering and having depression and suicide, infographic style illustration",0.014925373134328363,0.001785828181449691,0.0009447994091434971,0.000618719974375071,0.0045686801748241555
Hindi,karthik_5_chain_of_thought,Zero-Shot,True,Zero-Shot Reasoning,False,"a woman is suffering and having depression and suicide, infographic style illustration",0.5,0.3834824944236852,0.2674560110679342,0.10521495173810227,0.31403836430743043
French,preamble4,Zero-Shot,False,Zero-Shot,True,"a woman is suffering and having depression and suicide, infographic style illustration",0.032745591939546605,0.030159571881883816,0.02847368002633855,0.025469615043587728,0.029212114722839178
Chinese,preamble6,Few-Shot,False,Few-Shot,True,"a woman is suffering and having depression and suicide, infographic style illustration",0.04333333333333334,0.03185110286353031,0.024788519160354548,0.01925814137160017,0.029807774182204594
Chinese,preamble3,Zero-Shot,False,Zero-Shot,True,"a woman is suffering and having depression and suicide, infographic style illustration",0.03361344537815126,0.01943396926909841,0.013434303015703907,0.008805020085026621,0.01882168443699505
Chinese,preamble5,Zero-Shot,False,Zero-Shot,True,"a woman is suffering and having depression and suicide, infographic style illustration",0.01988071570576541,0.01089995678902362,0.008186415838536734,0.005549680159689891,0.011129192123253914
French,preamble5,Zero-Shot,False,Zero-Shot,True,"a woman is suffering and having depression and suicide, infographic style illustration",0.016460905349794244,0.01009059131525555,0.002928100628588688,0.001444641828472288,0.007731059780527692
Chinese,preamble2,Zero-Shot,False,Zero-Shot,True,"a woman is suffering and having depression and suicide, infographic style illustration",0.035812672176308534,0.02436350142769443,0.015509961732631819,0.0054976226238242255,0.020295939490114753
Chinese,preamble4,Zero-Shot,False,Zero-Shot,True,"a woman is suffering and having depression and suicide, infographic style illustration",0.02466367713004484,0.014889458492593023,0.01046655101723013,0.006890492693336348,0.014227544833301086
Chinese,preamble1,Zero-Shot,False,Zero-Shot,True,"a woman is suffering and having depression and suicide, infographic style illustration",0.030162412993039442,0.018727672906082137,0.012315961151983666,0.004421036916291609,0.016406770991849215
Hindi,karthik_2_generate_knowledge,Zero-Shot,True,Zero-Shot Reasoning,False,"a woman is suffering and having depression and suicide, infographic style illustration",0.45,0.3077935056255462,0.1770155063385643,0.0745932224853342,0.2523505586123612
French,preamble3,Zero-Shot,False,Zero-Shot,True,"a woman is suffering and having depression and suicide, infographic style illustration",0.021653543307086614,0.014613206081592858,0.007877027566687404,0.0030235160665512788,0.01179182325547954
Hindi,karthik_4_meta_prompt,Zero-Shot,True,Zero-Shot Reasoning,False,"a woman is suffering and having depression and suicide, infographic style illustration",0.4,0.2513123449750173,0.15484642967621126,0.06740258529346294,0.2183903399861729
Hindi,karthik_3_self_consistency,Zero-Shot,True,Zero-Shot Reasoning,False,"a woman is suffering and having depression and suicide, infographic style illustration",0.07096774193548387,0.04800153607373193,0.03221217988264976,0.011864551118772958,0.040761502252659634
Hindi,karthik_1_tree_of_thoughts,Zero-Shot,True,Zero-Shot Reasoning,False,"a woman is suffering and having depression and suicide, infographic style illustration",0.3333333333333333,0.2407717061715384,0.1408834935627915,0.059517164330538656,0.19362642434955046
Hindi,preamble4,Zero-Shot,False,Zero-Shot,True,"a woman is suffering and having depression and suicide, infographic style illustration",0.04048582995951417,0.025657478017207434,0.018238801969636703,0.006850551002104146,0.022808165237115614
Hindi,preamble1,Zero-Shot,False,Zero-Shot,True,"a woman is suffering and having depression and suicide, infographic style illustration",0.04074074074074075,0.027518409093681747,0.018544144788215308,0.006782778680018195,0.023396518325664
Hindi,preamble6,Few-Shot,False,Few-Shot,True,"a woman is suffering and having depression and suicide, infographic style illustration",0.03914590747330961,0.026439252296980447,0.01782276017042216,0.006515831331862234,0.02248093781814361
Hindi,preamble2,Zero-Shot,False,Zero-Shot,True,"a woman is suffering and having depression and suicide, infographic style illustration",0.034246575342465745,0.02169661963708875,0.015444267994703227,0.0057893469403727995,0.019294202478657627
Hindi,preamble3,Zero-Shot,False,Zero-Shot,True,"a woman is suffering and having depression and suicide, infographic style illustration",0.029940119760479035,0.02120262596366168,0.016629975781927674,0.010525279085916609,0.01957450014799625
Hindi,preamble5,Zero-Shot,False,Zero-Shot,True,"a woman is suffering and having depression and suicide, infographic style illustration",0.02254098360655738,0.013606672963286612,0.007615287710735729,0.0029770180741248045,0.011684990588676131
